source_split,image_path,mask_path,mask_exists,height,width,channels,defect_pixels,class,dataset_split
train,data/raw/kolektor-sdd2/train/10000.png,data/raw/kolektor-sdd2/train/10000_GT.png,True,645,229,3,0,non-defect,train
train,data/raw/kolektor-sdd2/train/10001.png,data/raw/kolektor-sdd2/train/10001_GT.png,True,633,228,3,0,non-defect,train
train,data/raw/kolektor-sdd2/train/10002.png,data/raw/kolektor-sdd2/train/10002_GT.png,True,647,230,3,0,non-defect,train
train,data/raw/kolektor-sdd2/train/10003.png,data/raw/kolektor-sdd2/train/10003_GT.png,True,634,229,3,0,non-defect,validation
train,data/raw/kolektor-sdd2/train/10004.png,data/raw/kolektor-sdd2/train/10004_GT.png,True,632,228,3,0,non-defect,train
train,data/raw/kolektor-sdd2/train/10005.png,data/raw/kolektor-sdd2/train/10005_GT.png,True,628,230,3,0,non-defect,train
train,data/raw/kolektor-sdd2/train/10006.png,data/raw/kolektor-sdd2/train/10006_GT.png,True,642,233,3,0,non-defect,train
train,data/raw/kolektor-sdd2/train/10007.png,data/raw/kolektor-sdd2/train/10007_GT.png,True,640,229,3,0,non-defect,train
train,data/raw/kolektor-sdd2/train/10008.png,data/raw/kolektor-sdd2/train/10008_GT.png,True,634,228,3,0,non-defect,train
train,data/raw/kolektor-sdd2/train/10009.png,data/raw/kolektor-sdd2/train/10009_GT.png,True,643,231,3,0,non-defect,train
train,data/raw/kolektor-sdd2/train/10010.png,data/raw/kolektor-sdd2/train/10010_GT.png,True,635,229,3,0,non-defect,train
train,data/raw/kolektor-sdd2/train/10011.png,data/raw/kolektor-sdd2/train/10011_GT.png,True,638,230,3,0,non-defect,train
train,data/raw/kolektor-sdd2/train/10012.png,data/raw/kolektor-sdd2/train/10012_GT.png,True,639,230,3,0,non-defect,train
train,data/raw/kolektor-sdd2/train/10013.png,data/raw/kolektor-sdd2/train/10013_GT.png,True,642,229,3,0,non-defect,validation
train,data/raw/kolektor-sdd2/train/10014.png,data/raw/kolektor-sdd2/train/10014_GT.png,True,646,229,3,0,non-defect,train
train,data/raw/kolektor-sdd2/train/10015.png,data/raw/kolektor-sdd2/train/10015_GT.png,True,636,230,3,0,non-defect,train
train,data/raw/kolektor-sdd2/train/10016.png,data/raw/kolektor-sdd2/train/10016_GT.png,True,634,229,3,0,non-defect,validation
train,data/raw/kolektor-sdd2/train/10017.png,data/raw/kolektor-sdd2/train/10017_GT.png,True,645,231,3,0,non-defect,train
train,data/raw/kolektor-sdd2/train/10018.png,data/raw/kolektor-sdd2/train/10018_GT.png,True,643,230,3,0,non-defect,train
train,data/raw/kolektor-sdd2/train/10019.png,data/raw/kolektor-sdd2/train/10019_GT.png,True,626,233,3,0,non-defect,validation
train,data/raw/kolektor-sdd2/train/10020.png,data/raw/kolektor-sdd2/train/10020_GT.png,True,642,229,3,0,non-defect,train
train,data/raw/kolektor-sdd2/train/10021.png,data/raw/kolektor-sdd2/train/10021_GT.png,True,649,228,3,3346,defect,train
train,data/raw/kolektor-sdd2/train/10022.png,data/raw/kolektor-sdd2/train/10022_GT.png,True,637,230,3,0,non-defect,train
train,data/raw/kolektor-sdd2/train/10023.png,data/raw/kolektor-sdd2/train/10023_GT.png,True,652,230,3,0,non-defect,train
train,data/raw/kolektor-sdd2/train/10024.png,data/raw/kolektor-sdd2/train/10024_GT.png,True,628,230,3,0,non-defect,train
train,data/raw/kolektor-sdd2/train/10025.png,data/raw/kolektor-sdd2/train/10025_GT.png,True,636,228,3,0,non-defect,train
train,data/raw/kolektor-sdd2/train/10026.png,data/raw/kolektor-sdd2/train/10026_GT.png,True,643,229,3,0,non-defect,train
train,data/raw/kolektor-sdd2/train/10027.png,data/raw/kolektor-sdd2/train/10027_GT.png,True,637,229,3,0,non-defect,train
train,data/raw/kolektor-sdd2/train/10028.png,data/raw/kolektor-sdd2/train/10028_GT.png,True,643,229,3,989,defect,train
train,data/raw/kolektor-sdd2/train/10029.png,data/raw/kolektor-sdd2/train/10029_GT.png,True,629,229,3,0,non-defect,train
train,data/raw/kolektor-sdd2/train/10030.png,data/raw/kolektor-sdd2/train/10030_GT.png,True,637,232,3,0,non-defect,train
train,data/raw/kolektor-sdd2/train/10031.png,data/raw/kolektor-sdd2/train/10031_GT.png,True,647,230,3,0,non-defect,train
train,data/raw/kolektor-sdd2/train/10032.png,data/raw/kolektor-sdd2/train/10032_GT.png,True,646,228,3,0,non-defect,train
train,data/raw/kolektor-sdd2/train/10033.png,data/raw/kolektor-sdd2/train/10033_GT.png,True,633,230,3,0,non-defect,train
train,data/raw/kolektor-sdd2/train/10034.png,data/raw/kolektor-sdd2/train/10034_GT.png,True,626,229,3,0,non-defect,validation
train,data/raw/kolektor-sdd2/train/10035.png,data/raw/kolektor-sdd2/train/10035_GT.png,True,635,229,3,0,non-defect,train
train,data/raw/kolektor-sdd2/train/10036.png,data/raw/kolektor-sdd2/train/10036_GT.png,True,642,231,3,0,non-defect,train
train,data/raw/kolektor-sdd2/train/10037.png,data/raw/kolektor-sdd2/train/10037_GT.png,True,637,228,3,0,non-defect,train
train,data/raw/kolektor-sdd2/train/10038.png,data/raw/kolektor-sdd2/train/10038_GT.png,True,639,228,3,0,non-defect,train
train,data/raw/kolektor-sdd2/train/10039.png,data/raw/kolektor-sdd2/train/10039_GT.png,True,638,231,3,0,non-defect,validation
train,data/raw/kolektor-sdd2/train/10040.png,data/raw/kolektor-sdd2/train/10040_GT.png,True,643,230,3,0,non-defect,train
train,data/raw/kolektor-sdd2/train/10041.png,data/raw/kolektor-sdd2/train/10041_GT.png,True,646,228,3,0,non-defect,train
train,data/raw/kolektor-sdd2/train/10042.png,data/raw/kolektor-sdd2/train/10042_GT.png,True,632,229,3,0,non-defect,train
train,data/raw/kolektor-sdd2/train/10043.png,data/raw/kolektor-sdd2/train/10043_GT.png,True,647,231,3,0,non-defect,train
train,data/raw/kolektor-sdd2/train/10044.png,data/raw/kolektor-sdd2/train/10044_GT.png,True,626,231,3,0,non-defect,train
train,data/raw/kolektor-sdd2/train/10045.png,data/raw/kolektor-sdd2/train/10045_GT.png,True,638,211,3,23,defect,train
train,data/raw/kolektor-sdd2/train/10046.png,data/raw/kolektor-sdd2/train/10046_GT.png,True,635,205,3,0,non-defect,train
train,data/raw/kolektor-sdd2/train/10047.png,data/raw/kolektor-sdd2/train/10047_GT.png,True,637,231,3,19713,defect,train
train,data/raw/kolektor-sdd2/train/10048.png,data/raw/kolektor-sdd2/train/10048_GT.png,True,630,214,3,0,non-defect,train
train,data/raw/kolektor-sdd2/train/10049.png,data/raw/kolektor-sdd2/train/10049_GT.png,True,635,229,3,0,non-defect,train
train,data/raw/kolektor-sdd2/train/10050.png,data/raw/kolektor-sdd2/train/10050_GT.png,True,647,230,3,0,non-defect,validation
train,data/raw/kolektor-sdd2/train/10051.png,data/raw/kolektor-sdd2/train/10051_GT.png,True,629,228,3,0,non-defect,train
train,data/raw/kolektor-sdd2/train/10052.png,data/raw/kolektor-sdd2/train/10052_GT.png,True,629,231,3,0,non-defect,train
train,data/raw/kolektor-sdd2/train/10053.png,data/raw/kolektor-sdd2/train/10053_GT.png,True,642,230,3,0,non-defect,train
train,data/raw/kolektor-sdd2/train/10054.png,data/raw/kolektor-sdd2/train/10054_GT.png,True,638,230,3,0,non-defect,train
train,data/raw/kolektor-sdd2/train/10055.png,data/raw/kolektor-sdd2/train/10055_GT.png,True,640,229,3,0,non-defect,train
train,data/raw/kolektor-sdd2/train/10056.png,data/raw/kolektor-sdd2/train/10056_GT.png,True,609,230,3,0,non-defect,validation
train,data/raw/kolektor-sdd2/train/10057.png,data/raw/kolektor-sdd2/train/10057_GT.png,True,640,230,3,1713,defect,train
train,data/raw/kolektor-sdd2/train/10058.png,data/raw/kolektor-sdd2/train/10058_GT.png,True,657,229,3,0,non-defect,train
train,data/raw/kolektor-sdd2/train/10059.png,data/raw/kolektor-sdd2/train/10059_GT.png,True,643,229,3,0,non-defect,validation
train,data/raw/kolektor-sdd2/train/10060.png,data/raw/kolektor-sdd2/train/10060_GT.png,True,637,228,3,1349,defect,train
train,data/raw/kolektor-sdd2/train/10061.png,data/raw/kolektor-sdd2/train/10061_GT.png,True,637,230,3,0,non-defect,train
train,data/raw/kolektor-sdd2/train/10062.png,data/raw/kolektor-sdd2/train/10062_GT.png,True,639,229,3,0,non-defect,train
train,data/raw/kolektor-sdd2/train/10063.png,data/raw/kolektor-sdd2/train/10063_GT.png,True,638,230,3,0,non-defect,train
train,data/raw/kolektor-sdd2/train/10064.png,data/raw/kolektor-sdd2/train/10064_GT.png,True,632,230,3,0,non-defect,validation
train,data/raw/kolektor-sdd2/train/10065.png,data/raw/kolektor-sdd2/train/10065_GT.png,True,641,229,3,2527,defect,validation
train,data/raw/kolektor-sdd2/train/10066.png,data/raw/kolektor-sdd2/train/10066_GT.png,True,641,231,3,0,non-defect,validation
train,data/raw/kolektor-sdd2/train/10067.png,data/raw/kolektor-sdd2/train/10067_GT.png,True,642,227,3,0,non-defect,train
train,data/raw/kolektor-sdd2/train/10068.png,data/raw/kolektor-sdd2/train/10068_GT.png,True,636,227,3,0,non-defect,train
train,data/raw/kolektor-sdd2/train/10069.png,data/raw/kolektor-sdd2/train/10069_GT.png,True,635,230,3,0,non-defect,train
train,data/raw/kolektor-sdd2/train/10070.png,data/raw/kolektor-sdd2/train/10070_GT.png,True,636,232,3,0,non-defect,train
train,data/raw/kolektor-sdd2/train/10071.png,data/raw/kolektor-sdd2/train/10071_GT.png,True,625,229,3,0,non-defect,train
train,data/raw/kolektor-sdd2/train/10072.png,data/raw/kolektor-sdd2/train/10072_GT.png,True,645,228,3,0,non-defect,train
train,data/raw/kolektor-sdd2/train/10073.png,data/raw/kolektor-sdd2/train/10073_GT.png,True,629,228,3,0,non-defect,train
train,data/raw/kolektor-sdd2/train/10074.png,data/raw/kolektor-sdd2/train/10074_GT.png,True,642,229,3,0,non-defect,train
train,data/raw/kolektor-sdd2/train/10075.png,data/raw/kolektor-sdd2/train/10075_GT.png,True,630,231,3,0,non-defect,train
train,data/raw/kolektor-sdd2/train/10076.png,data/raw/kolektor-sdd2/train/10076_GT.png,True,632,229,3,0,non-defect,train
train,data/raw/kolektor-sdd2/train/10077.png,data/raw/kolektor-sdd2/train/10077_GT.png,True,638,230,3,0,non-defect,train
train,data/raw/kolektor-sdd2/train/10078.png,data/raw/kolektor-sdd2/train/10078_GT.png,True,632,230,3,0,non-defect,train
train,data/raw/kolektor-sdd2/train/10079.png,data/raw/kolektor-sdd2/train/10079_GT.png,True,638,229,3,0,non-defect,train
train,data/raw/kolektor-sdd2/train/10080.png,data/raw/kolektor-sdd2/train/10080_GT.png,True,637,230,3,0,non-defect,validation
train,data/raw/kolektor-sdd2/train/10081.png,data/raw/kolektor-sdd2/train/10081_GT.png,True,645,228,3,0,non-defect,train
train,data/raw/kolektor-sdd2/train/10082.png,data/raw/kolektor-sdd2/train/10082_GT.png,True,630,231,3,0,non-defect,train
train,data/raw/kolektor-sdd2/train/10083.png,data/raw/kolektor-sdd2/train/10083_GT.png,True,640,228,3,0,non-defect,train
train,data/raw/kolektor-sdd2/train/10084.png,data/raw/kolektor-sdd2/train/10084_GT.png,True,619,231,3,644,defect,train
train,data/raw/kolektor-sdd2/train/10085.png,data/raw/kolektor-sdd2/train/10085_GT.png,True,638,230,3,0,non-defect,train
train,data/raw/kolektor-sdd2/train/10086.png,data/raw/kolektor-sdd2/train/10086_GT.png,True,637,230,3,0,non-defect,train
train,data/raw/kolektor-sdd2/train/10087.png,data/raw/kolektor-sdd2/train/10087_GT.png,True,639,230,3,0,non-defect,train
train,data/raw/kolektor-sdd2/train/10088.png,data/raw/kolektor-sdd2/train/10088_GT.png,True,634,232,3,0,non-defect,train
train,data/raw/kolektor-sdd2/train/10089.png,data/raw/kolektor-sdd2/train/10089_GT.png,True,636,230,3,0,non-defect,validation
train,data/raw/kolektor-sdd2/train/10090.png,data/raw/kolektor-sdd2/train/10090_GT.png,True,637,230,3,488,defect,train
train,data/raw/kolektor-sdd2/train/10091.png,data/raw/kolektor-sdd2/train/10091_GT.png,True,639,229,3,0,non-defect,train
train,data/raw/kolektor-sdd2/train/10092.png,data/raw/kolektor-sdd2/train/10092_GT.png,True,637,230,3,0,non-defect,train
train,data/raw/kolektor-sdd2/train/10093.png,data/raw/kolektor-sdd2/train/10093_GT.png,True,634,230,3,0,non-defect,validation
train,data/raw/kolektor-sdd2/train/10094.png,data/raw/kolektor-sdd2/train/10094_GT.png,True,635,228,3,0,non-defect,train
train,data/raw/kolektor-sdd2/train/10095.png,data/raw/kolektor-sdd2/train/10095_GT.png,True,642,229,3,0,non-defect,train
train,data/raw/kolektor-sdd2/train/10096.png,data/raw/kolektor-sdd2/train/10096_GT.png,True,633,229,3,0,non-defect,train
train,data/raw/kolektor-sdd2/train/10097.png,data/raw/kolektor-sdd2/train/10097_GT.png,True,643,228,3,0,non-defect,train
train,data/raw/kolektor-sdd2/train/10098.png,data/raw/kolektor-sdd2/train/10098_GT.png,True,641,229,3,0,non-defect,validation
train,data/raw/kolektor-sdd2/train/10099.png,data/raw/kolektor-sdd2/train/10099_GT.png,True,651,229,3,0,non-defect,train
train,data/raw/kolektor-sdd2/train/10100.png,data/raw/kolektor-sdd2/train/10100_GT.png,True,634,230,3,0,non-defect,train
train,data/raw/kolektor-sdd2/train/10101.png,data/raw/kolektor-sdd2/train/10101_GT.png,True,640,230,3,0,non-defect,train
train,data/raw/kolektor-sdd2/train/10102.png,data/raw/kolektor-sdd2/train/10102_GT.png,True,637,231,3,0,non-defect,train
train,data/raw/kolektor-sdd2/train/10103.png,data/raw/kolektor-sdd2/train/10103_GT.png,True,625,229,3,0,non-defect,train
train,data/raw/kolektor-sdd2/train/10104.png,data/raw/kolektor-sdd2/train/10104_GT.png,True,630,229,3,0,non-defect,train
train,data/raw/kolektor-sdd2/train/10105.png,data/raw/kolektor-sdd2/train/10105_GT.png,True,651,231,3,0,non-defect,train
train,data/raw/kolektor-sdd2/train/10106.png,data/raw/kolektor-sdd2/train/10106_GT.png,True,640,231,3,0,non-defect,train
train,data/raw/kolektor-sdd2/train/10107.png,data/raw/kolektor-sdd2/train/10107_GT.png,True,636,231,3,0,non-defect,train
train,data/raw/kolektor-sdd2/train/10108.png,data/raw/kolektor-sdd2/train/10108_GT.png,True,644,230,3,0,non-defect,validation
train,data/raw/kolektor-sdd2/train/10109.png,data/raw/kolektor-sdd2/train/10109_GT.png,True,641,231,3,0,non-defect,train
train,data/raw/kolektor-sdd2/train/10110.png,data/raw/kolektor-sdd2/train/10110_GT.png,True,635,230,3,0,non-defect,train
train,data/raw/kolektor-sdd2/train/10111.png,data/raw/kolektor-sdd2/train/10111_GT.png,True,649,214,3,0,non-defect,train
train,data/raw/kolektor-sdd2/train/10112.png,data/raw/kolektor-sdd2/train/10112_GT.png,True,642,230,3,0,non-defect,train
train,data/raw/kolektor-sdd2/train/10113.png,data/raw/kolektor-sdd2/train/10113_GT.png,True,641,230,3,0,non-defect,train
train,data/raw/kolektor-sdd2/train/10114.png,data/raw/kolektor-sdd2/train/10114_GT.png,True,632,227,3,0,non-defect,validation
train,data/raw/kolektor-sdd2/train/10115.png,data/raw/kolektor-sdd2/train/10115_GT.png,True,640,233,3,0,non-defect,train
train,data/raw/kolektor-sdd2/train/10116.png,data/raw/kolektor-sdd2/train/10116_GT.png,True,633,229,3,0,non-defect,train
train,data/raw/kolektor-sdd2/train/10117.png,data/raw/kolektor-sdd2/train/10117_GT.png,True,642,227,3,0,non-defect,validation
train,data/raw/kolektor-sdd2/train/10118.png,data/raw/kolektor-sdd2/train/10118_GT.png,True,638,230,3,0,non-defect,train
train,data/raw/kolektor-sdd2/train/10119.png,data/raw/kolektor-sdd2/train/10119_GT.png,True,639,227,3,0,non-defect,train
train,data/raw/kolektor-sdd2/train/10120.png,data/raw/kolektor-sdd2/train/10120_GT.png,True,634,229,3,0,non-defect,train
train,data/raw/kolektor-sdd2/train/10121.png,data/raw/kolektor-sdd2/train/10121_GT.png,True,627,228,3,0,non-defect,train
train,data/raw/kolektor-sdd2/train/10122.png,data/raw/kolektor-sdd2/train/10122_GT.png,True,639,231,3,0,non-defect,train
train,data/raw/kolektor-sdd2/train/10123.png,data/raw/kolektor-sdd2/train/10123_GT.png,True,636,229,3,0,non-defect,train
train,data/raw/kolektor-sdd2/train/10124.png,data/raw/kolektor-sdd2/train/10124_GT.png,True,633,228,3,0,non-defect,train
train,data/raw/kolektor-sdd2/train/10125.png,data/raw/kolektor-sdd2/train/10125_GT.png,True,641,228,3,0,non-defect,train
train,data/raw/kolektor-sdd2/train/10126.png,data/raw/kolektor-sdd2/train/10126_GT.png,True,634,228,3,0,non-defect,train
train,data/raw/kolektor-sdd2/train/10127.png,data/raw/kolektor-sdd2/train/10127_GT.png,True,637,227,3,0,non-defect,validation
train,data/raw/kolektor-sdd2/train/10128.png,data/raw/kolektor-sdd2/train/10128_GT.png,True,651,228,3,0,non-defect,train
train,data/raw/kolektor-sdd2/train/10129.png,data/raw/kolektor-sdd2/train/10129_GT.png,True,633,232,3,0,non-defect,train
train,data/raw/kolektor-sdd2/train/10130.png,data/raw/kolektor-sdd2/train/10130_GT.png,True,635,229,3,0,non-defect,train
train,data/raw/kolektor-sdd2/train/10131.png,data/raw/kolektor-sdd2/train/10131_GT.png,True,636,229,3,0,non-defect,train
train,data/raw/kolektor-sdd2/train/10132.png,data/raw/kolektor-sdd2/train/10132_GT.png,True,638,228,3,0,non-defect,train
train,data/raw/kolektor-sdd2/train/10133.png,data/raw/kolektor-sdd2/train/10133_GT.png,True,644,229,3,0,non-defect,validation
train,data/raw/kolektor-sdd2/train/10134.png,data/raw/kolektor-sdd2/train/10134_GT.png,True,637,228,3,0,non-defect,train
train,data/raw/kolektor-sdd2/train/10135.png,data/raw/kolektor-sdd2/train/10135_GT.png,True,646,230,3,3376,defect,train
train,data/raw/kolektor-sdd2/train/10136.png,data/raw/kolektor-sdd2/train/10136_GT.png,True,620,229,3,0,non-defect,train
train,data/raw/kolektor-sdd2/train/10137.png,data/raw/kolektor-sdd2/train/10137_GT.png,True,646,227,3,0,non-defect,train
train,data/raw/kolektor-sdd2/train/10138.png,data/raw/kolektor-sdd2/train/10138_GT.png,True,636,230,3,0,non-defect,train
train,data/raw/kolektor-sdd2/train/10139.png,data/raw/kolektor-sdd2/train/10139_GT.png,True,646,231,3,0,non-defect,train
train,data/raw/kolektor-sdd2/train/10140.png,data/raw/kolektor-sdd2/train/10140_GT.png,True,624,229,3,0,non-defect,train
train,data/raw/kolektor-sdd2/train/10141.png,data/raw/kolektor-sdd2/train/10141_GT.png,True,635,228,3,0,non-defect,train
train,data/raw/kolektor-sdd2/train/10142.png,data/raw/kolektor-sdd2/train/10142_GT.png,True,636,228,3,0,non-defect,train
train,data/raw/kolektor-sdd2/train/10143.png,data/raw/kolektor-sdd2/train/10143_GT.png,True,644,230,3,0,non-defect,train
train,data/raw/kolektor-sdd2/train/10144.png,data/raw/kolektor-sdd2/train/10144_GT.png,True,640,231,3,0,non-defect,train
train,data/raw/kolektor-sdd2/train/10145.png,data/raw/kolektor-sdd2/train/10145_GT.png,True,636,230,3,1045,defect,train
train,data/raw/kolektor-sdd2/train/10146.png,data/raw/kolektor-sdd2/train/10146_GT.png,True,633,230,3,0,non-defect,train
train,data/raw/kolektor-sdd2/train/10147.png,data/raw/kolektor-sdd2/train/10147_GT.png,True,627,228,3,0,non-defect,train
train,data/raw/kolektor-sdd2/train/10148.png,data/raw/kolektor-sdd2/train/10148_GT.png,True,635,205,3,0,non-defect,validation
train,data/raw/kolektor-sdd2/train/10149.png,data/raw/kolektor-sdd2/train/10149_GT.png,True,649,228,3,0,non-defect,train
train,data/raw/kolektor-sdd2/train/10150.png,data/raw/kolektor-sdd2/train/10150_GT.png,True,633,229,3,0,non-defect,validation
train,data/raw/kolektor-sdd2/train/10151.png,data/raw/kolektor-sdd2/train/10151_GT.png,True,642,228,3,0,non-defect,train
train,data/raw/kolektor-sdd2/train/10152.png,data/raw/kolektor-sdd2/train/10152_GT.png,True,634,231,3,0,non-defect,train
train,data/raw/kolektor-sdd2/train/10153.png,data/raw/kolektor-sdd2/train/10153_GT.png,True,630,230,3,0,non-defect,train
train,data/raw/kolektor-sdd2/train/10154.png,data/raw/kolektor-sdd2/train/10154_GT.png,True,621,231,3,0,non-defect,train
train,data/raw/kolektor-sdd2/train/10155.png,data/raw/kolektor-sdd2/train/10155_GT.png,True,643,230,3,0,non-defect,train
train,data/raw/kolektor-sdd2/train/10156.png,data/raw/kolektor-sdd2/train/10156_GT.png,True,633,216,3,0,non-defect,validation
train,data/raw/kolektor-sdd2/train/10157.png,data/raw/kolektor-sdd2/train/10157_GT.png,True,649,231,3,7073,defect,train
train,data/raw/kolektor-sdd2/train/10158.png,data/raw/kolektor-sdd2/train/10158_GT.png,True,633,228,3,0,non-defect,train
train,data/raw/kolektor-sdd2/train/10159.png,data/raw/kolektor-sdd2/train/10159_GT.png,True,646,229,3,5895,defect,train
train,data/raw/kolektor-sdd2/train/10160.png,data/raw/kolektor-sdd2/train/10160_GT.png,True,638,230,3,0,non-defect,train
train,data/raw/kolektor-sdd2/train/10161.png,data/raw/kolektor-sdd2/train/10161_GT.png,True,634,230,3,0,non-defect,train
train,data/raw/kolektor-sdd2/train/10162.png,data/raw/kolektor-sdd2/train/10162_GT.png,True,639,228,3,0,non-defect,train
train,data/raw/kolektor-sdd2/train/10163.png,data/raw/kolektor-sdd2/train/10163_GT.png,True,643,229,3,0,non-defect,train
train,data/raw/kolektor-sdd2/train/10164.png,data/raw/kolektor-sdd2/train/10164_GT.png,True,645,231,3,0,non-defect,train
train,data/raw/kolektor-sdd2/train/10165.png,data/raw/kolektor-sdd2/train/10165_GT.png,True,639,231,3,0,non-defect,train
train,data/raw/kolektor-sdd2/train/10166.png,data/raw/kolektor-sdd2/train/10166_GT.png,True,636,231,3,0,non-defect,train
train,data/raw/kolektor-sdd2/train/10167.png,data/raw/kolektor-sdd2/train/10167_GT.png,True,655,229,3,0,non-defect,train
train,data/raw/kolektor-sdd2/train/10168.png,data/raw/kolektor-sdd2/train/10168_GT.png,True,632,228,3,0,non-defect,validation
train,data/raw/kolektor-sdd2/train/10169.png,data/raw/kolektor-sdd2/train/10169_GT.png,True,639,230,3,0,non-defect,train
train,data/raw/kolektor-sdd2/train/10170.png,data/raw/kolektor-sdd2/train/10170_GT.png,True,631,229,3,0,non-defect,train
train,data/raw/kolektor-sdd2/train/10171.png,data/raw/kolektor-sdd2/train/10171_GT.png,True,641,226,3,0,non-defect,train
train,data/raw/kolektor-sdd2/train/10172.png,data/raw/kolektor-sdd2/train/10172_GT.png,True,648,229,3,0,non-defect,train
train,data/raw/kolektor-sdd2/train/10173.png,data/raw/kolektor-sdd2/train/10173_GT.png,True,633,233,3,0,non-defect,validation
train,data/raw/kolektor-sdd2/train/10174.png,data/raw/kolektor-sdd2/train/10174_GT.png,True,647,228,3,0,non-defect,validation
train,data/raw/kolektor-sdd2/train/10175.png,data/raw/kolektor-sdd2/train/10175_GT.png,True,639,229,3,0,non-defect,validation
train,data/raw/kolektor-sdd2/train/10176.png,data/raw/kolektor-sdd2/train/10176_GT.png,True,638,229,3,0,non-defect,train
train,data/raw/kolektor-sdd2/train/10177.png,data/raw/kolektor-sdd2/train/10177_GT.png,True,636,230,3,0,non-defect,train
train,data/raw/kolektor-sdd2/train/10178.png,data/raw/kolektor-sdd2/train/10178_GT.png,True,632,229,3,0,non-defect,train
train,data/raw/kolektor-sdd2/train/10179.png,data/raw/kolektor-sdd2/train/10179_GT.png,True,635,230,3,0,non-defect,train
train,data/raw/kolektor-sdd2/train/10180.png,data/raw/kolektor-sdd2/train/10180_GT.png,True,638,231,3,0,non-defect,validation
train,data/raw/kolektor-sdd2/train/10181.png,data/raw/kolektor-sdd2/train/10181_GT.png,True,634,233,3,0,non-defect,train
train,data/raw/kolektor-sdd2/train/10182.png,data/raw/kolektor-sdd2/train/10182_GT.png,True,640,230,3,0,non-defect,train
train,data/raw/kolektor-sdd2/train/10183.png,data/raw/kolektor-sdd2/train/10183_GT.png,True,643,229,3,0,non-defect,train
train,data/raw/kolektor-sdd2/train/10184.png,data/raw/kolektor-sdd2/train/10184_GT.png,True,631,232,3,0,non-defect,train
train,data/raw/kolektor-sdd2/train/10185.png,data/raw/kolektor-sdd2/train/10185_GT.png,True,644,229,3,0,non-defect,train
train,data/raw/kolektor-sdd2/train/10186.png,data/raw/kolektor-sdd2/train/10186_GT.png,True,644,233,3,0,non-defect,train
train,data/raw/kolektor-sdd2/train/10187.png,data/raw/kolektor-sdd2/train/10187_GT.png,True,628,229,3,0,non-defect,train
train,data/raw/kolektor-sdd2/train/10188.png,data/raw/kolektor-sdd2/train/10188_GT.png,True,640,232,3,0,non-defect,train
train,data/raw/kolektor-sdd2/train/10189.png,data/raw/kolektor-sdd2/train/10189_GT.png,True,642,231,3,0,non-defect,train
train,data/raw/kolektor-sdd2/train/10190.png,data/raw/kolektor-sdd2/train/10190_GT.png,True,635,231,3,0,non-defect,train
train,data/raw/kolektor-sdd2/train/10191.png,data/raw/kolektor-sdd2/train/10191_GT.png,True,645,229,3,0,non-defect,validation
train,data/raw/kolektor-sdd2/train/10192.png,data/raw/kolektor-sdd2/train/10192_GT.png,True,636,228,3,0,non-defect,train
train,data/raw/kolektor-sdd2/train/10193.png,data/raw/kolektor-sdd2/train/10193_GT.png,True,648,230,3,0,non-defect,train
train,data/raw/kolektor-sdd2/train/10194.png,data/raw/kolektor-sdd2/train/10194_GT.png,True,636,229,3,0,non-defect,train
train,data/raw/kolektor-sdd2/train/10195.png,data/raw/kolektor-sdd2/train/10195_GT.png,True,627,229,3,0,non-defect,train
train,data/raw/kolektor-sdd2/train/10196.png,data/raw/kolektor-sdd2/train/10196_GT.png,True,637,231,3,0,non-defect,validation
train,data/raw/kolektor-sdd2/train/10197.png,data/raw/kolektor-sdd2/train/10197_GT.png,True,635,228,3,0,non-defect,train
train,data/raw/kolektor-sdd2/train/10198.png,data/raw/kolektor-sdd2/train/10198_GT.png,True,637,231,3,0,non-defect,train
train,data/raw/kolektor-sdd2/train/10199.png,data/raw/kolektor-sdd2/train/10199_GT.png,True,628,230,3,0,non-defect,train
train,data/raw/kolektor-sdd2/train/10200.png,data/raw/kolektor-sdd2/train/10200_GT.png,True,634,229,3,0,non-defect,train
train,data/raw/kolektor-sdd2/train/10201.png,data/raw/kolektor-sdd2/train/10201_GT.png,True,639,229,3,9025,defect,train
train,data/raw/kolektor-sdd2/train/10202.png,data/raw/kolektor-sdd2/train/10202_GT.png,True,625,229,3,0,non-defect,validation
train,data/raw/kolektor-sdd2/train/10203.png,data/raw/kolektor-sdd2/train/10203_GT.png,True,633,229,3,0,non-defect,validation
train,data/raw/kolektor-sdd2/train/10204.png,data/raw/kolektor-sdd2/train/10204_GT.png,True,638,229,3,0,non-defect,validation
train,data/raw/kolektor-sdd2/train/10205.png,data/raw/kolektor-sdd2/train/10205_GT.png,True,642,231,3,0,non-defect,validation
train,data/raw/kolektor-sdd2/train/10206.png,data/raw/kolektor-sdd2/train/10206_GT.png,True,641,231,3,7758,defect,validation
train,data/raw/kolektor-sdd2/train/10207.png,data/raw/kolektor-sdd2/train/10207_GT.png,True,633,231,3,0,non-defect,train
train,data/raw/kolektor-sdd2/train/10208.png,data/raw/kolektor-sdd2/train/10208_GT.png,True,627,228,3,4451,defect,validation
train,data/raw/kolektor-sdd2/train/10209.png,data/raw/kolektor-sdd2/train/10209_GT.png,True,647,231,3,0,non-defect,train
train,data/raw/kolektor-sdd2/train/10210.png,data/raw/kolektor-sdd2/train/10210_GT.png,True,640,231,3,0,non-defect,train
train,data/raw/kolektor-sdd2/train/10211.png,data/raw/kolektor-sdd2/train/10211_GT.png,True,632,229,3,0,non-defect,train
train,data/raw/kolektor-sdd2/train/10212.png,data/raw/kolektor-sdd2/train/10212_GT.png,True,633,227,3,0,non-defect,train
train,data/raw/kolektor-sdd2/train/10213.png,data/raw/kolektor-sdd2/train/10213_GT.png,True,641,231,3,0,non-defect,train
train,data/raw/kolektor-sdd2/train/10214.png,data/raw/kolektor-sdd2/train/10214_GT.png,True,632,229,3,0,non-defect,train
train,data/raw/kolektor-sdd2/train/10215.png,data/raw/kolektor-sdd2/train/10215_GT.png,True,636,229,3,0,non-defect,train
train,data/raw/kolektor-sdd2/train/10216.png,data/raw/kolektor-sdd2/train/10216_GT.png,True,639,229,3,0,non-defect,validation
train,data/raw/kolektor-sdd2/train/10217.png,data/raw/kolektor-sdd2/train/10217_GT.png,True,645,229,3,0,non-defect,train
train,data/raw/kolektor-sdd2/train/10218.png,data/raw/kolektor-sdd2/train/10218_GT.png,True,626,227,3,0,non-defect,train
train,data/raw/kolektor-sdd2/train/10219.png,data/raw/kolektor-sdd2/train/10219_GT.png,True,639,228,3,0,non-defect,train
train,data/raw/kolektor-sdd2/train/10220.png,data/raw/kolektor-sdd2/train/10220_GT.png,True,646,229,3,0,non-defect,train
train,data/raw/kolektor-sdd2/train/10221.png,data/raw/kolektor-sdd2/train/10221_GT.png,True,634,229,3,0,non-defect,validation
train,data/raw/kolektor-sdd2/train/10222.png,data/raw/kolektor-sdd2/train/10222_GT.png,True,646,230,3,0,non-defect,train
train,data/raw/kolektor-sdd2/train/10223.png,data/raw/kolektor-sdd2/train/10223_GT.png,True,648,231,3,1475,defect,validation
train,data/raw/kolektor-sdd2/train/10224.png,data/raw/kolektor-sdd2/train/10224_GT.png,True,639,229,3,0,non-defect,train
train,data/raw/kolektor-sdd2/train/10225.png,data/raw/kolektor-sdd2/train/10225_GT.png,True,637,229,3,0,non-defect,train
train,data/raw/kolektor-sdd2/train/10226.png,data/raw/kolektor-sdd2/train/10226_GT.png,True,646,230,3,0,non-defect,train
train,data/raw/kolektor-sdd2/train/10227.png,data/raw/kolektor-sdd2/train/10227_GT.png,True,634,227,3,0,non-defect,validation
train,data/raw/kolektor-sdd2/train/10228.png,data/raw/kolektor-sdd2/train/10228_GT.png,True,638,230,3,0,non-defect,validation
train,data/raw/kolektor-sdd2/train/10229.png,data/raw/kolektor-sdd2/train/10229_GT.png,True,637,229,3,0,non-defect,train
train,data/raw/kolektor-sdd2/train/10230.png,data/raw/kolektor-sdd2/train/10230_GT.png,True,640,229,3,0,non-defect,train
train,data/raw/kolektor-sdd2/train/10231.png,data/raw/kolektor-sdd2/train/10231_GT.png,True,637,231,3,0,non-defect,train
train,data/raw/kolektor-sdd2/train/10232.png,data/raw/kolektor-sdd2/train/10232_GT.png,True,625,235,3,0,non-defect,validation
train,data/raw/kolektor-sdd2/train/10233.png,data/raw/kolektor-sdd2/train/10233_GT.png,True,633,230,3,0,non-defect,train
train,data/raw/kolektor-sdd2/train/10234.png,data/raw/kolektor-sdd2/train/10234_GT.png,True,641,230,3,0,non-defect,train
train,data/raw/kolektor-sdd2/train/10235.png,data/raw/kolektor-sdd2/train/10235_GT.png,True,633,229,3,29837,defect,train
train,data/raw/kolektor-sdd2/train/10236.png,data/raw/kolektor-sdd2/train/10236_GT.png,True,636,228,3,0,non-defect,train
train,data/raw/kolektor-sdd2/train/10237.png,data/raw/kolektor-sdd2/train/10237_GT.png,True,633,231,3,0,non-defect,train
train,data/raw/kolektor-sdd2/train/10238.png,data/raw/kolektor-sdd2/train/10238_GT.png,True,633,229,3,0,non-defect,train
train,data/raw/kolektor-sdd2/train/10239.png,data/raw/kolektor-sdd2/train/10239_GT.png,True,641,230,3,0,non-defect,train
train,data/raw/kolektor-sdd2/train/10240.png,data/raw/kolektor-sdd2/train/10240_GT.png,True,621,229,3,0,non-defect,train
train,data/raw/kolektor-sdd2/train/10241.png,data/raw/kolektor-sdd2/train/10241_GT.png,True,633,228,3,0,non-defect,train
train,data/raw/kolektor-sdd2/train/10242.png,data/raw/kolektor-sdd2/train/10242_GT.png,True,639,230,3,0,non-defect,train
train,data/raw/kolektor-sdd2/train/10243.png,data/raw/kolektor-sdd2/train/10243_GT.png,True,621,229,3,0,non-defect,train
train,data/raw/kolektor-sdd2/train/10244.png,data/raw/kolektor-sdd2/train/10244_GT.png,True,642,231,3,1572,defect,train
train,data/raw/kolektor-sdd2/train/10245.png,data/raw/kolektor-sdd2/train/10245_GT.png,True,625,230,3,0,non-defect,validation
train,data/raw/kolektor-sdd2/train/10246.png,data/raw/kolektor-sdd2/train/10246_GT.png,True,638,229,3,0,non-defect,validation
train,data/raw/kolektor-sdd2/train/10247.png,data/raw/kolektor-sdd2/train/10247_GT.png,True,637,228,3,5876,defect,validation
train,data/raw/kolektor-sdd2/train/10248.png,data/raw/kolektor-sdd2/train/10248_GT.png,True,644,230,3,0,non-defect,train
train,data/raw/kolektor-sdd2/train/10249.png,data/raw/kolektor-sdd2/train/10249_GT.png,True,632,229,3,0,non-defect,train
train,data/raw/kolektor-sdd2/train/10250.png,data/raw/kolektor-sdd2/train/10250_GT.png,True,632,230,3,0,non-defect,train
train,data/raw/kolektor-sdd2/train/10251.png,data/raw/kolektor-sdd2/train/10251_GT.png,True,635,228,3,0,non-defect,train
train,data/raw/kolektor-sdd2/train/10252.png,data/raw/kolektor-sdd2/train/10252_GT.png,True,635,231,3,0,non-defect,train
train,data/raw/kolektor-sdd2/train/10253.png,data/raw/kolektor-sdd2/train/10253_GT.png,True,634,229,3,0,non-defect,train
train,data/raw/kolektor-sdd2/train/10254.png,data/raw/kolektor-sdd2/train/10254_GT.png,True,637,228,3,1383,defect,train
train,data/raw/kolektor-sdd2/train/10255.png,data/raw/kolektor-sdd2/train/10255_GT.png,True,640,230,3,0,non-defect,train
train,data/raw/kolektor-sdd2/train/10256.png,data/raw/kolektor-sdd2/train/10256_GT.png,True,627,227,3,0,non-defect,train
train,data/raw/kolektor-sdd2/train/10257.png,data/raw/kolektor-sdd2/train/10257_GT.png,True,644,228,3,0,non-defect,train
train,data/raw/kolektor-sdd2/train/10258.png,data/raw/kolektor-sdd2/train/10258_GT.png,True,640,230,3,8343,defect,train
train,data/raw/kolektor-sdd2/train/10259.png,data/raw/kolektor-sdd2/train/10259_GT.png,True,635,207,3,0,non-defect,train
train,data/raw/kolektor-sdd2/train/10260.png,data/raw/kolektor-sdd2/train/10260_GT.png,True,637,230,3,0,non-defect,train
train,data/raw/kolektor-sdd2/train/10261.png,data/raw/kolektor-sdd2/train/10261_GT.png,True,625,229,3,0,non-defect,train
train,data/raw/kolektor-sdd2/train/10262.png,data/raw/kolektor-sdd2/train/10262_GT.png,True,647,231,3,0,non-defect,train
train,data/raw/kolektor-sdd2/train/10263.png,data/raw/kolektor-sdd2/train/10263_GT.png,True,638,228,3,0,non-defect,train
train,data/raw/kolektor-sdd2/train/10264.png,data/raw/kolektor-sdd2/train/10264_GT.png,True,634,227,3,0,non-defect,validation
train,data/raw/kolektor-sdd2/train/10265.png,data/raw/kolektor-sdd2/train/10265_GT.png,True,622,230,3,0,non-defect,train
train,data/raw/kolektor-sdd2/train/10266.png,data/raw/kolektor-sdd2/train/10266_GT.png,True,635,224,3,291,defect,validation
train,data/raw/kolektor-sdd2/train/10267.png,data/raw/kolektor-sdd2/train/10267_GT.png,True,638,230,3,0,non-defect,train
train,data/raw/kolektor-sdd2/train/10268.png,data/raw/kolektor-sdd2/train/10268_GT.png,True,647,230,3,0,non-defect,train
train,data/raw/kolektor-sdd2/train/10269.png,data/raw/kolektor-sdd2/train/10269_GT.png,True,635,231,3,0,non-defect,validation
train,data/raw/kolektor-sdd2/train/10270.png,data/raw/kolektor-sdd2/train/10270_GT.png,True,639,229,3,0,non-defect,validation
train,data/raw/kolektor-sdd2/train/10271.png,data/raw/kolektor-sdd2/train/10271_GT.png,True,632,230,3,0,non-defect,train
train,data/raw/kolektor-sdd2/train/10272.png,data/raw/kolektor-sdd2/train/10272_GT.png,True,645,228,3,0,non-defect,train
train,data/raw/kolektor-sdd2/train/10273.png,data/raw/kolektor-sdd2/train/10273_GT.png,True,641,230,3,6535,defect,validation
train,data/raw/kolektor-sdd2/train/10274.png,data/raw/kolektor-sdd2/train/10274_GT.png,True,635,229,3,0,non-defect,train
train,data/raw/kolektor-sdd2/train/10275.png,data/raw/kolektor-sdd2/train/10275_GT.png,True,629,231,3,0,non-defect,validation
train,data/raw/kolektor-sdd2/train/10276.png,data/raw/kolektor-sdd2/train/10276_GT.png,True,629,230,3,0,non-defect,train
train,data/raw/kolektor-sdd2/train/10277.png,data/raw/kolektor-sdd2/train/10277_GT.png,True,632,230,3,0,non-defect,train
train,data/raw/kolektor-sdd2/train/10278.png,data/raw/kolektor-sdd2/train/10278_GT.png,True,635,230,3,0,non-defect,train
train,data/raw/kolektor-sdd2/train/10279.png,data/raw/kolektor-sdd2/train/10279_GT.png,True,606,232,3,0,non-defect,train
train,data/raw/kolektor-sdd2/train/10280.png,data/raw/kolektor-sdd2/train/10280_GT.png,True,640,230,3,0,non-defect,train
train,data/raw/kolektor-sdd2/train/10281.png,data/raw/kolektor-sdd2/train/10281_GT.png,True,618,231,3,4825,defect,train
train,data/raw/kolektor-sdd2/train/10282.png,data/raw/kolektor-sdd2/train/10282_GT.png,True,644,230,3,0,non-defect,validation
train,data/raw/kolektor-sdd2/train/10283.png,data/raw/kolektor-sdd2/train/10283_GT.png,True,634,227,3,0,non-defect,train
train,data/raw/kolektor-sdd2/train/10284.png,data/raw/kolektor-sdd2/train/10284_GT.png,True,644,213,3,0,non-defect,train
train,data/raw/kolektor-sdd2/train/10285.png,data/raw/kolektor-sdd2/train/10285_GT.png,True,636,222,3,0,non-defect,train
train,data/raw/kolektor-sdd2/train/10286.png,data/raw/kolektor-sdd2/train/10286_GT.png,True,641,228,3,0,non-defect,validation
train,data/raw/kolektor-sdd2/train/10287.png,data/raw/kolektor-sdd2/train/10287_GT.png,True,641,234,3,0,non-defect,train
train,data/raw/kolektor-sdd2/train/10288.png,data/raw/kolektor-sdd2/train/10288_GT.png,True,632,226,3,0,non-defect,train
train,data/raw/kolektor-sdd2/train/10289.png,data/raw/kolektor-sdd2/train/10289_GT.png,True,630,229,3,0,non-defect,validation
train,data/raw/kolektor-sdd2/train/10290.png,data/raw/kolektor-sdd2/train/10290_GT.png,True,644,233,3,0,non-defect,validation
train,data/raw/kolektor-sdd2/train/10291.png,data/raw/kolektor-sdd2/train/10291_GT.png,True,635,227,3,0,non-defect,validation
train,data/raw/kolektor-sdd2/train/10292.png,data/raw/kolektor-sdd2/train/10292_GT.png,True,640,230,3,0,non-defect,train
train,data/raw/kolektor-sdd2/train/10293.png,data/raw/kolektor-sdd2/train/10293_GT.png,True,647,225,3,0,non-defect,train
train,data/raw/kolektor-sdd2/train/10294.png,data/raw/kolektor-sdd2/train/10294_GT.png,True,628,226,3,0,non-defect,train
train,data/raw/kolektor-sdd2/train/10295.png,data/raw/kolektor-sdd2/train/10295_GT.png,True,639,233,3,0,non-defect,validation
train,data/raw/kolektor-sdd2/train/10296.png,data/raw/kolektor-sdd2/train/10296_GT.png,True,645,232,3,0,non-defect,validation
train,data/raw/kolektor-sdd2/train/10297.png,data/raw/kolektor-sdd2/train/10297_GT.png,True,633,231,3,0,non-defect,train
train,data/raw/kolektor-sdd2/train/10298.png,data/raw/kolektor-sdd2/train/10298_GT.png,True,631,229,3,0,non-defect,train
train,data/raw/kolektor-sdd2/train/10299.png,data/raw/kolektor-sdd2/train/10299_GT.png,True,647,234,3,0,non-defect,train
train,data/raw/kolektor-sdd2/train/10300.png,data/raw/kolektor-sdd2/train/10300_GT.png,True,631,229,3,0,non-defect,train
train,data/raw/kolektor-sdd2/train/10301.png,data/raw/kolektor-sdd2/train/10301_GT.png,True,645,233,3,5113,defect,train
train,data/raw/kolektor-sdd2/train/10302.png,data/raw/kolektor-sdd2/train/10302_GT.png,True,641,229,3,0,non-defect,train
train,data/raw/kolektor-sdd2/train/10303.png,data/raw/kolektor-sdd2/train/10303_GT.png,True,630,204,3,0,non-defect,validation
train,data/raw/kolektor-sdd2/train/10304.png,data/raw/kolektor-sdd2/train/10304_GT.png,True,642,231,3,444,defect,train
train,data/raw/kolektor-sdd2/train/10305.png,data/raw/kolektor-sdd2/train/10305_GT.png,True,636,228,3,0,non-defect,train
train,data/raw/kolektor-sdd2/train/10306.png,data/raw/kolektor-sdd2/train/10306_GT.png,True,624,231,3,14386,defect,train
train,data/raw/kolektor-sdd2/train/10307.png,data/raw/kolektor-sdd2/train/10307_GT.png,True,640,235,3,0,non-defect,train
train,data/raw/kolektor-sdd2/train/10308.png,data/raw/kolektor-sdd2/train/10308_GT.png,True,641,227,3,12008,defect,train
train,data/raw/kolektor-sdd2/train/10309.png,data/raw/kolektor-sdd2/train/10309_GT.png,True,635,227,3,43011,defect,train
train,data/raw/kolektor-sdd2/train/10310.png,data/raw/kolektor-sdd2/train/10310_GT.png,True,640,229,3,0,non-defect,validation
train,data/raw/kolektor-sdd2/train/10311.png,data/raw/kolektor-sdd2/train/10311_GT.png,True,635,230,3,0,non-defect,train
train,data/raw/kolektor-sdd2/train/10312.png,data/raw/kolektor-sdd2/train/10312_GT.png,True,639,231,3,6655,defect,validation
train,data/raw/kolektor-sdd2/train/10313.png,data/raw/kolektor-sdd2/train/10313_GT.png,True,631,232,3,0,non-defect,train
train,data/raw/kolektor-sdd2/train/10314.png,data/raw/kolektor-sdd2/train/10314_GT.png,True,636,232,3,0,non-defect,train
train,data/raw/kolektor-sdd2/train/10315.png,data/raw/kolektor-sdd2/train/10315_GT.png,True,643,230,3,0,non-defect,train
train,data/raw/kolektor-sdd2/train/10316.png,data/raw/kolektor-sdd2/train/10316_GT.png,True,637,231,3,0,non-defect,train
train,data/raw/kolektor-sdd2/train/10317.png,data/raw/kolektor-sdd2/train/10317_GT.png,True,636,230,3,0,non-defect,train
train,data/raw/kolektor-sdd2/train/10318.png,data/raw/kolektor-sdd2/train/10318_GT.png,True,640,231,3,0,non-defect,validation
train,data/raw/kolektor-sdd2/train/10319.png,data/raw/kolektor-sdd2/train/10319_GT.png,True,631,224,3,0,non-defect,train
train,data/raw/kolektor-sdd2/train/10320.png,data/raw/kolektor-sdd2/train/10320_GT.png,True,632,226,3,0,non-defect,train
train,data/raw/kolektor-sdd2/train/10321.png,data/raw/kolektor-sdd2/train/10321_GT.png,True,632,226,3,0,non-defect,train
train,data/raw/kolektor-sdd2/train/10322.png,data/raw/kolektor-sdd2/train/10322_GT.png,True,635,230,3,0,non-defect,train
train,data/raw/kolektor-sdd2/train/10323.png,data/raw/kolektor-sdd2/train/10323_GT.png,True,638,228,3,0,non-defect,train
train,data/raw/kolektor-sdd2/train/10324.png,data/raw/kolektor-sdd2/train/10324_GT.png,True,628,229,3,0,non-defect,train
train,data/raw/kolektor-sdd2/train/10325.png,data/raw/kolektor-sdd2/train/10325_GT.png,True,644,234,3,0,non-defect,validation
train,data/raw/kolektor-sdd2/train/10326.png,data/raw/kolektor-sdd2/train/10326_GT.png,True,633,230,3,0,non-defect,validation
train,data/raw/kolektor-sdd2/train/10327.png,data/raw/kolektor-sdd2/train/10327_GT.png,True,639,232,3,0,non-defect,train
train,data/raw/kolektor-sdd2/train/10328.png,data/raw/kolektor-sdd2/train/10328_GT.png,True,641,231,3,0,non-defect,train
train,data/raw/kolektor-sdd2/train/10329.png,data/raw/kolektor-sdd2/train/10329_GT.png,True,627,229,3,0,non-defect,train
train,data/raw/kolektor-sdd2/train/10330.png,data/raw/kolektor-sdd2/train/10330_GT.png,True,636,228,3,0,non-defect,train
train,data/raw/kolektor-sdd2/train/10331.png,data/raw/kolektor-sdd2/train/10331_GT.png,True,638,227,3,0,non-defect,train
train,data/raw/kolektor-sdd2/train/10332.png,data/raw/kolektor-sdd2/train/10332_GT.png,True,636,234,3,0,non-defect,train
train,data/raw/kolektor-sdd2/train/10333.png,data/raw/kolektor-sdd2/train/10333_GT.png,True,638,228,3,0,non-defect,train
train,data/raw/kolektor-sdd2/train/10334.png,data/raw/kolektor-sdd2/train/10334_GT.png,True,633,231,3,0,non-defect,validation
train,data/raw/kolektor-sdd2/train/10335.png,data/raw/kolektor-sdd2/train/10335_GT.png,True,640,232,3,372,defect,validation
train,data/raw/kolektor-sdd2/train/10336.png,data/raw/kolektor-sdd2/train/10336_GT.png,True,632,228,3,0,non-defect,train
train,data/raw/kolektor-sdd2/train/10337.png,data/raw/kolektor-sdd2/train/10337_GT.png,True,648,230,3,1638,defect,train
train,data/raw/kolektor-sdd2/train/10338.png,data/raw/kolektor-sdd2/train/10338_GT.png,True,624,224,3,0,non-defect,train
train,data/raw/kolektor-sdd2/train/10339.png,data/raw/kolektor-sdd2/train/10339_GT.png,True,635,233,3,0,non-defect,train
train,data/raw/kolektor-sdd2/train/10340.png,data/raw/kolektor-sdd2/train/10340_GT.png,True,638,231,3,0,non-defect,train
train,data/raw/kolektor-sdd2/train/10341.png,data/raw/kolektor-sdd2/train/10341_GT.png,True,633,224,3,0,non-defect,validation
train,data/raw/kolektor-sdd2/train/10342.png,data/raw/kolektor-sdd2/train/10342_GT.png,True,642,230,3,0,non-defect,train
train,data/raw/kolektor-sdd2/train/10343.png,data/raw/kolektor-sdd2/train/10343_GT.png,True,628,209,3,0,non-defect,train
train,data/raw/kolektor-sdd2/train/10344.png,data/raw/kolektor-sdd2/train/10344_GT.png,True,634,230,3,1275,defect,train
train,data/raw/kolektor-sdd2/train/10345.png,data/raw/kolektor-sdd2/train/10345_GT.png,True,635,226,3,649,defect,validation
train,data/raw/kolektor-sdd2/train/10346.png,data/raw/kolektor-sdd2/train/10346_GT.png,True,633,233,3,0,non-defect,train
train,data/raw/kolektor-sdd2/train/10347.png,data/raw/kolektor-sdd2/train/10347_GT.png,True,641,233,3,0,non-defect,train
train,data/raw/kolektor-sdd2/train/10348.png,data/raw/kolektor-sdd2/train/10348_GT.png,True,637,229,3,0,non-defect,train
train,data/raw/kolektor-sdd2/train/10349.png,data/raw/kolektor-sdd2/train/10349_GT.png,True,638,228,3,0,non-defect,validation
train,data/raw/kolektor-sdd2/train/10350.png,data/raw/kolektor-sdd2/train/10350_GT.png,True,638,231,3,0,non-defect,train
train,data/raw/kolektor-sdd2/train/10351.png,data/raw/kolektor-sdd2/train/10351_GT.png,True,635,229,3,0,non-defect,train
train,data/raw/kolektor-sdd2/train/10352.png,data/raw/kolektor-sdd2/train/10352_GT.png,True,634,231,3,2408,defect,validation
train,data/raw/kolektor-sdd2/train/10353.png,data/raw/kolektor-sdd2/train/10353_GT.png,True,634,206,3,0,non-defect,train
train,data/raw/kolektor-sdd2/train/10354.png,data/raw/kolektor-sdd2/train/10354_GT.png,True,628,225,3,1744,defect,validation
train,data/raw/kolektor-sdd2/train/10355.png,data/raw/kolektor-sdd2/train/10355_GT.png,True,643,230,3,0,non-defect,train
train,data/raw/kolektor-sdd2/train/10356.png,data/raw/kolektor-sdd2/train/10356_GT.png,True,642,230,3,0,non-defect,train
train,data/raw/kolektor-sdd2/train/10357.png,data/raw/kolektor-sdd2/train/10357_GT.png,True,646,232,3,0,non-defect,validation
train,data/raw/kolektor-sdd2/train/10358.png,data/raw/kolektor-sdd2/train/10358_GT.png,True,641,225,3,0,non-defect,train
train,data/raw/kolektor-sdd2/train/10359.png,data/raw/kolektor-sdd2/train/10359_GT.png,True,631,226,3,0,non-defect,train
train,data/raw/kolektor-sdd2/train/10360.png,data/raw/kolektor-sdd2/train/10360_GT.png,True,636,229,3,0,non-defect,train
train,data/raw/kolektor-sdd2/train/10361.png,data/raw/kolektor-sdd2/train/10361_GT.png,True,637,229,3,0,non-defect,train
train,data/raw/kolektor-sdd2/train/10362.png,data/raw/kolektor-sdd2/train/10362_GT.png,True,642,223,3,0,non-defect,validation
train,data/raw/kolektor-sdd2/train/10363.png,data/raw/kolektor-sdd2/train/10363_GT.png,True,643,218,3,0,non-defect,train
train,data/raw/kolektor-sdd2/train/10364.png,data/raw/kolektor-sdd2/train/10364_GT.png,True,629,234,3,0,non-defect,train
train,data/raw/kolektor-sdd2/train/10365.png,data/raw/kolektor-sdd2/train/10365_GT.png,True,634,234,3,0,non-defect,train
train,data/raw/kolektor-sdd2/train/10366.png,data/raw/kolektor-sdd2/train/10366_GT.png,True,643,228,3,0,non-defect,train
train,data/raw/kolektor-sdd2/train/10367.png,data/raw/kolektor-sdd2/train/10367_GT.png,True,629,233,3,601,defect,train
train,data/raw/kolektor-sdd2/train/10368.png,data/raw/kolektor-sdd2/train/10368_GT.png,True,644,212,3,0,non-defect,train
train,data/raw/kolektor-sdd2/train/10369.png,data/raw/kolektor-sdd2/train/10369_GT.png,True,635,220,3,0,non-defect,train
train,data/raw/kolektor-sdd2/train/10370.png,data/raw/kolektor-sdd2/train/10370_GT.png,True,638,230,3,0,non-defect,train
train,data/raw/kolektor-sdd2/train/10371.png,data/raw/kolektor-sdd2/train/10371_GT.png,True,632,231,3,0,non-defect,train
train,data/raw/kolektor-sdd2/train/10372.png,data/raw/kolektor-sdd2/train/10372_GT.png,True,634,229,3,0,non-defect,train
train,data/raw/kolektor-sdd2/train/10373.png,data/raw/kolektor-sdd2/train/10373_GT.png,True,640,230,3,0,non-defect,train
train,data/raw/kolektor-sdd2/train/10374.png,data/raw/kolektor-sdd2/train/10374_GT.png,True,631,234,3,0,non-defect,train
train,data/raw/kolektor-sdd2/train/10375.png,data/raw/kolektor-sdd2/train/10375_GT.png,True,637,227,3,0,non-defect,train
train,data/raw/kolektor-sdd2/train/10376.png,data/raw/kolektor-sdd2/train/10376_GT.png,True,634,230,3,0,non-defect,train
train,data/raw/kolektor-sdd2/train/10377.png,data/raw/kolektor-sdd2/train/10377_GT.png,True,643,232,3,0,non-defect,train
train,data/raw/kolektor-sdd2/train/10378.png,data/raw/kolektor-sdd2/train/10378_GT.png,True,635,226,3,0,non-defect,train
train,data/raw/kolektor-sdd2/train/10379.png,data/raw/kolektor-sdd2/train/10379_GT.png,True,626,234,3,0,non-defect,train
train,data/raw/kolektor-sdd2/train/10380.png,data/raw/kolektor-sdd2/train/10380_GT.png,True,640,232,3,0,non-defect,train
train,data/raw/kolektor-sdd2/train/10381.png,data/raw/kolektor-sdd2/train/10381_GT.png,True,640,228,3,0,non-defect,train
train,data/raw/kolektor-sdd2/train/10382.png,data/raw/kolektor-sdd2/train/10382_GT.png,True,635,231,3,13237,defect,train
train,data/raw/kolektor-sdd2/train/10383.png,data/raw/kolektor-sdd2/train/10383_GT.png,True,636,215,3,1632,defect,train
train,data/raw/kolektor-sdd2/train/10384.png,data/raw/kolektor-sdd2/train/10384_GT.png,True,624,227,3,0,non-defect,train
train,data/raw/kolektor-sdd2/train/10385.png,data/raw/kolektor-sdd2/train/10385_GT.png,True,626,230,3,0,non-defect,validation
train,data/raw/kolektor-sdd2/train/10386.png,data/raw/kolektor-sdd2/train/10386_GT.png,True,638,231,3,0,non-defect,train
train,data/raw/kolektor-sdd2/train/10387.png,data/raw/kolektor-sdd2/train/10387_GT.png,True,638,230,3,0,non-defect,train
train,data/raw/kolektor-sdd2/train/10388.png,data/raw/kolektor-sdd2/train/10388_GT.png,True,636,228,3,0,non-defect,train
train,data/raw/kolektor-sdd2/train/10389.png,data/raw/kolektor-sdd2/train/10389_GT.png,True,631,233,3,0,non-defect,train
train,data/raw/kolektor-sdd2/train/10390.png,data/raw/kolektor-sdd2/train/10390_GT.png,True,630,228,3,0,non-defect,train
train,data/raw/kolektor-sdd2/train/10391.png,data/raw/kolektor-sdd2/train/10391_GT.png,True,640,227,3,0,non-defect,validation
train,data/raw/kolektor-sdd2/train/10392.png,data/raw/kolektor-sdd2/train/10392_GT.png,True,636,227,3,0,non-defect,train
train,data/raw/kolektor-sdd2/train/10393.png,data/raw/kolektor-sdd2/train/10393_GT.png,True,638,227,3,0,non-defect,train
train,data/raw/kolektor-sdd2/train/10394.png,data/raw/kolektor-sdd2/train/10394_GT.png,True,632,231,3,0,non-defect,train
train,data/raw/kolektor-sdd2/train/10395.png,data/raw/kolektor-sdd2/train/10395_GT.png,True,639,224,3,0,non-defect,validation
train,data/raw/kolektor-sdd2/train/10396.png,data/raw/kolektor-sdd2/train/10396_GT.png,True,623,230,3,1759,defect,train
train,data/raw/kolektor-sdd2/train/10397.png,data/raw/kolektor-sdd2/train/10397_GT.png,True,632,230,3,0,non-defect,train
train,data/raw/kolektor-sdd2/train/10398.png,data/raw/kolektor-sdd2/train/10398_GT.png,True,638,230,3,0,non-defect,train
train,data/raw/kolektor-sdd2/train/10399.png,data/raw/kolektor-sdd2/train/10399_GT.png,True,632,229,3,0,non-defect,train
train,data/raw/kolektor-sdd2/train/10400.png,data/raw/kolektor-sdd2/train/10400_GT.png,True,626,227,3,0,non-defect,validation
train,data/raw/kolektor-sdd2/train/10401.png,data/raw/kolektor-sdd2/train/10401_GT.png,True,645,232,3,6010,defect,validation
train,data/raw/kolektor-sdd2/train/10402.png,data/raw/kolektor-sdd2/train/10402_GT.png,True,641,228,3,1057,defect,train
train,data/raw/kolektor-sdd2/train/10403.png,data/raw/kolektor-sdd2/train/10403_GT.png,True,648,234,3,545,defect,train
train,data/raw/kolektor-sdd2/train/10404.png,data/raw/kolektor-sdd2/train/10404_GT.png,True,646,233,3,0,non-defect,train
train,data/raw/kolektor-sdd2/train/10405.png,data/raw/kolektor-sdd2/train/10405_GT.png,True,648,233,3,0,non-defect,train
train,data/raw/kolektor-sdd2/train/10406.png,data/raw/kolektor-sdd2/train/10406_GT.png,True,627,229,3,0,non-defect,train
train,data/raw/kolektor-sdd2/train/10407.png,data/raw/kolektor-sdd2/train/10407_GT.png,True,640,228,3,0,non-defect,train
train,data/raw/kolektor-sdd2/train/10408.png,data/raw/kolektor-sdd2/train/10408_GT.png,True,637,230,3,0,non-defect,train
train,data/raw/kolektor-sdd2/train/10409.png,data/raw/kolektor-sdd2/train/10409_GT.png,True,641,230,3,0,non-defect,train
train,data/raw/kolektor-sdd2/train/10410.png,data/raw/kolektor-sdd2/train/10410_GT.png,True,639,227,3,0,non-defect,validation
train,data/raw/kolektor-sdd2/train/10411.png,data/raw/kolektor-sdd2/train/10411_GT.png,True,627,226,3,0,non-defect,train
train,data/raw/kolektor-sdd2/train/10412.png,data/raw/kolektor-sdd2/train/10412_GT.png,True,639,228,3,0,non-defect,train
train,data/raw/kolektor-sdd2/train/10413.png,data/raw/kolektor-sdd2/train/10413_GT.png,True,637,230,3,0,non-defect,train
train,data/raw/kolektor-sdd2/train/10414.png,data/raw/kolektor-sdd2/train/10414_GT.png,True,630,222,3,4373,defect,validation
train,data/raw/kolektor-sdd2/train/10415.png,data/raw/kolektor-sdd2/train/10415_GT.png,True,629,228,3,0,non-defect,train
train,data/raw/kolektor-sdd2/train/10416.png,data/raw/kolektor-sdd2/train/10416_GT.png,True,636,231,3,0,non-defect,train
train,data/raw/kolektor-sdd2/train/10417.png,data/raw/kolektor-sdd2/train/10417_GT.png,True,628,223,3,0,non-defect,train
train,data/raw/kolektor-sdd2/train/10418.png,data/raw/kolektor-sdd2/train/10418_GT.png,True,641,232,3,0,non-defect,train
train,data/raw/kolektor-sdd2/train/10419.png,data/raw/kolektor-sdd2/train/10419_GT.png,True,634,229,3,0,non-defect,train
train,data/raw/kolektor-sdd2/train/10420.png,data/raw/kolektor-sdd2/train/10420_GT.png,True,622,227,3,0,non-defect,validation
train,data/raw/kolektor-sdd2/train/10421.png,data/raw/kolektor-sdd2/train/10421_GT.png,True,641,230,3,3177,defect,train
train,data/raw/kolektor-sdd2/train/10422.png,data/raw/kolektor-sdd2/train/10422_GT.png,True,641,225,3,0,non-defect,train
train,data/raw/kolektor-sdd2/train/10423.png,data/raw/kolektor-sdd2/train/10423_GT.png,True,640,231,3,2891,defect,train
train,data/raw/kolektor-sdd2/train/10424.png,data/raw/kolektor-sdd2/train/10424_GT.png,True,650,225,3,0,non-defect,train
train,data/raw/kolektor-sdd2/train/10425.png,data/raw/kolektor-sdd2/train/10425_GT.png,True,638,227,3,0,non-defect,train
train,data/raw/kolektor-sdd2/train/10426.png,data/raw/kolektor-sdd2/train/10426_GT.png,True,640,229,3,1549,defect,validation
train,data/raw/kolektor-sdd2/train/10427.png,data/raw/kolektor-sdd2/train/10427_GT.png,True,632,234,3,0,non-defect,train
train,data/raw/kolektor-sdd2/train/10428.png,data/raw/kolektor-sdd2/train/10428_GT.png,True,634,229,3,0,non-defect,train
train,data/raw/kolektor-sdd2/train/10429.png,data/raw/kolektor-sdd2/train/10429_GT.png,True,640,229,3,0,non-defect,train
train,data/raw/kolektor-sdd2/train/10430.png,data/raw/kolektor-sdd2/train/10430_GT.png,True,633,226,3,0,non-defect,train
train,data/raw/kolektor-sdd2/train/10431.png,data/raw/kolektor-sdd2/train/10431_GT.png,True,639,229,3,0,non-defect,validation
train,data/raw/kolektor-sdd2/train/10432.png,data/raw/kolektor-sdd2/train/10432_GT.png,True,638,226,3,0,non-defect,train
train,data/raw/kolektor-sdd2/train/10433.png,data/raw/kolektor-sdd2/train/10433_GT.png,True,645,232,3,0,non-defect,train
train,data/raw/kolektor-sdd2/train/10434.png,data/raw/kolektor-sdd2/train/10434_GT.png,True,640,226,3,0,non-defect,train
train,data/raw/kolektor-sdd2/train/10435.png,data/raw/kolektor-sdd2/train/10435_GT.png,True,626,229,3,0,non-defect,train
train,data/raw/kolektor-sdd2/train/10436.png,data/raw/kolektor-sdd2/train/10436_GT.png,True,635,227,3,0,non-defect,train
train,data/raw/kolektor-sdd2/train/10437.png,data/raw/kolektor-sdd2/train/10437_GT.png,True,633,232,3,0,non-defect,train
train,data/raw/kolektor-sdd2/train/10438.png,data/raw/kolektor-sdd2/train/10438_GT.png,True,633,228,3,0,non-defect,train
train,data/raw/kolektor-sdd2/train/10439.png,data/raw/kolektor-sdd2/train/10439_GT.png,True,638,230,3,0,non-defect,train
train,data/raw/kolektor-sdd2/train/10440.png,data/raw/kolektor-sdd2/train/10440_GT.png,True,644,227,3,0,non-defect,train
train,data/raw/kolektor-sdd2/train/10441.png,data/raw/kolektor-sdd2/train/10441_GT.png,True,644,233,3,0,non-defect,train
train,data/raw/kolektor-sdd2/train/10442.png,data/raw/kolektor-sdd2/train/10442_GT.png,True,629,229,3,0,non-defect,train
train,data/raw/kolektor-sdd2/train/10443.png,data/raw/kolektor-sdd2/train/10443_GT.png,True,644,229,3,0,non-defect,train
train,data/raw/kolektor-sdd2/train/10444.png,data/raw/kolektor-sdd2/train/10444_GT.png,True,637,231,3,0,non-defect,train
train,data/raw/kolektor-sdd2/train/10445.png,data/raw/kolektor-sdd2/train/10445_GT.png,True,633,233,3,0,non-defect,validation
train,data/raw/kolektor-sdd2/train/10446.png,data/raw/kolektor-sdd2/train/10446_GT.png,True,642,234,3,0,non-defect,validation
train,data/raw/kolektor-sdd2/train/10447.png,data/raw/kolektor-sdd2/train/10447_GT.png,True,639,234,3,0,non-defect,validation
train,data/raw/kolektor-sdd2/train/10448.png,data/raw/kolektor-sdd2/train/10448_GT.png,True,640,226,3,0,non-defect,train
train,data/raw/kolektor-sdd2/train/10449.png,data/raw/kolektor-sdd2/train/10449_GT.png,True,637,228,3,0,non-defect,train
train,data/raw/kolektor-sdd2/train/10450.png,data/raw/kolektor-sdd2/train/10450_GT.png,True,634,233,3,0,non-defect,train
train,data/raw/kolektor-sdd2/train/10451.png,data/raw/kolektor-sdd2/train/10451_GT.png,True,613,228,3,0,non-defect,train
train,data/raw/kolektor-sdd2/train/10452.png,data/raw/kolektor-sdd2/train/10452_GT.png,True,630,226,3,0,non-defect,validation
train,data/raw/kolektor-sdd2/train/10453.png,data/raw/kolektor-sdd2/train/10453_GT.png,True,638,234,3,0,non-defect,train
train,data/raw/kolektor-sdd2/train/10454.png,data/raw/kolektor-sdd2/train/10454_GT.png,True,645,230,3,0,non-defect,train
train,data/raw/kolektor-sdd2/train/10455.png,data/raw/kolektor-sdd2/train/10455_GT.png,True,636,231,3,0,non-defect,train
train,data/raw/kolektor-sdd2/train/10456.png,data/raw/kolektor-sdd2/train/10456_GT.png,True,637,229,3,0,non-defect,train
train,data/raw/kolektor-sdd2/train/10457.png,data/raw/kolektor-sdd2/train/10457_GT.png,True,637,229,3,515,defect,train
train,data/raw/kolektor-sdd2/train/10458.png,data/raw/kolektor-sdd2/train/10458_GT.png,True,639,231,3,0,non-defect,train
train,data/raw/kolektor-sdd2/train/10459.png,data/raw/kolektor-sdd2/train/10459_GT.png,True,626,228,3,0,non-defect,train
train,data/raw/kolektor-sdd2/train/10460.png,data/raw/kolektor-sdd2/train/10460_GT.png,True,632,226,3,0,non-defect,train
train,data/raw/kolektor-sdd2/train/10461.png,data/raw/kolektor-sdd2/train/10461_GT.png,True,642,230,3,0,non-defect,validation
train,data/raw/kolektor-sdd2/train/10462.png,data/raw/kolektor-sdd2/train/10462_GT.png,True,632,233,3,0,non-defect,train
train,data/raw/kolektor-sdd2/train/10463.png,data/raw/kolektor-sdd2/train/10463_GT.png,True,639,234,3,0,non-defect,validation
train,data/raw/kolektor-sdd2/train/10464.png,data/raw/kolektor-sdd2/train/10464_GT.png,True,643,232,3,0,non-defect,train
train,data/raw/kolektor-sdd2/train/10465.png,data/raw/kolektor-sdd2/train/10465_GT.png,True,641,226,3,0,non-defect,train
train,data/raw/kolektor-sdd2/train/10466.png,data/raw/kolektor-sdd2/train/10466_GT.png,True,640,219,3,3355,defect,validation
train,data/raw/kolektor-sdd2/train/10467.png,data/raw/kolektor-sdd2/train/10467_GT.png,True,634,215,3,0,non-defect,train
train,data/raw/kolektor-sdd2/train/10468.png,data/raw/kolektor-sdd2/train/10468_GT.png,True,638,233,3,0,non-defect,train
train,data/raw/kolektor-sdd2/train/10469.png,data/raw/kolektor-sdd2/train/10469_GT.png,True,639,229,3,0,non-defect,train
train,data/raw/kolektor-sdd2/train/10470.png,data/raw/kolektor-sdd2/train/10470_GT.png,True,642,233,3,0,non-defect,train
train,data/raw/kolektor-sdd2/train/10471.png,data/raw/kolektor-sdd2/train/10471_GT.png,True,637,230,3,0,non-defect,train
train,data/raw/kolektor-sdd2/train/10472.png,data/raw/kolektor-sdd2/train/10472_GT.png,True,639,232,3,0,non-defect,train
train,data/raw/kolektor-sdd2/train/10473.png,data/raw/kolektor-sdd2/train/10473_GT.png,True,632,206,3,0,non-defect,validation
train,data/raw/kolektor-sdd2/train/10474.png,data/raw/kolektor-sdd2/train/10474_GT.png,True,640,234,3,0,non-defect,train
train,data/raw/kolektor-sdd2/train/10475.png,data/raw/kolektor-sdd2/train/10475_GT.png,True,657,226,3,0,non-defect,train
train,data/raw/kolektor-sdd2/train/10476.png,data/raw/kolektor-sdd2/train/10476_GT.png,True,638,230,3,0,non-defect,train
train,data/raw/kolektor-sdd2/train/10477.png,data/raw/kolektor-sdd2/train/10477_GT.png,True,638,231,3,0,non-defect,train
train,data/raw/kolektor-sdd2/train/10478.png,data/raw/kolektor-sdd2/train/10478_GT.png,True,636,229,3,8494,defect,train
train,data/raw/kolektor-sdd2/train/10479.png,data/raw/kolektor-sdd2/train/10479_GT.png,True,636,229,3,0,non-defect,train
train,data/raw/kolektor-sdd2/train/10480.png,data/raw/kolektor-sdd2/train/10480_GT.png,True,628,228,3,0,non-defect,train
train,data/raw/kolektor-sdd2/train/10481.png,data/raw/kolektor-sdd2/train/10481_GT.png,True,639,232,3,0,non-defect,train
train,data/raw/kolektor-sdd2/train/10482.png,data/raw/kolektor-sdd2/train/10482_GT.png,True,624,229,3,0,non-defect,train
train,data/raw/kolektor-sdd2/train/10483.png,data/raw/kolektor-sdd2/train/10483_GT.png,True,637,229,3,0,non-defect,train
train,data/raw/kolektor-sdd2/train/10484.png,data/raw/kolektor-sdd2/train/10484_GT.png,True,640,206,3,0,non-defect,train
train,data/raw/kolektor-sdd2/train/10485.png,data/raw/kolektor-sdd2/train/10485_GT.png,True,645,230,3,0,non-defect,train
train,data/raw/kolektor-sdd2/train/10486.png,data/raw/kolektor-sdd2/train/10486_GT.png,True,634,225,3,0,non-defect,train
train,data/raw/kolektor-sdd2/train/10487.png,data/raw/kolektor-sdd2/train/10487_GT.png,True,636,207,3,695,defect,train
train,data/raw/kolektor-sdd2/train/10488.png,data/raw/kolektor-sdd2/train/10488_GT.png,True,629,230,3,0,non-defect,train
train,data/raw/kolektor-sdd2/train/10489.png,data/raw/kolektor-sdd2/train/10489_GT.png,True,642,233,3,0,non-defect,train
train,data/raw/kolektor-sdd2/train/10490.png,data/raw/kolektor-sdd2/train/10490_GT.png,True,632,229,3,0,non-defect,validation
train,data/raw/kolektor-sdd2/train/10491.png,data/raw/kolektor-sdd2/train/10491_GT.png,True,635,226,3,0,non-defect,train
train,data/raw/kolektor-sdd2/train/10492.png,data/raw/kolektor-sdd2/train/10492_GT.png,True,639,229,3,0,non-defect,train
train,data/raw/kolektor-sdd2/train/10493.png,data/raw/kolektor-sdd2/train/10493_GT.png,True,643,233,3,0,non-defect,train
train,data/raw/kolektor-sdd2/train/10494.png,data/raw/kolektor-sdd2/train/10494_GT.png,True,634,230,3,0,non-defect,train
train,data/raw/kolektor-sdd2/train/10495.png,data/raw/kolektor-sdd2/train/10495_GT.png,True,635,230,3,0,non-defect,validation
train,data/raw/kolektor-sdd2/train/10496.png,data/raw/kolektor-sdd2/train/10496_GT.png,True,643,228,3,0,non-defect,train
train,data/raw/kolektor-sdd2/train/10497.png,data/raw/kolektor-sdd2/train/10497_GT.png,True,638,229,3,0,non-defect,train
train,data/raw/kolektor-sdd2/train/10498.png,data/raw/kolektor-sdd2/train/10498_GT.png,True,637,231,3,0,non-defect,validation
train,data/raw/kolektor-sdd2/train/10499.png,data/raw/kolektor-sdd2/train/10499_GT.png,True,648,218,3,2660,defect,train
train,data/raw/kolektor-sdd2/train/10500.png,data/raw/kolektor-sdd2/train/10500_GT.png,True,637,231,3,0,non-defect,train
train,data/raw/kolektor-sdd2/train/10501.png,data/raw/kolektor-sdd2/train/10501_GT.png,True,639,229,3,0,non-defect,train
train,data/raw/kolektor-sdd2/train/10502.png,data/raw/kolektor-sdd2/train/10502_GT.png,True,645,228,3,232,defect,train
train,data/raw/kolektor-sdd2/train/10503.png,data/raw/kolektor-sdd2/train/10503_GT.png,True,633,232,3,0,non-defect,train
train,data/raw/kolektor-sdd2/train/10504.png,data/raw/kolektor-sdd2/train/10504_GT.png,True,635,230,3,0,non-defect,train
train,data/raw/kolektor-sdd2/train/10505.png,data/raw/kolektor-sdd2/train/10505_GT.png,True,646,233,3,0,non-defect,train
train,data/raw/kolektor-sdd2/train/10506.png,data/raw/kolektor-sdd2/train/10506_GT.png,True,645,231,3,959,defect,train
train,data/raw/kolektor-sdd2/train/10507.png,data/raw/kolektor-sdd2/train/10507_GT.png,True,640,235,3,0,non-defect,train
train,data/raw/kolektor-sdd2/train/10508.png,data/raw/kolektor-sdd2/train/10508_GT.png,True,638,231,3,0,non-defect,train
train,data/raw/kolektor-sdd2/train/10509.png,data/raw/kolektor-sdd2/train/10509_GT.png,True,641,215,3,0,non-defect,train
train,data/raw/kolektor-sdd2/train/10510.png,data/raw/kolektor-sdd2/train/10510_GT.png,True,641,231,3,0,non-defect,train
train,data/raw/kolektor-sdd2/train/10511.png,data/raw/kolektor-sdd2/train/10511_GT.png,True,635,227,3,0,non-defect,validation
train,data/raw/kolektor-sdd2/train/10512.png,data/raw/kolektor-sdd2/train/10512_GT.png,True,642,232,3,0,non-defect,train
train,data/raw/kolektor-sdd2/train/10513.png,data/raw/kolektor-sdd2/train/10513_GT.png,True,633,230,3,0,non-defect,train
train,data/raw/kolektor-sdd2/train/10514.png,data/raw/kolektor-sdd2/train/10514_GT.png,True,637,228,3,1335,defect,train
train,data/raw/kolektor-sdd2/train/10515.png,data/raw/kolektor-sdd2/train/10515_GT.png,True,628,228,3,0,non-defect,validation
train,data/raw/kolektor-sdd2/train/10516.png,data/raw/kolektor-sdd2/train/10516_GT.png,True,633,232,3,8360,defect,train
train,data/raw/kolektor-sdd2/train/10517.png,data/raw/kolektor-sdd2/train/10517_GT.png,True,645,233,3,0,non-defect,validation
train,data/raw/kolektor-sdd2/train/10518.png,data/raw/kolektor-sdd2/train/10518_GT.png,True,635,230,3,0,non-defect,train
train,data/raw/kolektor-sdd2/train/10519.png,data/raw/kolektor-sdd2/train/10519_GT.png,True,637,231,3,0,non-defect,validation
train,data/raw/kolektor-sdd2/train/10520.png,data/raw/kolektor-sdd2/train/10520_GT.png,True,636,228,3,0,non-defect,train
train,data/raw/kolektor-sdd2/train/10521.png,data/raw/kolektor-sdd2/train/10521_GT.png,True,632,229,3,0,non-defect,validation
train,data/raw/kolektor-sdd2/train/10522.png,data/raw/kolektor-sdd2/train/10522_GT.png,True,637,229,3,0,non-defect,validation
train,data/raw/kolektor-sdd2/train/10523.png,data/raw/kolektor-sdd2/train/10523_GT.png,True,638,227,3,0,non-defect,train
train,data/raw/kolektor-sdd2/train/10524.png,data/raw/kolektor-sdd2/train/10524_GT.png,True,636,231,3,0,non-defect,train
train,data/raw/kolektor-sdd2/train/10525.png,data/raw/kolektor-sdd2/train/10525_GT.png,True,629,227,3,0,non-defect,train
train,data/raw/kolektor-sdd2/train/10526.png,data/raw/kolektor-sdd2/train/10526_GT.png,True,631,227,3,0,non-defect,train
train,data/raw/kolektor-sdd2/train/10527.png,data/raw/kolektor-sdd2/train/10527_GT.png,True,628,229,3,0,non-defect,train
train,data/raw/kolektor-sdd2/train/10528.png,data/raw/kolektor-sdd2/train/10528_GT.png,True,637,228,3,0,non-defect,train
train,data/raw/kolektor-sdd2/train/10529.png,data/raw/kolektor-sdd2/train/10529_GT.png,True,644,230,3,0,non-defect,train
train,data/raw/kolektor-sdd2/train/10530.png,data/raw/kolektor-sdd2/train/10530_GT.png,True,636,227,3,0,non-defect,train
train,data/raw/kolektor-sdd2/train/10531.png,data/raw/kolektor-sdd2/train/10531_GT.png,True,645,228,3,0,non-defect,train
train,data/raw/kolektor-sdd2/train/10532.png,data/raw/kolektor-sdd2/train/10532_GT.png,True,639,239,3,0,non-defect,train
train,data/raw/kolektor-sdd2/train/10533.png,data/raw/kolektor-sdd2/train/10533_GT.png,True,643,227,3,0,non-defect,train
train,data/raw/kolektor-sdd2/train/10534.png,data/raw/kolektor-sdd2/train/10534_GT.png,True,631,229,3,0,non-defect,train
train,data/raw/kolektor-sdd2/train/10535.png,data/raw/kolektor-sdd2/train/10535_GT.png,True,629,231,3,0,non-defect,validation
train,data/raw/kolektor-sdd2/train/10536.png,data/raw/kolektor-sdd2/train/10536_GT.png,True,643,228,3,4893,defect,train
train,data/raw/kolektor-sdd2/train/10537.png,data/raw/kolektor-sdd2/train/10537_GT.png,True,631,229,3,0,non-defect,train
train,data/raw/kolektor-sdd2/train/10538.png,data/raw/kolektor-sdd2/train/10538_GT.png,True,639,234,3,0,non-defect,train
train,data/raw/kolektor-sdd2/train/10539.png,data/raw/kolektor-sdd2/train/10539_GT.png,True,632,232,3,0,non-defect,validation
train,data/raw/kolektor-sdd2/train/10540.png,data/raw/kolektor-sdd2/train/10540_GT.png,True,633,236,3,0,non-defect,validation
train,data/raw/kolektor-sdd2/train/10541.png,data/raw/kolektor-sdd2/train/10541_GT.png,True,628,226,3,0,non-defect,train
train,data/raw/kolektor-sdd2/train/10542.png,data/raw/kolektor-sdd2/train/10542_GT.png,True,634,229,3,0,non-defect,train
train,data/raw/kolektor-sdd2/train/10543.png,data/raw/kolektor-sdd2/train/10543_GT.png,True,638,228,3,0,non-defect,validation
train,data/raw/kolektor-sdd2/train/10544.png,data/raw/kolektor-sdd2/train/10544_GT.png,True,640,226,3,0,non-defect,train
train,data/raw/kolektor-sdd2/train/10545.png,data/raw/kolektor-sdd2/train/10545_GT.png,True,639,230,3,0,non-defect,train
train,data/raw/kolektor-sdd2/train/10546.png,data/raw/kolektor-sdd2/train/10546_GT.png,True,638,231,3,0,non-defect,validation
train,data/raw/kolektor-sdd2/train/10547.png,data/raw/kolektor-sdd2/train/10547_GT.png,True,640,227,3,0,non-defect,train
train,data/raw/kolektor-sdd2/train/10548.png,data/raw/kolektor-sdd2/train/10548_GT.png,True,636,230,3,0,non-defect,train
train,data/raw/kolektor-sdd2/train/10549.png,data/raw/kolektor-sdd2/train/10549_GT.png,True,637,231,3,0,non-defect,train
train,data/raw/kolektor-sdd2/train/10550.png,data/raw/kolektor-sdd2/train/10550_GT.png,True,637,231,3,0,non-defect,train
train,data/raw/kolektor-sdd2/train/10551.png,data/raw/kolektor-sdd2/train/10551_GT.png,True,637,235,3,0,non-defect,train
train,data/raw/kolektor-sdd2/train/10552.png,data/raw/kolektor-sdd2/train/10552_GT.png,True,634,226,3,0,non-defect,validation
train,data/raw/kolektor-sdd2/train/10553.png,data/raw/kolektor-sdd2/train/10553_GT.png,True,635,210,3,0,non-defect,train
train,data/raw/kolektor-sdd2/train/10554.png,data/raw/kolektor-sdd2/train/10554_GT.png,True,629,232,3,1261,defect,validation
train,data/raw/kolektor-sdd2/train/10555.png,data/raw/kolektor-sdd2/train/10555_GT.png,True,631,229,3,0,non-defect,train
train,data/raw/kolektor-sdd2/train/10556.png,data/raw/kolektor-sdd2/train/10556_GT.png,True,643,231,3,0,non-defect,train
train,data/raw/kolektor-sdd2/train/10557.png,data/raw/kolektor-sdd2/train/10557_GT.png,True,635,225,3,1434,defect,train
train,data/raw/kolektor-sdd2/train/10558.png,data/raw/kolektor-sdd2/train/10558_GT.png,True,633,224,3,0,non-defect,train
train,data/raw/kolektor-sdd2/train/10559.png,data/raw/kolektor-sdd2/train/10559_GT.png,True,635,229,3,0,non-defect,train
train,data/raw/kolektor-sdd2/train/10560.png,data/raw/kolektor-sdd2/train/10560_GT.png,True,633,224,3,0,non-defect,train
train,data/raw/kolektor-sdd2/train/10561.png,data/raw/kolektor-sdd2/train/10561_GT.png,True,634,228,3,0,non-defect,train
train,data/raw/kolektor-sdd2/train/10562.png,data/raw/kolektor-sdd2/train/10562_GT.png,True,627,231,3,0,non-defect,train
train,data/raw/kolektor-sdd2/train/10563.png,data/raw/kolektor-sdd2/train/10563_GT.png,True,631,231,3,0,non-defect,validation
train,data/raw/kolektor-sdd2/train/10564.png,data/raw/kolektor-sdd2/train/10564_GT.png,True,635,227,3,0,non-defect,train
train,data/raw/kolektor-sdd2/train/10565.png,data/raw/kolektor-sdd2/train/10565_GT.png,True,638,227,3,0,non-defect,train
train,data/raw/kolektor-sdd2/train/10566.png,data/raw/kolektor-sdd2/train/10566_GT.png,True,638,229,3,0,non-defect,train
train,data/raw/kolektor-sdd2/train/10567.png,data/raw/kolektor-sdd2/train/10567_GT.png,True,638,231,3,0,non-defect,train
train,data/raw/kolektor-sdd2/train/10568.png,data/raw/kolektor-sdd2/train/10568_GT.png,True,638,231,3,0,non-defect,train
train,data/raw/kolektor-sdd2/train/10569.png,data/raw/kolektor-sdd2/train/10569_GT.png,True,642,229,3,8917,defect,validation
train,data/raw/kolektor-sdd2/train/10570.png,data/raw/kolektor-sdd2/train/10570_GT.png,True,628,230,3,0,non-defect,train
train,data/raw/kolektor-sdd2/train/10571.png,data/raw/kolektor-sdd2/train/10571_GT.png,True,635,231,3,0,non-defect,train
train,data/raw/kolektor-sdd2/train/10572.png,data/raw/kolektor-sdd2/train/10572_GT.png,True,639,233,3,0,non-defect,train
train,data/raw/kolektor-sdd2/train/10573.png,data/raw/kolektor-sdd2/train/10573_GT.png,True,631,228,3,0,non-defect,train
train,data/raw/kolektor-sdd2/train/10574.png,data/raw/kolektor-sdd2/train/10574_GT.png,True,644,218,3,5113,defect,train
train,data/raw/kolektor-sdd2/train/10575.png,data/raw/kolektor-sdd2/train/10575_GT.png,True,650,232,3,0,non-defect,train
train,data/raw/kolektor-sdd2/train/10576.png,data/raw/kolektor-sdd2/train/10576_GT.png,True,643,230,3,0,non-defect,train
train,data/raw/kolektor-sdd2/train/10577.png,data/raw/kolektor-sdd2/train/10577_GT.png,True,644,238,3,0,non-defect,validation
train,data/raw/kolektor-sdd2/train/10578.png,data/raw/kolektor-sdd2/train/10578_GT.png,True,638,228,3,0,non-defect,train
train,data/raw/kolektor-sdd2/train/10579.png,data/raw/kolektor-sdd2/train/10579_GT.png,True,645,232,3,0,non-defect,train
train,data/raw/kolektor-sdd2/train/10580.png,data/raw/kolektor-sdd2/train/10580_GT.png,True,647,230,3,0,non-defect,train
train,data/raw/kolektor-sdd2/train/10581.png,data/raw/kolektor-sdd2/train/10581_GT.png,True,643,228,3,0,non-defect,train
train,data/raw/kolektor-sdd2/train/10582.png,data/raw/kolektor-sdd2/train/10582_GT.png,True,639,227,3,0,non-defect,train
train,data/raw/kolektor-sdd2/train/10583.png,data/raw/kolektor-sdd2/train/10583_GT.png,True,645,234,3,504,defect,train
train,data/raw/kolektor-sdd2/train/10584.png,data/raw/kolektor-sdd2/train/10584_GT.png,True,643,234,3,0,non-defect,train
train,data/raw/kolektor-sdd2/train/10585.png,data/raw/kolektor-sdd2/train/10585_GT.png,True,646,228,3,8076,defect,train
train,data/raw/kolektor-sdd2/train/10586.png,data/raw/kolektor-sdd2/train/10586_GT.png,True,638,225,3,0,non-defect,validation
train,data/raw/kolektor-sdd2/train/10587.png,data/raw/kolektor-sdd2/train/10587_GT.png,True,636,230,3,0,non-defect,train
train,data/raw/kolektor-sdd2/train/10588.png,data/raw/kolektor-sdd2/train/10588_GT.png,True,630,230,3,0,non-defect,train
train,data/raw/kolektor-sdd2/train/10589.png,data/raw/kolektor-sdd2/train/10589_GT.png,True,632,228,3,0,non-defect,train
train,data/raw/kolektor-sdd2/train/10590.png,data/raw/kolektor-sdd2/train/10590_GT.png,True,635,229,3,0,non-defect,train
train,data/raw/kolektor-sdd2/train/10591.png,data/raw/kolektor-sdd2/train/10591_GT.png,True,633,221,3,0,non-defect,validation
train,data/raw/kolektor-sdd2/train/10592.png,data/raw/kolektor-sdd2/train/10592_GT.png,True,638,228,3,0,non-defect,validation
train,data/raw/kolektor-sdd2/train/10593.png,data/raw/kolektor-sdd2/train/10593_GT.png,True,639,230,3,0,non-defect,train
train,data/raw/kolektor-sdd2/train/10594.png,data/raw/kolektor-sdd2/train/10594_GT.png,True,646,231,3,0,non-defect,train
train,data/raw/kolektor-sdd2/train/10595.png,data/raw/kolektor-sdd2/train/10595_GT.png,True,642,234,3,0,non-defect,train
train,data/raw/kolektor-sdd2/train/10596.png,data/raw/kolektor-sdd2/train/10596_GT.png,True,644,230,3,0,non-defect,train
train,data/raw/kolektor-sdd2/train/10597.png,data/raw/kolektor-sdd2/train/10597_GT.png,True,633,231,3,0,non-defect,validation
train,data/raw/kolektor-sdd2/train/10598.png,data/raw/kolektor-sdd2/train/10598_GT.png,True,634,226,3,0,non-defect,train
train,data/raw/kolektor-sdd2/train/10599.png,data/raw/kolektor-sdd2/train/10599_GT.png,True,632,227,3,0,non-defect,train
train,data/raw/kolektor-sdd2/train/10600.png,data/raw/kolektor-sdd2/train/10600_GT.png,True,635,233,3,0,non-defect,train
train,data/raw/kolektor-sdd2/train/10601.png,data/raw/kolektor-sdd2/train/10601_GT.png,True,637,232,3,0,non-defect,train
train,data/raw/kolektor-sdd2/train/10602.png,data/raw/kolektor-sdd2/train/10602_GT.png,True,644,229,3,1428,defect,validation
train,data/raw/kolektor-sdd2/train/10603.png,data/raw/kolektor-sdd2/train/10603_GT.png,True,631,227,3,0,non-defect,train
train,data/raw/kolektor-sdd2/train/10604.png,data/raw/kolektor-sdd2/train/10604_GT.png,True,653,237,3,0,non-defect,train
train,data/raw/kolektor-sdd2/train/10605.png,data/raw/kolektor-sdd2/train/10605_GT.png,True,639,225,3,0,non-defect,train
train,data/raw/kolektor-sdd2/train/10606.png,data/raw/kolektor-sdd2/train/10606_GT.png,True,640,229,3,0,non-defect,train
train,data/raw/kolektor-sdd2/train/10607.png,data/raw/kolektor-sdd2/train/10607_GT.png,True,631,231,3,0,non-defect,train
train,data/raw/kolektor-sdd2/train/10608.png,data/raw/kolektor-sdd2/train/10608_GT.png,True,643,230,3,0,non-defect,train
train,data/raw/kolektor-sdd2/train/10609.png,data/raw/kolektor-sdd2/train/10609_GT.png,True,638,230,3,0,non-defect,train
train,data/raw/kolektor-sdd2/train/10610.png,data/raw/kolektor-sdd2/train/10610_GT.png,True,638,233,3,0,non-defect,validation
train,data/raw/kolektor-sdd2/train/10611.png,data/raw/kolektor-sdd2/train/10611_GT.png,True,636,231,3,0,non-defect,train
train,data/raw/kolektor-sdd2/train/10612.png,data/raw/kolektor-sdd2/train/10612_GT.png,True,633,219,3,1358,defect,train
train,data/raw/kolektor-sdd2/train/10613.png,data/raw/kolektor-sdd2/train/10613_GT.png,True,637,226,3,0,non-defect,train
train,data/raw/kolektor-sdd2/train/10614.png,data/raw/kolektor-sdd2/train/10614_GT.png,True,640,232,3,0,non-defect,train
train,data/raw/kolektor-sdd2/train/10615.png,data/raw/kolektor-sdd2/train/10615_GT.png,True,632,228,3,0,non-defect,train
train,data/raw/kolektor-sdd2/train/10616.png,data/raw/kolektor-sdd2/train/10616_GT.png,True,638,227,3,0,non-defect,train
train,data/raw/kolektor-sdd2/train/10617.png,data/raw/kolektor-sdd2/train/10617_GT.png,True,631,228,3,0,non-defect,train
train,data/raw/kolektor-sdd2/train/10618.png,data/raw/kolektor-sdd2/train/10618_GT.png,True,636,228,3,1738,defect,train
train,data/raw/kolektor-sdd2/train/10619.png,data/raw/kolektor-sdd2/train/10619_GT.png,True,643,232,3,0,non-defect,train
train,data/raw/kolektor-sdd2/train/10620.png,data/raw/kolektor-sdd2/train/10620_GT.png,True,636,229,3,0,non-defect,train
train,data/raw/kolektor-sdd2/train/10621.png,data/raw/kolektor-sdd2/train/10621_GT.png,True,635,235,3,0,non-defect,train
train,data/raw/kolektor-sdd2/train/10622.png,data/raw/kolektor-sdd2/train/10622_GT.png,True,640,228,3,0,non-defect,train
train,data/raw/kolektor-sdd2/train/10623.png,data/raw/kolektor-sdd2/train/10623_GT.png,True,639,230,3,0,non-defect,train
train,data/raw/kolektor-sdd2/train/10624.png,data/raw/kolektor-sdd2/train/10624_GT.png,True,644,231,3,0,non-defect,train
train,data/raw/kolektor-sdd2/train/10625.png,data/raw/kolektor-sdd2/train/10625_GT.png,True,637,224,3,0,non-defect,train
train,data/raw/kolektor-sdd2/train/10626.png,data/raw/kolektor-sdd2/train/10626_GT.png,True,627,227,3,0,non-defect,validation
train,data/raw/kolektor-sdd2/train/10627.png,data/raw/kolektor-sdd2/train/10627_GT.png,True,642,235,3,0,non-defect,train
train,data/raw/kolektor-sdd2/train/10628.png,data/raw/kolektor-sdd2/train/10628_GT.png,True,634,229,3,3863,defect,train
train,data/raw/kolektor-sdd2/train/10629.png,data/raw/kolektor-sdd2/train/10629_GT.png,True,634,231,3,0,non-defect,validation
train,data/raw/kolektor-sdd2/train/10630.png,data/raw/kolektor-sdd2/train/10630_GT.png,True,625,232,3,0,non-defect,validation
train,data/raw/kolektor-sdd2/train/10631.png,data/raw/kolektor-sdd2/train/10631_GT.png,True,634,229,3,0,non-defect,train
train,data/raw/kolektor-sdd2/train/10632.png,data/raw/kolektor-sdd2/train/10632_GT.png,True,638,227,3,0,non-defect,train
train,data/raw/kolektor-sdd2/train/10633.png,data/raw/kolektor-sdd2/train/10633_GT.png,True,633,225,3,0,non-defect,validation
train,data/raw/kolektor-sdd2/train/10634.png,data/raw/kolektor-sdd2/train/10634_GT.png,True,632,228,3,0,non-defect,train
train,data/raw/kolektor-sdd2/train/10635.png,data/raw/kolektor-sdd2/train/10635_GT.png,True,637,234,3,0,non-defect,train
train,data/raw/kolektor-sdd2/train/10636.png,data/raw/kolektor-sdd2/train/10636_GT.png,True,628,224,3,0,non-defect,validation
train,data/raw/kolektor-sdd2/train/10637.png,data/raw/kolektor-sdd2/train/10637_GT.png,True,637,229,3,1397,defect,train
train,data/raw/kolektor-sdd2/train/10638.png,data/raw/kolektor-sdd2/train/10638_GT.png,True,646,192,3,8788,defect,train
train,data/raw/kolektor-sdd2/train/10639.png,data/raw/kolektor-sdd2/train/10639_GT.png,True,622,227,3,0,non-defect,train
train,data/raw/kolektor-sdd2/train/10640.png,data/raw/kolektor-sdd2/train/10640_GT.png,True,632,226,3,0,non-defect,validation
train,data/raw/kolektor-sdd2/train/10641.png,data/raw/kolektor-sdd2/train/10641_GT.png,True,634,227,3,0,non-defect,train
train,data/raw/kolektor-sdd2/train/10642.png,data/raw/kolektor-sdd2/train/10642_GT.png,True,626,225,3,0,non-defect,train
train,data/raw/kolektor-sdd2/train/10643.png,data/raw/kolektor-sdd2/train/10643_GT.png,True,640,235,3,0,non-defect,train
train,data/raw/kolektor-sdd2/train/10644.png,data/raw/kolektor-sdd2/train/10644_GT.png,True,643,234,3,0,non-defect,validation
train,data/raw/kolektor-sdd2/train/10645.png,data/raw/kolektor-sdd2/train/10645_GT.png,True,632,226,3,0,non-defect,validation
train,data/raw/kolektor-sdd2/train/10646.png,data/raw/kolektor-sdd2/train/10646_GT.png,True,626,226,3,0,non-defect,validation
train,data/raw/kolektor-sdd2/train/10647.png,data/raw/kolektor-sdd2/train/10647_GT.png,True,638,231,3,794,defect,train
train,data/raw/kolektor-sdd2/train/10648.png,data/raw/kolektor-sdd2/train/10648_GT.png,True,638,228,3,231,defect,train
train,data/raw/kolektor-sdd2/train/10649.png,data/raw/kolektor-sdd2/train/10649_GT.png,True,638,229,3,0,non-defect,validation
train,data/raw/kolektor-sdd2/train/10650.png,data/raw/kolektor-sdd2/train/10650_GT.png,True,642,229,3,0,non-defect,train
train,data/raw/kolektor-sdd2/train/10651.png,data/raw/kolektor-sdd2/train/10651_GT.png,True,631,224,3,0,non-defect,train
train,data/raw/kolektor-sdd2/train/10652.png,data/raw/kolektor-sdd2/train/10652_GT.png,True,638,225,3,0,non-defect,train
train,data/raw/kolektor-sdd2/train/10653.png,data/raw/kolektor-sdd2/train/10653_GT.png,True,636,226,3,0,non-defect,train
train,data/raw/kolektor-sdd2/train/10654.png,data/raw/kolektor-sdd2/train/10654_GT.png,True,636,233,3,2349,defect,train
train,data/raw/kolektor-sdd2/train/10655.png,data/raw/kolektor-sdd2/train/10655_GT.png,True,630,222,3,0,non-defect,train
train,data/raw/kolektor-sdd2/train/10656.png,data/raw/kolektor-sdd2/train/10656_GT.png,True,632,225,3,0,non-defect,train
train,data/raw/kolektor-sdd2/train/10657.png,data/raw/kolektor-sdd2/train/10657_GT.png,True,634,229,3,0,non-defect,validation
train,data/raw/kolektor-sdd2/train/10658.png,data/raw/kolektor-sdd2/train/10658_GT.png,True,645,228,3,0,non-defect,train
train,data/raw/kolektor-sdd2/train/10659.png,data/raw/kolektor-sdd2/train/10659_GT.png,True,629,223,3,962,defect,train
train,data/raw/kolektor-sdd2/train/10660.png,data/raw/kolektor-sdd2/train/10660_GT.png,True,645,232,3,0,non-defect,train
train,data/raw/kolektor-sdd2/train/10661.png,data/raw/kolektor-sdd2/train/10661_GT.png,True,624,233,3,3118,defect,train
train,data/raw/kolektor-sdd2/train/10662.png,data/raw/kolektor-sdd2/train/10662_GT.png,True,640,236,3,0,non-defect,train
train,data/raw/kolektor-sdd2/train/10663.png,data/raw/kolektor-sdd2/train/10663_GT.png,True,640,237,3,1689,defect,train
train,data/raw/kolektor-sdd2/train/10664.png,data/raw/kolektor-sdd2/train/10664_GT.png,True,636,230,3,0,non-defect,train
train,data/raw/kolektor-sdd2/train/10665.png,data/raw/kolektor-sdd2/train/10665_GT.png,True,640,235,3,0,non-defect,train
train,data/raw/kolektor-sdd2/train/10666.png,data/raw/kolektor-sdd2/train/10666_GT.png,True,647,237,3,0,non-defect,train
train,data/raw/kolektor-sdd2/train/10667.png,data/raw/kolektor-sdd2/train/10667_GT.png,True,626,232,3,0,non-defect,train
train,data/raw/kolektor-sdd2/train/10668.png,data/raw/kolektor-sdd2/train/10668_GT.png,True,643,232,3,0,non-defect,train
train,data/raw/kolektor-sdd2/train/10669.png,data/raw/kolektor-sdd2/train/10669_GT.png,True,628,235,3,0,non-defect,train
train,data/raw/kolektor-sdd2/train/10670.png,data/raw/kolektor-sdd2/train/10670_GT.png,True,647,233,3,0,non-defect,validation
train,data/raw/kolektor-sdd2/train/10671.png,data/raw/kolektor-sdd2/train/10671_GT.png,True,630,229,3,0,non-defect,train
train,data/raw/kolektor-sdd2/train/10672.png,data/raw/kolektor-sdd2/train/10672_GT.png,True,634,238,3,3649,defect,train
train,data/raw/kolektor-sdd2/train/10673.png,data/raw/kolektor-sdd2/train/10673_GT.png,True,636,227,3,0,non-defect,train
train,data/raw/kolektor-sdd2/train/10674.png,data/raw/kolektor-sdd2/train/10674_GT.png,True,636,233,3,0,non-defect,validation
train,data/raw/kolektor-sdd2/train/10675.png,data/raw/kolektor-sdd2/train/10675_GT.png,True,628,228,3,0,non-defect,train
train,data/raw/kolektor-sdd2/train/10676.png,data/raw/kolektor-sdd2/train/10676_GT.png,True,647,229,3,0,non-defect,train
train,data/raw/kolektor-sdd2/train/10677.png,data/raw/kolektor-sdd2/train/10677_GT.png,True,639,235,3,64,defect,validation
train,data/raw/kolektor-sdd2/train/10678.png,data/raw/kolektor-sdd2/train/10678_GT.png,True,630,221,3,2638,defect,train
train,data/raw/kolektor-sdd2/train/10679.png,data/raw/kolektor-sdd2/train/10679_GT.png,True,628,224,3,0,non-defect,validation
train,data/raw/kolektor-sdd2/train/10680.png,data/raw/kolektor-sdd2/train/10680_GT.png,True,639,226,3,0,non-defect,train
train,data/raw/kolektor-sdd2/train/10681.png,data/raw/kolektor-sdd2/train/10681_GT.png,True,623,228,3,0,non-defect,train
train,data/raw/kolektor-sdd2/train/10682.png,data/raw/kolektor-sdd2/train/10682_GT.png,True,639,227,3,0,non-defect,train
train,data/raw/kolektor-sdd2/train/10683.png,data/raw/kolektor-sdd2/train/10683_GT.png,True,635,231,3,0,non-defect,validation
train,data/raw/kolektor-sdd2/train/10684.png,data/raw/kolektor-sdd2/train/10684_GT.png,True,639,226,3,0,non-defect,validation
train,data/raw/kolektor-sdd2/train/10685.png,data/raw/kolektor-sdd2/train/10685_GT.png,True,638,230,3,0,non-defect,train
train,data/raw/kolektor-sdd2/train/10686.png,data/raw/kolektor-sdd2/train/10686_GT.png,True,637,231,3,0,non-defect,train
train,data/raw/kolektor-sdd2/train/10687.png,data/raw/kolektor-sdd2/train/10687_GT.png,True,640,234,3,0,non-defect,train
train,data/raw/kolektor-sdd2/train/10688.png,data/raw/kolektor-sdd2/train/10688_GT.png,True,649,233,3,0,non-defect,train
train,data/raw/kolektor-sdd2/train/10689.png,data/raw/kolektor-sdd2/train/10689_GT.png,True,637,233,3,0,non-defect,train
train,data/raw/kolektor-sdd2/train/10690.png,data/raw/kolektor-sdd2/train/10690_GT.png,True,644,232,3,0,non-defect,validation
train,data/raw/kolektor-sdd2/train/10691.png,data/raw/kolektor-sdd2/train/10691_GT.png,True,628,231,3,0,non-defect,train
train,data/raw/kolektor-sdd2/train/10692.png,data/raw/kolektor-sdd2/train/10692_GT.png,True,641,227,3,0,non-defect,train
train,data/raw/kolektor-sdd2/train/10693.png,data/raw/kolektor-sdd2/train/10693_GT.png,True,631,225,3,0,non-defect,train
train,data/raw/kolektor-sdd2/train/10694.png,data/raw/kolektor-sdd2/train/10694_GT.png,True,637,230,3,0,non-defect,train
train,data/raw/kolektor-sdd2/train/10695.png,data/raw/kolektor-sdd2/train/10695_GT.png,True,642,227,3,1600,defect,train
train,data/raw/kolektor-sdd2/train/10696.png,data/raw/kolektor-sdd2/train/10696_GT.png,True,633,227,3,0,non-defect,validation
train,data/raw/kolektor-sdd2/train/10697.png,data/raw/kolektor-sdd2/train/10697_GT.png,True,642,228,3,0,non-defect,train
train,data/raw/kolektor-sdd2/train/10698.png,data/raw/kolektor-sdd2/train/10698_GT.png,True,636,229,3,0,non-defect,train
train,data/raw/kolektor-sdd2/train/10699.png,data/raw/kolektor-sdd2/train/10699_GT.png,True,631,226,3,0,non-defect,train
train,data/raw/kolektor-sdd2/train/10700.png,data/raw/kolektor-sdd2/train/10700_GT.png,True,640,231,3,0,non-defect,validation
train,data/raw/kolektor-sdd2/train/10701.png,data/raw/kolektor-sdd2/train/10701_GT.png,True,634,207,3,0,non-defect,train
train,data/raw/kolektor-sdd2/train/10702.png,data/raw/kolektor-sdd2/train/10702_GT.png,True,651,232,3,0,non-defect,validation
train,data/raw/kolektor-sdd2/train/10703.png,data/raw/kolektor-sdd2/train/10703_GT.png,True,653,234,3,0,non-defect,train
train,data/raw/kolektor-sdd2/train/10704.png,data/raw/kolektor-sdd2/train/10704_GT.png,True,631,225,3,0,non-defect,validation
train,data/raw/kolektor-sdd2/train/10705.png,data/raw/kolektor-sdd2/train/10705_GT.png,True,641,222,3,0,non-defect,train
train,data/raw/kolektor-sdd2/train/10706.png,data/raw/kolektor-sdd2/train/10706_GT.png,True,637,231,3,0,non-defect,train
train,data/raw/kolektor-sdd2/train/10707.png,data/raw/kolektor-sdd2/train/10707_GT.png,True,639,233,3,749,defect,train
train,data/raw/kolektor-sdd2/train/10708.png,data/raw/kolektor-sdd2/train/10708_GT.png,True,629,227,3,0,non-defect,train
train,data/raw/kolektor-sdd2/train/10709.png,data/raw/kolektor-sdd2/train/10709_GT.png,True,638,227,3,0,non-defect,train
train,data/raw/kolektor-sdd2/train/10710.png,data/raw/kolektor-sdd2/train/10710_GT.png,True,636,227,3,0,non-defect,train
train,data/raw/kolektor-sdd2/train/10711.png,data/raw/kolektor-sdd2/train/10711_GT.png,True,629,233,3,154,defect,train
train,data/raw/kolektor-sdd2/train/10712.png,data/raw/kolektor-sdd2/train/10712_GT.png,True,637,229,3,6236,defect,train
train,data/raw/kolektor-sdd2/train/10713.png,data/raw/kolektor-sdd2/train/10713_GT.png,True,640,231,3,0,non-defect,train
train,data/raw/kolektor-sdd2/train/10714.png,data/raw/kolektor-sdd2/train/10714_GT.png,True,642,230,3,606,defect,train
train,data/raw/kolektor-sdd2/train/10715.png,data/raw/kolektor-sdd2/train/10715_GT.png,True,633,227,3,0,non-defect,train
train,data/raw/kolektor-sdd2/train/10716.png,data/raw/kolektor-sdd2/train/10716_GT.png,True,623,229,3,0,non-defect,train
train,data/raw/kolektor-sdd2/train/10717.png,data/raw/kolektor-sdd2/train/10717_GT.png,True,633,224,3,0,non-defect,validation
train,data/raw/kolektor-sdd2/train/10718.png,data/raw/kolektor-sdd2/train/10718_GT.png,True,630,230,3,0,non-defect,train
train,data/raw/kolektor-sdd2/train/10719.png,data/raw/kolektor-sdd2/train/10719_GT.png,True,629,230,3,0,non-defect,train
train,data/raw/kolektor-sdd2/train/10720.png,data/raw/kolektor-sdd2/train/10720_GT.png,True,628,223,3,0,non-defect,train
train,data/raw/kolektor-sdd2/train/10721.png,data/raw/kolektor-sdd2/train/10721_GT.png,True,633,233,3,0,non-defect,validation
train,data/raw/kolektor-sdd2/train/10722.png,data/raw/kolektor-sdd2/train/10722_GT.png,True,636,227,3,0,non-defect,validation
train,data/raw/kolektor-sdd2/train/10723.png,data/raw/kolektor-sdd2/train/10723_GT.png,True,643,229,3,0,non-defect,train
train,data/raw/kolektor-sdd2/train/10724.png,data/raw/kolektor-sdd2/train/10724_GT.png,True,641,234,3,0,non-defect,train
train,data/raw/kolektor-sdd2/train/10725.png,data/raw/kolektor-sdd2/train/10725_GT.png,True,627,229,3,0,non-defect,train
train,data/raw/kolektor-sdd2/train/10726.png,data/raw/kolektor-sdd2/train/10726_GT.png,True,652,229,3,0,non-defect,validation
train,data/raw/kolektor-sdd2/train/10727.png,data/raw/kolektor-sdd2/train/10727_GT.png,True,640,232,3,386,defect,train
train,data/raw/kolektor-sdd2/train/10728.png,data/raw/kolektor-sdd2/train/10728_GT.png,True,638,234,3,0,non-defect,train
train,data/raw/kolektor-sdd2/train/10729.png,data/raw/kolektor-sdd2/train/10729_GT.png,True,640,232,3,500,defect,train
train,data/raw/kolektor-sdd2/train/10730.png,data/raw/kolektor-sdd2/train/10730_GT.png,True,639,235,3,0,non-defect,validation
train,data/raw/kolektor-sdd2/train/10731.png,data/raw/kolektor-sdd2/train/10731_GT.png,True,644,235,3,0,non-defect,validation
train,data/raw/kolektor-sdd2/train/10732.png,data/raw/kolektor-sdd2/train/10732_GT.png,True,630,232,3,0,non-defect,train
train,data/raw/kolektor-sdd2/train/10733.png,data/raw/kolektor-sdd2/train/10733_GT.png,True,648,223,3,0,non-defect,train
train,data/raw/kolektor-sdd2/train/10734.png,data/raw/kolektor-sdd2/train/10734_GT.png,True,642,227,3,0,non-defect,train
train,data/raw/kolektor-sdd2/train/10735.png,data/raw/kolektor-sdd2/train/10735_GT.png,True,637,237,3,0,non-defect,train
train,data/raw/kolektor-sdd2/train/10736.png,data/raw/kolektor-sdd2/train/10736_GT.png,True,631,228,3,0,non-defect,validation
train,data/raw/kolektor-sdd2/train/10737.png,data/raw/kolektor-sdd2/train/10737_GT.png,True,644,236,3,0,non-defect,train
train,data/raw/kolektor-sdd2/train/10738.png,data/raw/kolektor-sdd2/train/10738_GT.png,True,638,235,3,0,non-defect,validation
train,data/raw/kolektor-sdd2/train/10739.png,data/raw/kolektor-sdd2/train/10739_GT.png,True,646,229,3,0,non-defect,train
train,data/raw/kolektor-sdd2/train/10740.png,data/raw/kolektor-sdd2/train/10740_GT.png,True,636,230,3,0,non-defect,train
train,data/raw/kolektor-sdd2/train/10741.png,data/raw/kolektor-sdd2/train/10741_GT.png,True,630,226,3,0,non-defect,train
train,data/raw/kolektor-sdd2/train/10742.png,data/raw/kolektor-sdd2/train/10742_GT.png,True,632,227,3,0,non-defect,train
train,data/raw/kolektor-sdd2/train/10743.png,data/raw/kolektor-sdd2/train/10743_GT.png,True,632,230,3,3959,defect,train
train,data/raw/kolektor-sdd2/train/10744.png,data/raw/kolektor-sdd2/train/10744_GT.png,True,642,228,3,0,non-defect,train
train,data/raw/kolektor-sdd2/train/10745.png,data/raw/kolektor-sdd2/train/10745_GT.png,True,636,229,3,0,non-defect,train
train,data/raw/kolektor-sdd2/train/10746.png,data/raw/kolektor-sdd2/train/10746_GT.png,True,635,232,3,0,non-defect,train
train,data/raw/kolektor-sdd2/train/10747.png,data/raw/kolektor-sdd2/train/10747_GT.png,True,621,229,3,0,non-defect,train
train,data/raw/kolektor-sdd2/train/10748.png,data/raw/kolektor-sdd2/train/10748_GT.png,True,641,228,3,0,non-defect,validation
train,data/raw/kolektor-sdd2/train/10749.png,data/raw/kolektor-sdd2/train/10749_GT.png,True,649,231,3,0,non-defect,train
train,data/raw/kolektor-sdd2/train/10750.png,data/raw/kolektor-sdd2/train/10750_GT.png,True,630,228,3,0,non-defect,train
train,data/raw/kolektor-sdd2/train/10751.png,data/raw/kolektor-sdd2/train/10751_GT.png,True,643,234,3,0,non-defect,train
train,data/raw/kolektor-sdd2/train/10752.png,data/raw/kolektor-sdd2/train/10752_GT.png,True,646,234,3,0,non-defect,validation
train,data/raw/kolektor-sdd2/train/10753.png,data/raw/kolektor-sdd2/train/10753_GT.png,True,638,228,3,0,non-defect,train
train,data/raw/kolektor-sdd2/train/10754.png,data/raw/kolektor-sdd2/train/10754_GT.png,True,637,224,3,0,non-defect,validation
train,data/raw/kolektor-sdd2/train/10755.png,data/raw/kolektor-sdd2/train/10755_GT.png,True,646,230,3,0,non-defect,train
train,data/raw/kolektor-sdd2/train/10756.png,data/raw/kolektor-sdd2/train/10756_GT.png,True,646,233,3,3731,defect,train
train,data/raw/kolektor-sdd2/train/10757.png,data/raw/kolektor-sdd2/train/10757_GT.png,True,637,223,3,0,non-defect,train
train,data/raw/kolektor-sdd2/train/10758.png,data/raw/kolektor-sdd2/train/10758_GT.png,True,631,232,3,0,non-defect,validation
train,data/raw/kolektor-sdd2/train/10759.png,data/raw/kolektor-sdd2/train/10759_GT.png,True,648,233,3,0,non-defect,train
train,data/raw/kolektor-sdd2/train/10760.png,data/raw/kolektor-sdd2/train/10760_GT.png,True,643,236,3,0,non-defect,train
train,data/raw/kolektor-sdd2/train/10761.png,data/raw/kolektor-sdd2/train/10761_GT.png,True,631,229,3,0,non-defect,train
train,data/raw/kolektor-sdd2/train/10762.png,data/raw/kolektor-sdd2/train/10762_GT.png,True,645,233,3,0,non-defect,train
train,data/raw/kolektor-sdd2/train/10763.png,data/raw/kolektor-sdd2/train/10763_GT.png,True,631,229,3,0,non-defect,validation
train,data/raw/kolektor-sdd2/train/10764.png,data/raw/kolektor-sdd2/train/10764_GT.png,True,647,233,3,0,non-defect,train
train,data/raw/kolektor-sdd2/train/10765.png,data/raw/kolektor-sdd2/train/10765_GT.png,True,630,226,3,0,non-defect,train
train,data/raw/kolektor-sdd2/train/10766.png,data/raw/kolektor-sdd2/train/10766_GT.png,True,650,226,3,0,non-defect,train
train,data/raw/kolektor-sdd2/train/10767.png,data/raw/kolektor-sdd2/train/10767_GT.png,True,644,233,3,0,non-defect,train
train,data/raw/kolektor-sdd2/train/10768.png,data/raw/kolektor-sdd2/train/10768_GT.png,True,641,201,3,0,non-defect,train
train,data/raw/kolektor-sdd2/train/10769.png,data/raw/kolektor-sdd2/train/10769_GT.png,True,642,226,3,0,non-defect,train
train,data/raw/kolektor-sdd2/train/10770.png,data/raw/kolektor-sdd2/train/10770_GT.png,True,640,230,3,1187,defect,train
train,data/raw/kolektor-sdd2/train/10771.png,data/raw/kolektor-sdd2/train/10771_GT.png,True,629,228,3,0,non-defect,train
train,data/raw/kolektor-sdd2/train/10772.png,data/raw/kolektor-sdd2/train/10772_GT.png,True,640,232,3,0,non-defect,train
train,data/raw/kolektor-sdd2/train/10773.png,data/raw/kolektor-sdd2/train/10773_GT.png,True,640,227,3,0,non-defect,train
train,data/raw/kolektor-sdd2/train/10774.png,data/raw/kolektor-sdd2/train/10774_GT.png,True,638,233,3,1152,defect,train
train,data/raw/kolektor-sdd2/train/10775.png,data/raw/kolektor-sdd2/train/10775_GT.png,True,638,233,3,0,non-defect,train
train,data/raw/kolektor-sdd2/train/10776.png,data/raw/kolektor-sdd2/train/10776_GT.png,True,633,229,3,0,non-defect,train
train,data/raw/kolektor-sdd2/train/10777.png,data/raw/kolektor-sdd2/train/10777_GT.png,True,638,232,3,0,non-defect,validation
train,data/raw/kolektor-sdd2/train/10778.png,data/raw/kolektor-sdd2/train/10778_GT.png,True,632,232,3,0,non-defect,train
train,data/raw/kolektor-sdd2/train/10779.png,data/raw/kolektor-sdd2/train/10779_GT.png,True,643,235,3,0,non-defect,train
train,data/raw/kolektor-sdd2/train/10780.png,data/raw/kolektor-sdd2/train/10780_GT.png,True,623,233,3,0,non-defect,validation
train,data/raw/kolektor-sdd2/train/10781.png,data/raw/kolektor-sdd2/train/10781_GT.png,True,638,211,3,0,non-defect,train
train,data/raw/kolektor-sdd2/train/10782.png,data/raw/kolektor-sdd2/train/10782_GT.png,True,642,234,3,0,non-defect,train
train,data/raw/kolektor-sdd2/train/10783.png,data/raw/kolektor-sdd2/train/10783_GT.png,True,641,230,3,0,non-defect,train
train,data/raw/kolektor-sdd2/train/10784.png,data/raw/kolektor-sdd2/train/10784_GT.png,True,642,232,3,0,non-defect,train
train,data/raw/kolektor-sdd2/train/10785.png,data/raw/kolektor-sdd2/train/10785_GT.png,True,633,225,3,0,non-defect,validation
train,data/raw/kolektor-sdd2/train/10786.png,data/raw/kolektor-sdd2/train/10786_GT.png,True,639,221,3,0,non-defect,train
train,data/raw/kolektor-sdd2/train/10787.png,data/raw/kolektor-sdd2/train/10787_GT.png,True,638,229,3,0,non-defect,train
train,data/raw/kolektor-sdd2/train/10788.png,data/raw/kolektor-sdd2/train/10788_GT.png,True,647,234,3,0,non-defect,train
train,data/raw/kolektor-sdd2/train/10789.png,data/raw/kolektor-sdd2/train/10789_GT.png,True,645,236,3,0,non-defect,train
train,data/raw/kolektor-sdd2/train/10790.png,data/raw/kolektor-sdd2/train/10790_GT.png,True,630,227,3,0,non-defect,train
train,data/raw/kolektor-sdd2/train/10791.png,data/raw/kolektor-sdd2/train/10791_GT.png,True,638,231,3,0,non-defect,train
train,data/raw/kolektor-sdd2/train/10792.png,data/raw/kolektor-sdd2/train/10792_GT.png,True,636,233,3,0,non-defect,train
train,data/raw/kolektor-sdd2/train/10793.png,data/raw/kolektor-sdd2/train/10793_GT.png,True,635,229,3,0,non-defect,train
train,data/raw/kolektor-sdd2/train/10794.png,data/raw/kolektor-sdd2/train/10794_GT.png,True,632,226,3,0,non-defect,train
train,data/raw/kolektor-sdd2/train/10795.png,data/raw/kolektor-sdd2/train/10795_GT.png,True,652,229,3,0,non-defect,train
train,data/raw/kolektor-sdd2/train/10796.png,data/raw/kolektor-sdd2/train/10796_GT.png,True,638,214,3,0,non-defect,train
train,data/raw/kolektor-sdd2/train/10797.png,data/raw/kolektor-sdd2/train/10797_GT.png,True,632,220,3,5271,defect,train
train,data/raw/kolektor-sdd2/train/10798.png,data/raw/kolektor-sdd2/train/10798_GT.png,True,649,235,3,0,non-defect,validation
train,data/raw/kolektor-sdd2/train/10799.png,data/raw/kolektor-sdd2/train/10799_GT.png,True,641,232,3,0,non-defect,validation
train,data/raw/kolektor-sdd2/train/10800.png,data/raw/kolektor-sdd2/train/10800_GT.png,True,638,228,3,0,non-defect,validation
train,data/raw/kolektor-sdd2/train/10801.png,data/raw/kolektor-sdd2/train/10801_GT.png,True,644,237,3,0,non-defect,train
train,data/raw/kolektor-sdd2/train/10802.png,data/raw/kolektor-sdd2/train/10802_GT.png,True,647,236,3,0,non-defect,train
train,data/raw/kolektor-sdd2/train/10803.png,data/raw/kolektor-sdd2/train/10803_GT.png,True,639,229,3,0,non-defect,validation
train,data/raw/kolektor-sdd2/train/10804.png,data/raw/kolektor-sdd2/train/10804_GT.png,True,634,226,3,0,non-defect,train
train,data/raw/kolektor-sdd2/train/10805.png,data/raw/kolektor-sdd2/train/10805_GT.png,True,634,205,3,0,non-defect,validation
train,data/raw/kolektor-sdd2/train/10806.png,data/raw/kolektor-sdd2/train/10806_GT.png,True,638,232,3,0,non-defect,train
train,data/raw/kolektor-sdd2/train/10807.png,data/raw/kolektor-sdd2/train/10807_GT.png,True,639,232,3,0,non-defect,train
train,data/raw/kolektor-sdd2/train/10808.png,data/raw/kolektor-sdd2/train/10808_GT.png,True,631,226,3,1802,defect,train
train,data/raw/kolektor-sdd2/train/10809.png,data/raw/kolektor-sdd2/train/10809_GT.png,True,635,226,3,0,non-defect,train
train,data/raw/kolektor-sdd2/train/10810.png,data/raw/kolektor-sdd2/train/10810_GT.png,True,640,235,3,0,non-defect,validation
train,data/raw/kolektor-sdd2/train/10811.png,data/raw/kolektor-sdd2/train/10811_GT.png,True,641,232,3,0,non-defect,train
train,data/raw/kolektor-sdd2/train/10812.png,data/raw/kolektor-sdd2/train/10812_GT.png,True,630,228,3,0,non-defect,train
train,data/raw/kolektor-sdd2/train/10813.png,data/raw/kolektor-sdd2/train/10813_GT.png,True,630,233,3,0,non-defect,validation
train,data/raw/kolektor-sdd2/train/10814.png,data/raw/kolektor-sdd2/train/10814_GT.png,True,632,226,3,0,non-defect,train
train,data/raw/kolektor-sdd2/train/10815.png,data/raw/kolektor-sdd2/train/10815_GT.png,True,639,232,3,0,non-defect,train
train,data/raw/kolektor-sdd2/train/10816.png,data/raw/kolektor-sdd2/train/10816_GT.png,True,632,205,3,0,non-defect,train
train,data/raw/kolektor-sdd2/train/10817.png,data/raw/kolektor-sdd2/train/10817_GT.png,True,625,227,3,0,non-defect,train
train,data/raw/kolektor-sdd2/train/10818.png,data/raw/kolektor-sdd2/train/10818_GT.png,True,633,226,3,0,non-defect,train
train,data/raw/kolektor-sdd2/train/10819.png,data/raw/kolektor-sdd2/train/10819_GT.png,True,645,227,3,0,non-defect,train
train,data/raw/kolektor-sdd2/train/10820.png,data/raw/kolektor-sdd2/train/10820_GT.png,True,634,222,3,0,non-defect,train
train,data/raw/kolektor-sdd2/train/10821.png,data/raw/kolektor-sdd2/train/10821_GT.png,True,634,228,3,7466,defect,train
train,data/raw/kolektor-sdd2/train/10822.png,data/raw/kolektor-sdd2/train/10822_GT.png,True,636,231,3,0,non-defect,train
train,data/raw/kolektor-sdd2/train/10823.png,data/raw/kolektor-sdd2/train/10823_GT.png,True,631,235,3,0,non-defect,train
train,data/raw/kolektor-sdd2/train/10824.png,data/raw/kolektor-sdd2/train/10824_GT.png,True,636,233,3,0,non-defect,train
train,data/raw/kolektor-sdd2/train/10825.png,data/raw/kolektor-sdd2/train/10825_GT.png,True,641,230,3,0,non-defect,validation
train,data/raw/kolektor-sdd2/train/10826.png,data/raw/kolektor-sdd2/train/10826_GT.png,True,638,225,3,0,non-defect,validation
train,data/raw/kolektor-sdd2/train/10827.png,data/raw/kolektor-sdd2/train/10827_GT.png,True,641,225,3,0,non-defect,train
train,data/raw/kolektor-sdd2/train/10828.png,data/raw/kolektor-sdd2/train/10828_GT.png,True,649,241,3,0,non-defect,train
train,data/raw/kolektor-sdd2/train/10829.png,data/raw/kolektor-sdd2/train/10829_GT.png,True,629,229,3,0,non-defect,train
train,data/raw/kolektor-sdd2/train/10830.png,data/raw/kolektor-sdd2/train/10830_GT.png,True,646,230,3,0,non-defect,train
train,data/raw/kolektor-sdd2/train/10831.png,data/raw/kolektor-sdd2/train/10831_GT.png,True,630,226,3,0,non-defect,train
train,data/raw/kolektor-sdd2/train/10832.png,data/raw/kolektor-sdd2/train/10832_GT.png,True,628,229,3,0,non-defect,validation
train,data/raw/kolektor-sdd2/train/10833.png,data/raw/kolektor-sdd2/train/10833_GT.png,True,634,231,3,0,non-defect,train
train,data/raw/kolektor-sdd2/train/10834.png,data/raw/kolektor-sdd2/train/10834_GT.png,True,625,226,3,0,non-defect,train
train,data/raw/kolektor-sdd2/train/10835.png,data/raw/kolektor-sdd2/train/10835_GT.png,True,635,224,3,0,non-defect,train
train,data/raw/kolektor-sdd2/train/10836.png,data/raw/kolektor-sdd2/train/10836_GT.png,True,637,229,3,0,non-defect,train
train,data/raw/kolektor-sdd2/train/10837.png,data/raw/kolektor-sdd2/train/10837_GT.png,True,632,226,3,0,non-defect,train
train,data/raw/kolektor-sdd2/train/10838.png,data/raw/kolektor-sdd2/train/10838_GT.png,True,641,231,3,0,non-defect,train
train,data/raw/kolektor-sdd2/train/10839.png,data/raw/kolektor-sdd2/train/10839_GT.png,True,640,234,3,0,non-defect,validation
train,data/raw/kolektor-sdd2/train/10840.png,data/raw/kolektor-sdd2/train/10840_GT.png,True,637,240,3,0,non-defect,train
train,data/raw/kolektor-sdd2/train/10841.png,data/raw/kolektor-sdd2/train/10841_GT.png,True,636,227,3,0,non-defect,train
train,data/raw/kolektor-sdd2/train/10842.png,data/raw/kolektor-sdd2/train/10842_GT.png,True,631,223,3,0,non-defect,validation
train,data/raw/kolektor-sdd2/train/10843.png,data/raw/kolektor-sdd2/train/10843_GT.png,True,633,231,3,0,non-defect,train
train,data/raw/kolektor-sdd2/train/10844.png,data/raw/kolektor-sdd2/train/10844_GT.png,True,640,227,3,78,defect,train
train,data/raw/kolektor-sdd2/train/10845.png,data/raw/kolektor-sdd2/train/10845_GT.png,True,635,231,3,2097,defect,train
train,data/raw/kolektor-sdd2/train/10846.png,data/raw/kolektor-sdd2/train/10846_GT.png,True,642,231,3,7403,defect,train
train,data/raw/kolektor-sdd2/train/10847.png,data/raw/kolektor-sdd2/train/10847_GT.png,True,645,227,3,0,non-defect,train
train,data/raw/kolektor-sdd2/train/10848.png,data/raw/kolektor-sdd2/train/10848_GT.png,True,638,233,3,0,non-defect,train
train,data/raw/kolektor-sdd2/train/10849.png,data/raw/kolektor-sdd2/train/10849_GT.png,True,633,231,3,2534,defect,train
train,data/raw/kolektor-sdd2/train/10850.png,data/raw/kolektor-sdd2/train/10850_GT.png,True,644,232,3,0,non-defect,train
train,data/raw/kolektor-sdd2/train/10851.png,data/raw/kolektor-sdd2/train/10851_GT.png,True,644,232,3,0,non-defect,train
train,data/raw/kolektor-sdd2/train/10852.png,data/raw/kolektor-sdd2/train/10852_GT.png,True,642,232,3,0,non-defect,train
train,data/raw/kolektor-sdd2/train/10853.png,data/raw/kolektor-sdd2/train/10853_GT.png,True,644,224,3,0,non-defect,train
train,data/raw/kolektor-sdd2/train/10854.png,data/raw/kolektor-sdd2/train/10854_GT.png,True,645,235,3,0,non-defect,train
train,data/raw/kolektor-sdd2/train/10855.png,data/raw/kolektor-sdd2/train/10855_GT.png,True,634,226,3,0,non-defect,validation
train,data/raw/kolektor-sdd2/train/10856.png,data/raw/kolektor-sdd2/train/10856_GT.png,True,636,231,3,0,non-defect,train
train,data/raw/kolektor-sdd2/train/10857.png,data/raw/kolektor-sdd2/train/10857_GT.png,True,624,227,3,0,non-defect,train
train,data/raw/kolektor-sdd2/train/10858.png,data/raw/kolektor-sdd2/train/10858_GT.png,True,637,227,3,0,non-defect,train
train,data/raw/kolektor-sdd2/train/10859.png,data/raw/kolektor-sdd2/train/10859_GT.png,True,635,233,3,0,non-defect,train
train,data/raw/kolektor-sdd2/train/10860.png,data/raw/kolektor-sdd2/train/10860_GT.png,True,637,226,3,0,non-defect,train
train,data/raw/kolektor-sdd2/train/10861.png,data/raw/kolektor-sdd2/train/10861_GT.png,True,637,223,3,0,non-defect,validation
train,data/raw/kolektor-sdd2/train/10862.png,data/raw/kolektor-sdd2/train/10862_GT.png,True,636,222,3,0,non-defect,train
train,data/raw/kolektor-sdd2/train/10863.png,data/raw/kolektor-sdd2/train/10863_GT.png,True,633,225,3,0,non-defect,train
train,data/raw/kolektor-sdd2/train/10864.png,data/raw/kolektor-sdd2/train/10864_GT.png,True,634,233,3,0,non-defect,train
train,data/raw/kolektor-sdd2/train/10865.png,data/raw/kolektor-sdd2/train/10865_GT.png,True,635,227,3,0,non-defect,train
train,data/raw/kolektor-sdd2/train/10866.png,data/raw/kolektor-sdd2/train/10866_GT.png,True,633,225,3,0,non-defect,train
train,data/raw/kolektor-sdd2/train/10867.png,data/raw/kolektor-sdd2/train/10867_GT.png,True,641,226,3,0,non-defect,validation
train,data/raw/kolektor-sdd2/train/10868.png,data/raw/kolektor-sdd2/train/10868_GT.png,True,630,228,3,0,non-defect,train
train,data/raw/kolektor-sdd2/train/10869.png,data/raw/kolektor-sdd2/train/10869_GT.png,True,643,230,3,5165,defect,validation
train,data/raw/kolektor-sdd2/train/10870.png,data/raw/kolektor-sdd2/train/10870_GT.png,True,633,229,3,0,non-defect,train
train,data/raw/kolektor-sdd2/train/10871.png,data/raw/kolektor-sdd2/train/10871_GT.png,True,638,210,3,0,non-defect,train
train,data/raw/kolektor-sdd2/train/10872.png,data/raw/kolektor-sdd2/train/10872_GT.png,True,639,229,3,0,non-defect,train
train,data/raw/kolektor-sdd2/train/10873.png,data/raw/kolektor-sdd2/train/10873_GT.png,True,628,228,3,0,non-defect,train
train,data/raw/kolektor-sdd2/train/10874.png,data/raw/kolektor-sdd2/train/10874_GT.png,True,638,229,3,92,defect,train
train,data/raw/kolektor-sdd2/train/10875.png,data/raw/kolektor-sdd2/train/10875_GT.png,True,604,229,3,0,non-defect,train
train,data/raw/kolektor-sdd2/train/10876.png,data/raw/kolektor-sdd2/train/10876_GT.png,True,648,235,3,0,non-defect,train
train,data/raw/kolektor-sdd2/train/10877.png,data/raw/kolektor-sdd2/train/10877_GT.png,True,640,232,3,0,non-defect,validation
train,data/raw/kolektor-sdd2/train/10878.png,data/raw/kolektor-sdd2/train/10878_GT.png,True,642,233,3,0,non-defect,train
train,data/raw/kolektor-sdd2/train/10879.png,data/raw/kolektor-sdd2/train/10879_GT.png,True,651,216,3,0,non-defect,validation
train,data/raw/kolektor-sdd2/train/10880.png,data/raw/kolektor-sdd2/train/10880_GT.png,True,634,225,3,0,non-defect,validation
train,data/raw/kolektor-sdd2/train/10881.png,data/raw/kolektor-sdd2/train/10881_GT.png,True,635,228,3,0,non-defect,train
train,data/raw/kolektor-sdd2/train/10882.png,data/raw/kolektor-sdd2/train/10882_GT.png,True,636,228,3,0,non-defect,train
train,data/raw/kolektor-sdd2/train/10883.png,data/raw/kolektor-sdd2/train/10883_GT.png,True,636,231,3,0,non-defect,train
train,data/raw/kolektor-sdd2/train/10884.png,data/raw/kolektor-sdd2/train/10884_GT.png,True,634,236,3,0,non-defect,train
train,data/raw/kolektor-sdd2/train/10885.png,data/raw/kolektor-sdd2/train/10885_GT.png,True,637,226,3,0,non-defect,train
train,data/raw/kolektor-sdd2/train/10886.png,data/raw/kolektor-sdd2/train/10886_GT.png,True,641,233,3,0,non-defect,validation
train,data/raw/kolektor-sdd2/train/10887.png,data/raw/kolektor-sdd2/train/10887_GT.png,True,650,229,3,0,non-defect,train
train,data/raw/kolektor-sdd2/train/10888.png,data/raw/kolektor-sdd2/train/10888_GT.png,True,639,234,3,0,non-defect,train
train,data/raw/kolektor-sdd2/train/10889.png,data/raw/kolektor-sdd2/train/10889_GT.png,True,638,226,3,0,non-defect,train
train,data/raw/kolektor-sdd2/train/10890.png,data/raw/kolektor-sdd2/train/10890_GT.png,True,646,235,3,0,non-defect,validation
train,data/raw/kolektor-sdd2/train/10891.png,data/raw/kolektor-sdd2/train/10891_GT.png,True,634,232,3,0,non-defect,train
train,data/raw/kolektor-sdd2/train/10892.png,data/raw/kolektor-sdd2/train/10892_GT.png,True,633,231,3,0,non-defect,train
train,data/raw/kolektor-sdd2/train/10893.png,data/raw/kolektor-sdd2/train/10893_GT.png,True,634,227,3,1202,defect,train
train,data/raw/kolektor-sdd2/train/10894.png,data/raw/kolektor-sdd2/train/10894_GT.png,True,625,220,3,0,non-defect,validation
train,data/raw/kolektor-sdd2/train/10895.png,data/raw/kolektor-sdd2/train/10895_GT.png,True,642,226,3,0,non-defect,train
train,data/raw/kolektor-sdd2/train/10896.png,data/raw/kolektor-sdd2/train/10896_GT.png,True,644,229,3,0,non-defect,train
train,data/raw/kolektor-sdd2/train/10897.png,data/raw/kolektor-sdd2/train/10897_GT.png,True,641,232,3,0,non-defect,train
train,data/raw/kolektor-sdd2/train/10898.png,data/raw/kolektor-sdd2/train/10898_GT.png,True,644,229,3,0,non-defect,train
train,data/raw/kolektor-sdd2/train/10899.png,data/raw/kolektor-sdd2/train/10899_GT.png,True,640,232,3,0,non-defect,train
train,data/raw/kolektor-sdd2/train/10900.png,data/raw/kolektor-sdd2/train/10900_GT.png,True,642,238,3,940,defect,train
train,data/raw/kolektor-sdd2/train/10901.png,data/raw/kolektor-sdd2/train/10901_GT.png,True,633,227,3,0,non-defect,train
train,data/raw/kolektor-sdd2/train/10902.png,data/raw/kolektor-sdd2/train/10902_GT.png,True,637,230,3,0,non-defect,validation
train,data/raw/kolektor-sdd2/train/10903.png,data/raw/kolektor-sdd2/train/10903_GT.png,True,639,229,3,0,non-defect,train
train,data/raw/kolektor-sdd2/train/10904.png,data/raw/kolektor-sdd2/train/10904_GT.png,True,635,234,3,0,non-defect,train
train,data/raw/kolektor-sdd2/train/10905.png,data/raw/kolektor-sdd2/train/10905_GT.png,True,636,228,3,1906,defect,train
train,data/raw/kolektor-sdd2/train/10906.png,data/raw/kolektor-sdd2/train/10906_GT.png,True,627,225,3,0,non-defect,train
train,data/raw/kolektor-sdd2/train/10907.png,data/raw/kolektor-sdd2/train/10907_GT.png,True,634,226,3,24633,defect,validation
train,data/raw/kolektor-sdd2/train/10908.png,data/raw/kolektor-sdd2/train/10908_GT.png,True,638,231,3,0,non-defect,validation
train,data/raw/kolektor-sdd2/train/10909.png,data/raw/kolektor-sdd2/train/10909_GT.png,True,640,228,3,0,non-defect,validation
train,data/raw/kolektor-sdd2/train/10910.png,data/raw/kolektor-sdd2/train/10910_GT.png,True,630,234,3,0,non-defect,validation
train,data/raw/kolektor-sdd2/train/10911.png,data/raw/kolektor-sdd2/train/10911_GT.png,True,645,231,3,0,non-defect,train
train,data/raw/kolektor-sdd2/train/10912.png,data/raw/kolektor-sdd2/train/10912_GT.png,True,638,229,3,0,non-defect,validation
train,data/raw/kolektor-sdd2/train/10913.png,data/raw/kolektor-sdd2/train/10913_GT.png,True,632,233,3,0,non-defect,train
train,data/raw/kolektor-sdd2/train/10914.png,data/raw/kolektor-sdd2/train/10914_GT.png,True,639,229,3,0,non-defect,train
train,data/raw/kolektor-sdd2/train/10915.png,data/raw/kolektor-sdd2/train/10915_GT.png,True,636,206,3,0,non-defect,train
train,data/raw/kolektor-sdd2/train/10916.png,data/raw/kolektor-sdd2/train/10916_GT.png,True,633,231,3,0,non-defect,validation
train,data/raw/kolektor-sdd2/train/10917.png,data/raw/kolektor-sdd2/train/10917_GT.png,True,620,224,3,0,non-defect,train
train,data/raw/kolektor-sdd2/train/10918.png,data/raw/kolektor-sdd2/train/10918_GT.png,True,636,224,3,0,non-defect,train
train,data/raw/kolektor-sdd2/train/10919.png,data/raw/kolektor-sdd2/train/10919_GT.png,True,633,227,3,0,non-defect,validation
train,data/raw/kolektor-sdd2/train/10920.png,data/raw/kolektor-sdd2/train/10920_GT.png,True,648,232,3,0,non-defect,train
train,data/raw/kolektor-sdd2/train/10921.png,data/raw/kolektor-sdd2/train/10921_GT.png,True,632,228,3,0,non-defect,train
train,data/raw/kolektor-sdd2/train/10922.png,data/raw/kolektor-sdd2/train/10922_GT.png,True,631,233,3,0,non-defect,train
train,data/raw/kolektor-sdd2/train/10923.png,data/raw/kolektor-sdd2/train/10923_GT.png,True,634,223,3,0,non-defect,train
train,data/raw/kolektor-sdd2/train/10924.png,data/raw/kolektor-sdd2/train/10924_GT.png,True,638,227,3,0,non-defect,train
train,data/raw/kolektor-sdd2/train/10925.png,data/raw/kolektor-sdd2/train/10925_GT.png,True,643,233,3,0,non-defect,train
train,data/raw/kolektor-sdd2/train/10926.png,data/raw/kolektor-sdd2/train/10926_GT.png,True,632,227,3,0,non-defect,train
train,data/raw/kolektor-sdd2/train/10927.png,data/raw/kolektor-sdd2/train/10927_GT.png,True,633,231,3,0,non-defect,train
train,data/raw/kolektor-sdd2/train/10928.png,data/raw/kolektor-sdd2/train/10928_GT.png,True,633,229,3,0,non-defect,validation
train,data/raw/kolektor-sdd2/train/10929.png,data/raw/kolektor-sdd2/train/10929_GT.png,True,632,230,3,0,non-defect,train
train,data/raw/kolektor-sdd2/train/10930.png,data/raw/kolektor-sdd2/train/10930_GT.png,True,648,231,3,0,non-defect,train
train,data/raw/kolektor-sdd2/train/10931.png,data/raw/kolektor-sdd2/train/10931_GT.png,True,625,226,3,0,non-defect,train
train,data/raw/kolektor-sdd2/train/10932.png,data/raw/kolektor-sdd2/train/10932_GT.png,True,642,227,3,0,non-defect,train
train,data/raw/kolektor-sdd2/train/10933.png,data/raw/kolektor-sdd2/train/10933_GT.png,True,631,227,3,0,non-defect,validation
train,data/raw/kolektor-sdd2/train/10934.png,data/raw/kolektor-sdd2/train/10934_GT.png,True,638,229,3,0,non-defect,train
train,data/raw/kolektor-sdd2/train/10935.png,data/raw/kolektor-sdd2/train/10935_GT.png,True,642,239,3,0,non-defect,validation
train,data/raw/kolektor-sdd2/train/10936.png,data/raw/kolektor-sdd2/train/10936_GT.png,True,637,235,3,0,non-defect,train
train,data/raw/kolektor-sdd2/train/10937.png,data/raw/kolektor-sdd2/train/10937_GT.png,True,612,227,3,0,non-defect,validation
train,data/raw/kolektor-sdd2/train/10938.png,data/raw/kolektor-sdd2/train/10938_GT.png,True,643,232,3,0,non-defect,train
train,data/raw/kolektor-sdd2/train/10939.png,data/raw/kolektor-sdd2/train/10939_GT.png,True,638,236,3,0,non-defect,validation
train,data/raw/kolektor-sdd2/train/10940.png,data/raw/kolektor-sdd2/train/10940_GT.png,True,639,233,3,0,non-defect,train
train,data/raw/kolektor-sdd2/train/10941.png,data/raw/kolektor-sdd2/train/10941_GT.png,True,646,232,3,0,non-defect,train
train,data/raw/kolektor-sdd2/train/10942.png,data/raw/kolektor-sdd2/train/10942_GT.png,True,643,214,3,0,non-defect,train
train,data/raw/kolektor-sdd2/train/10943.png,data/raw/kolektor-sdd2/train/10943_GT.png,True,637,226,3,0,non-defect,train
train,data/raw/kolektor-sdd2/train/10944.png,data/raw/kolektor-sdd2/train/10944_GT.png,True,636,226,3,0,non-defect,train
train,data/raw/kolektor-sdd2/train/10945.png,data/raw/kolektor-sdd2/train/10945_GT.png,True,636,230,3,0,non-defect,train
train,data/raw/kolektor-sdd2/train/10946.png,data/raw/kolektor-sdd2/train/10946_GT.png,True,640,234,3,0,non-defect,train
train,data/raw/kolektor-sdd2/train/10947.png,data/raw/kolektor-sdd2/train/10947_GT.png,True,635,228,3,0,non-defect,train
train,data/raw/kolektor-sdd2/train/10948.png,data/raw/kolektor-sdd2/train/10948_GT.png,True,627,223,3,0,non-defect,train
train,data/raw/kolektor-sdd2/train/10949.png,data/raw/kolektor-sdd2/train/10949_GT.png,True,643,231,3,0,non-defect,train
train,data/raw/kolektor-sdd2/train/10950.png,data/raw/kolektor-sdd2/train/10950_GT.png,True,636,230,3,0,non-defect,train
train,data/raw/kolektor-sdd2/train/10951.png,data/raw/kolektor-sdd2/train/10951_GT.png,True,636,227,3,1731,defect,train
train,data/raw/kolektor-sdd2/train/10952.png,data/raw/kolektor-sdd2/train/10952_GT.png,True,643,228,3,14727,defect,train
train,data/raw/kolektor-sdd2/train/10953.png,data/raw/kolektor-sdd2/train/10953_GT.png,True,643,228,3,0,non-defect,train
train,data/raw/kolektor-sdd2/train/10954.png,data/raw/kolektor-sdd2/train/10954_GT.png,True,631,226,3,0,non-defect,train
train,data/raw/kolektor-sdd2/train/10955.png,data/raw/kolektor-sdd2/train/10955_GT.png,True,638,228,3,0,non-defect,train
train,data/raw/kolektor-sdd2/train/10956.png,data/raw/kolektor-sdd2/train/10956_GT.png,True,632,224,3,0,non-defect,train
train,data/raw/kolektor-sdd2/train/10957.png,data/raw/kolektor-sdd2/train/10957_GT.png,True,634,199,3,0,non-defect,train
train,data/raw/kolektor-sdd2/train/10958.png,data/raw/kolektor-sdd2/train/10958_GT.png,True,637,226,3,0,non-defect,train
train,data/raw/kolektor-sdd2/train/10959.png,data/raw/kolektor-sdd2/train/10959_GT.png,True,641,229,3,0,non-defect,train
train,data/raw/kolektor-sdd2/train/10960.png,data/raw/kolektor-sdd2/train/10960_GT.png,True,629,224,3,0,non-defect,validation
train,data/raw/kolektor-sdd2/train/10961.png,data/raw/kolektor-sdd2/train/10961_GT.png,True,641,240,3,0,non-defect,train
train,data/raw/kolektor-sdd2/train/10962.png,data/raw/kolektor-sdd2/train/10962_GT.png,True,631,224,3,0,non-defect,train
train,data/raw/kolektor-sdd2/train/10963.png,data/raw/kolektor-sdd2/train/10963_GT.png,True,642,225,3,0,non-defect,train
train,data/raw/kolektor-sdd2/train/10964.png,data/raw/kolektor-sdd2/train/10964_GT.png,True,644,233,3,0,non-defect,train
train,data/raw/kolektor-sdd2/train/10965.png,data/raw/kolektor-sdd2/train/10965_GT.png,True,633,235,3,0,non-defect,train
train,data/raw/kolektor-sdd2/train/10966.png,data/raw/kolektor-sdd2/train/10966_GT.png,True,634,232,3,0,non-defect,train
train,data/raw/kolektor-sdd2/train/10967.png,data/raw/kolektor-sdd2/train/10967_GT.png,True,649,236,3,0,non-defect,train
train,data/raw/kolektor-sdd2/train/10968.png,data/raw/kolektor-sdd2/train/10968_GT.png,True,644,226,3,0,non-defect,train
train,data/raw/kolektor-sdd2/train/10969.png,data/raw/kolektor-sdd2/train/10969_GT.png,True,638,235,3,0,non-defect,train
train,data/raw/kolektor-sdd2/train/10970.png,data/raw/kolektor-sdd2/train/10970_GT.png,True,655,234,3,0,non-defect,train
train,data/raw/kolektor-sdd2/train/10971.png,data/raw/kolektor-sdd2/train/10971_GT.png,True,630,233,3,0,non-defect,train
train,data/raw/kolektor-sdd2/train/10972.png,data/raw/kolektor-sdd2/train/10972_GT.png,True,635,233,3,0,non-defect,validation
train,data/raw/kolektor-sdd2/train/10973.png,data/raw/kolektor-sdd2/train/10973_GT.png,True,634,232,3,0,non-defect,train
train,data/raw/kolektor-sdd2/train/10974.png,data/raw/kolektor-sdd2/train/10974_GT.png,True,635,226,3,0,non-defect,validation
train,data/raw/kolektor-sdd2/train/10975.png,data/raw/kolektor-sdd2/train/10975_GT.png,True,639,232,3,0,non-defect,train
train,data/raw/kolektor-sdd2/train/10976.png,data/raw/kolektor-sdd2/train/10976_GT.png,True,630,237,3,0,non-defect,train
train,data/raw/kolektor-sdd2/train/10977.png,data/raw/kolektor-sdd2/train/10977_GT.png,True,634,225,3,0,non-defect,train
train,data/raw/kolektor-sdd2/train/10978.png,data/raw/kolektor-sdd2/train/10978_GT.png,True,631,235,3,0,non-defect,train
train,data/raw/kolektor-sdd2/train/10979.png,data/raw/kolektor-sdd2/train/10979_GT.png,True,641,227,3,0,non-defect,train
train,data/raw/kolektor-sdd2/train/10980.png,data/raw/kolektor-sdd2/train/10980_GT.png,True,638,236,3,0,non-defect,train
train,data/raw/kolektor-sdd2/train/10981.png,data/raw/kolektor-sdd2/train/10981_GT.png,True,631,235,3,0,non-defect,train
train,data/raw/kolektor-sdd2/train/10982.png,data/raw/kolektor-sdd2/train/10982_GT.png,True,636,229,3,0,non-defect,train
train,data/raw/kolektor-sdd2/train/10983.png,data/raw/kolektor-sdd2/train/10983_GT.png,True,634,231,3,0,non-defect,train
train,data/raw/kolektor-sdd2/train/10984.png,data/raw/kolektor-sdd2/train/10984_GT.png,True,641,236,3,0,non-defect,train
train,data/raw/kolektor-sdd2/train/10985.png,data/raw/kolektor-sdd2/train/10985_GT.png,True,640,234,3,0,non-defect,train
train,data/raw/kolektor-sdd2/train/10986.png,data/raw/kolektor-sdd2/train/10986_GT.png,True,631,229,3,0,non-defect,train
train,data/raw/kolektor-sdd2/train/10987.png,data/raw/kolektor-sdd2/train/10987_GT.png,True,645,214,3,0,non-defect,train
train,data/raw/kolektor-sdd2/train/10988.png,data/raw/kolektor-sdd2/train/10988_GT.png,True,641,232,3,0,non-defect,train
train,data/raw/kolektor-sdd2/train/10989.png,data/raw/kolektor-sdd2/train/10989_GT.png,True,640,225,3,0,non-defect,train
train,data/raw/kolektor-sdd2/train/10990.png,data/raw/kolektor-sdd2/train/10990_GT.png,True,629,229,3,0,non-defect,train
train,data/raw/kolektor-sdd2/train/10991.png,data/raw/kolektor-sdd2/train/10991_GT.png,True,636,231,3,0,non-defect,validation
train,data/raw/kolektor-sdd2/train/10992.png,data/raw/kolektor-sdd2/train/10992_GT.png,True,632,232,3,0,non-defect,validation
train,data/raw/kolektor-sdd2/train/10993.png,data/raw/kolektor-sdd2/train/10993_GT.png,True,633,226,3,0,non-defect,train
train,data/raw/kolektor-sdd2/train/10994.png,data/raw/kolektor-sdd2/train/10994_GT.png,True,642,232,3,0,non-defect,validation
train,data/raw/kolektor-sdd2/train/10995.png,data/raw/kolektor-sdd2/train/10995_GT.png,True,643,231,3,0,non-defect,train
train,data/raw/kolektor-sdd2/train/10996.png,data/raw/kolektor-sdd2/train/10996_GT.png,True,635,232,3,0,non-defect,train
train,data/raw/kolektor-sdd2/train/10997.png,data/raw/kolektor-sdd2/train/10997_GT.png,True,648,233,3,0,non-defect,train
train,data/raw/kolektor-sdd2/train/10998.png,data/raw/kolektor-sdd2/train/10998_GT.png,True,628,227,3,0,non-defect,validation
train,data/raw/kolektor-sdd2/train/10999.png,data/raw/kolektor-sdd2/train/10999_GT.png,True,637,233,3,0,non-defect,train
train,data/raw/kolektor-sdd2/train/11000.png,data/raw/kolektor-sdd2/train/11000_GT.png,True,627,229,3,0,non-defect,train
train,data/raw/kolektor-sdd2/train/11001.png,data/raw/kolektor-sdd2/train/11001_GT.png,True,635,232,3,0,non-defect,train
train,data/raw/kolektor-sdd2/train/11002.png,data/raw/kolektor-sdd2/train/11002_GT.png,True,636,227,3,2436,defect,train
train,data/raw/kolektor-sdd2/train/11003.png,data/raw/kolektor-sdd2/train/11003_GT.png,True,631,224,3,3671,defect,train
train,data/raw/kolektor-sdd2/train/11004.png,data/raw/kolektor-sdd2/train/11004_GT.png,True,644,231,3,0,non-defect,train
train,data/raw/kolektor-sdd2/train/11005.png,data/raw/kolektor-sdd2/train/11005_GT.png,True,650,227,3,0,non-defect,train
train,data/raw/kolektor-sdd2/train/11006.png,data/raw/kolektor-sdd2/train/11006_GT.png,True,641,215,3,0,non-defect,train
train,data/raw/kolektor-sdd2/train/11007.png,data/raw/kolektor-sdd2/train/11007_GT.png,True,647,232,3,0,non-defect,train
train,data/raw/kolektor-sdd2/train/11008.png,data/raw/kolektor-sdd2/train/11008_GT.png,True,633,227,3,0,non-defect,validation
train,data/raw/kolektor-sdd2/train/11009.png,data/raw/kolektor-sdd2/train/11009_GT.png,True,637,228,3,0,non-defect,train
train,data/raw/kolektor-sdd2/train/11010.png,data/raw/kolektor-sdd2/train/11010_GT.png,True,638,208,3,0,non-defect,validation
train,data/raw/kolektor-sdd2/train/11011.png,data/raw/kolektor-sdd2/train/11011_GT.png,True,638,228,3,0,non-defect,train
train,data/raw/kolektor-sdd2/train/11012.png,data/raw/kolektor-sdd2/train/11012_GT.png,True,632,224,3,343,defect,train
train,data/raw/kolektor-sdd2/train/11013.png,data/raw/kolektor-sdd2/train/11013_GT.png,True,632,227,3,0,non-defect,train
train,data/raw/kolektor-sdd2/train/11014.png,data/raw/kolektor-sdd2/train/11014_GT.png,True,634,227,3,0,non-defect,train
train,data/raw/kolektor-sdd2/train/11015.png,data/raw/kolektor-sdd2/train/11015_GT.png,True,633,232,3,0,non-defect,train
train,data/raw/kolektor-sdd2/train/11016.png,data/raw/kolektor-sdd2/train/11016_GT.png,True,636,229,3,0,non-defect,train
train,data/raw/kolektor-sdd2/train/11017.png,data/raw/kolektor-sdd2/train/11017_GT.png,True,619,226,3,0,non-defect,train
train,data/raw/kolektor-sdd2/train/11018.png,data/raw/kolektor-sdd2/train/11018_GT.png,True,642,229,3,0,non-defect,train
train,data/raw/kolektor-sdd2/train/11019.png,data/raw/kolektor-sdd2/train/11019_GT.png,True,633,232,3,0,non-defect,train
train,data/raw/kolektor-sdd2/train/11020.png,data/raw/kolektor-sdd2/train/11020_GT.png,True,634,231,3,0,non-defect,train
train,data/raw/kolektor-sdd2/train/11021.png,data/raw/kolektor-sdd2/train/11021_GT.png,True,626,223,3,0,non-defect,train
train,data/raw/kolektor-sdd2/train/11022.png,data/raw/kolektor-sdd2/train/11022_GT.png,True,638,231,3,0,non-defect,train
train,data/raw/kolektor-sdd2/train/11023.png,data/raw/kolektor-sdd2/train/11023_GT.png,True,638,225,3,0,non-defect,validation
train,data/raw/kolektor-sdd2/train/11024.png,data/raw/kolektor-sdd2/train/11024_GT.png,True,631,225,3,0,non-defect,train
train,data/raw/kolektor-sdd2/train/11025.png,data/raw/kolektor-sdd2/train/11025_GT.png,True,633,231,3,2221,defect,train
train,data/raw/kolektor-sdd2/train/11026.png,data/raw/kolektor-sdd2/train/11026_GT.png,True,636,228,3,0,non-defect,train
train,data/raw/kolektor-sdd2/train/11027.png,data/raw/kolektor-sdd2/train/11027_GT.png,True,641,224,3,0,non-defect,train
train,data/raw/kolektor-sdd2/train/11028.png,data/raw/kolektor-sdd2/train/11028_GT.png,True,636,234,3,0,non-defect,train
train,data/raw/kolektor-sdd2/train/11029.png,data/raw/kolektor-sdd2/train/11029_GT.png,True,641,231,3,0,non-defect,train
train,data/raw/kolektor-sdd2/train/11030.png,data/raw/kolektor-sdd2/train/11030_GT.png,True,647,235,3,0,non-defect,train
train,data/raw/kolektor-sdd2/train/11031.png,data/raw/kolektor-sdd2/train/11031_GT.png,True,631,232,3,0,non-defect,validation
train,data/raw/kolektor-sdd2/train/11032.png,data/raw/kolektor-sdd2/train/11032_GT.png,True,641,229,3,0,non-defect,train
train,data/raw/kolektor-sdd2/train/11033.png,data/raw/kolektor-sdd2/train/11033_GT.png,True,647,234,3,0,non-defect,train
train,data/raw/kolektor-sdd2/train/11034.png,data/raw/kolektor-sdd2/train/11034_GT.png,True,637,223,3,0,non-defect,validation
train,data/raw/kolektor-sdd2/train/11035.png,data/raw/kolektor-sdd2/train/11035_GT.png,True,637,228,3,0,non-defect,validation
train,data/raw/kolektor-sdd2/train/11036.png,data/raw/kolektor-sdd2/train/11036_GT.png,True,644,239,3,0,non-defect,train
train,data/raw/kolektor-sdd2/train/11037.png,data/raw/kolektor-sdd2/train/11037_GT.png,True,638,228,3,0,non-defect,train
train,data/raw/kolektor-sdd2/train/11038.png,data/raw/kolektor-sdd2/train/11038_GT.png,True,643,233,3,0,non-defect,train
train,data/raw/kolektor-sdd2/train/11039.png,data/raw/kolektor-sdd2/train/11039_GT.png,True,637,234,3,0,non-defect,validation
train,data/raw/kolektor-sdd2/train/11040.png,data/raw/kolektor-sdd2/train/11040_GT.png,True,633,231,3,774,defect,validation
train,data/raw/kolektor-sdd2/train/11041.png,data/raw/kolektor-sdd2/train/11041_GT.png,True,639,226,3,0,non-defect,validation
train,data/raw/kolektor-sdd2/train/11042.png,data/raw/kolektor-sdd2/train/11042_GT.png,True,645,230,3,0,non-defect,train
train,data/raw/kolektor-sdd2/train/11043.png,data/raw/kolektor-sdd2/train/11043_GT.png,True,649,230,3,0,non-defect,train
train,data/raw/kolektor-sdd2/train/11044.png,data/raw/kolektor-sdd2/train/11044_GT.png,True,642,232,3,0,non-defect,train
train,data/raw/kolektor-sdd2/train/11045.png,data/raw/kolektor-sdd2/train/11045_GT.png,True,633,224,3,0,non-defect,train
train,data/raw/kolektor-sdd2/train/11046.png,data/raw/kolektor-sdd2/train/11046_GT.png,True,635,230,3,0,non-defect,train
train,data/raw/kolektor-sdd2/train/11047.png,data/raw/kolektor-sdd2/train/11047_GT.png,True,644,229,3,0,non-defect,train
train,data/raw/kolektor-sdd2/train/11048.png,data/raw/kolektor-sdd2/train/11048_GT.png,True,633,234,3,0,non-defect,validation
train,data/raw/kolektor-sdd2/train/11049.png,data/raw/kolektor-sdd2/train/11049_GT.png,True,633,233,3,0,non-defect,train
train,data/raw/kolektor-sdd2/train/11050.png,data/raw/kolektor-sdd2/train/11050_GT.png,True,634,232,3,0,non-defect,train
train,data/raw/kolektor-sdd2/train/11051.png,data/raw/kolektor-sdd2/train/11051_GT.png,True,648,233,3,0,non-defect,train
train,data/raw/kolektor-sdd2/train/11052.png,data/raw/kolektor-sdd2/train/11052_GT.png,True,628,225,3,3271,defect,validation
train,data/raw/kolektor-sdd2/train/11053.png,data/raw/kolektor-sdd2/train/11053_GT.png,True,637,231,3,0,non-defect,train
train,data/raw/kolektor-sdd2/train/11054.png,data/raw/kolektor-sdd2/train/11054_GT.png,True,635,224,3,0,non-defect,validation
train,data/raw/kolektor-sdd2/train/11055.png,data/raw/kolektor-sdd2/train/11055_GT.png,True,639,231,3,0,non-defect,train
train,data/raw/kolektor-sdd2/train/11056.png,data/raw/kolektor-sdd2/train/11056_GT.png,True,634,228,3,0,non-defect,train
train,data/raw/kolektor-sdd2/train/11057.png,data/raw/kolektor-sdd2/train/11057_GT.png,True,633,227,3,0,non-defect,train
train,data/raw/kolektor-sdd2/train/11058.png,data/raw/kolektor-sdd2/train/11058_GT.png,True,641,229,3,0,non-defect,train
train,data/raw/kolektor-sdd2/train/11059.png,data/raw/kolektor-sdd2/train/11059_GT.png,True,644,237,3,0,non-defect,train
train,data/raw/kolektor-sdd2/train/11060.png,data/raw/kolektor-sdd2/train/11060_GT.png,True,635,230,3,0,non-defect,train
train,data/raw/kolektor-sdd2/train/11061.png,data/raw/kolektor-sdd2/train/11061_GT.png,True,645,229,3,2737,defect,train
train,data/raw/kolektor-sdd2/train/11062.png,data/raw/kolektor-sdd2/train/11062_GT.png,True,623,227,3,0,non-defect,train
train,data/raw/kolektor-sdd2/train/11063.png,data/raw/kolektor-sdd2/train/11063_GT.png,True,635,231,3,0,non-defect,train
train,data/raw/kolektor-sdd2/train/11064.png,data/raw/kolektor-sdd2/train/11064_GT.png,True,628,233,3,0,non-defect,validation
train,data/raw/kolektor-sdd2/train/11065.png,data/raw/kolektor-sdd2/train/11065_GT.png,True,646,230,3,0,non-defect,train
train,data/raw/kolektor-sdd2/train/11066.png,data/raw/kolektor-sdd2/train/11066_GT.png,True,637,227,3,0,non-defect,train
train,data/raw/kolektor-sdd2/train/11067.png,data/raw/kolektor-sdd2/train/11067_GT.png,True,641,231,3,0,non-defect,validation
train,data/raw/kolektor-sdd2/train/11068.png,data/raw/kolektor-sdd2/train/11068_GT.png,True,632,227,3,0,non-defect,train
train,data/raw/kolektor-sdd2/train/11069.png,data/raw/kolektor-sdd2/train/11069_GT.png,True,641,229,3,0,non-defect,train
train,data/raw/kolektor-sdd2/train/11070.png,data/raw/kolektor-sdd2/train/11070_GT.png,True,631,230,3,0,non-defect,train
train,data/raw/kolektor-sdd2/train/11071.png,data/raw/kolektor-sdd2/train/11071_GT.png,True,631,228,3,0,non-defect,train
train,data/raw/kolektor-sdd2/train/11072.png,data/raw/kolektor-sdd2/train/11072_GT.png,True,636,226,3,0,non-defect,validation
train,data/raw/kolektor-sdd2/train/11073.png,data/raw/kolektor-sdd2/train/11073_GT.png,True,637,230,3,0,non-defect,validation
train,data/raw/kolektor-sdd2/train/11074.png,data/raw/kolektor-sdd2/train/11074_GT.png,True,644,235,3,3868,defect,train
train,data/raw/kolektor-sdd2/train/11075.png,data/raw/kolektor-sdd2/train/11075_GT.png,True,632,230,3,0,non-defect,validation
train,data/raw/kolektor-sdd2/train/11076.png,data/raw/kolektor-sdd2/train/11076_GT.png,True,645,228,3,0,non-defect,validation
train,data/raw/kolektor-sdd2/train/11077.png,data/raw/kolektor-sdd2/train/11077_GT.png,True,641,230,3,0,non-defect,train
train,data/raw/kolektor-sdd2/train/11078.png,data/raw/kolektor-sdd2/train/11078_GT.png,True,640,228,3,0,non-defect,train
train,data/raw/kolektor-sdd2/train/11079.png,data/raw/kolektor-sdd2/train/11079_GT.png,True,637,225,3,0,non-defect,validation
train,data/raw/kolektor-sdd2/train/11080.png,data/raw/kolektor-sdd2/train/11080_GT.png,True,641,228,3,0,non-defect,train
train,data/raw/kolektor-sdd2/train/11081.png,data/raw/kolektor-sdd2/train/11081_GT.png,True,652,236,3,0,non-defect,train
train,data/raw/kolektor-sdd2/train/11082.png,data/raw/kolektor-sdd2/train/11082_GT.png,True,637,237,3,0,non-defect,train
train,data/raw/kolektor-sdd2/train/11083.png,data/raw/kolektor-sdd2/train/11083_GT.png,True,643,235,3,0,non-defect,train
train,data/raw/kolektor-sdd2/train/11084.png,data/raw/kolektor-sdd2/train/11084_GT.png,True,642,233,3,0,non-defect,train
train,data/raw/kolektor-sdd2/train/11085.png,data/raw/kolektor-sdd2/train/11085_GT.png,True,644,238,3,0,non-defect,train
train,data/raw/kolektor-sdd2/train/11086.png,data/raw/kolektor-sdd2/train/11086_GT.png,True,640,239,3,0,non-defect,train
train,data/raw/kolektor-sdd2/train/11087.png,data/raw/kolektor-sdd2/train/11087_GT.png,True,633,232,3,0,non-defect,train
train,data/raw/kolektor-sdd2/train/11088.png,data/raw/kolektor-sdd2/train/11088_GT.png,True,637,236,3,7156,defect,validation
train,data/raw/kolektor-sdd2/train/11089.png,data/raw/kolektor-sdd2/train/11089_GT.png,True,652,232,3,0,non-defect,train
train,data/raw/kolektor-sdd2/train/11090.png,data/raw/kolektor-sdd2/train/11090_GT.png,True,628,220,3,0,non-defect,train
train,data/raw/kolektor-sdd2/train/11091.png,data/raw/kolektor-sdd2/train/11091_GT.png,True,645,230,3,0,non-defect,train
train,data/raw/kolektor-sdd2/train/11092.png,data/raw/kolektor-sdd2/train/11092_GT.png,True,639,226,3,0,non-defect,train
train,data/raw/kolektor-sdd2/train/11093.png,data/raw/kolektor-sdd2/train/11093_GT.png,True,647,236,3,650,defect,train
train,data/raw/kolektor-sdd2/train/11094.png,data/raw/kolektor-sdd2/train/11094_GT.png,True,637,229,3,1117,defect,train
train,data/raw/kolektor-sdd2/train/11095.png,data/raw/kolektor-sdd2/train/11095_GT.png,True,641,225,3,0,non-defect,train
train,data/raw/kolektor-sdd2/train/11096.png,data/raw/kolektor-sdd2/train/11096_GT.png,True,635,231,3,0,non-defect,train
train,data/raw/kolektor-sdd2/train/11097.png,data/raw/kolektor-sdd2/train/11097_GT.png,True,649,231,3,0,non-defect,train
train,data/raw/kolektor-sdd2/train/11098.png,data/raw/kolektor-sdd2/train/11098_GT.png,True,642,227,3,0,non-defect,train
train,data/raw/kolektor-sdd2/train/11099.png,data/raw/kolektor-sdd2/train/11099_GT.png,True,635,233,3,0,non-defect,train
train,data/raw/kolektor-sdd2/train/11100.png,data/raw/kolektor-sdd2/train/11100_GT.png,True,636,233,3,0,non-defect,validation
train,data/raw/kolektor-sdd2/train/11101.png,data/raw/kolektor-sdd2/train/11101_GT.png,True,634,229,3,13146,defect,train
train,data/raw/kolektor-sdd2/train/11102.png,data/raw/kolektor-sdd2/train/11102_GT.png,True,630,217,3,0,non-defect,train
train,data/raw/kolektor-sdd2/train/11103.png,data/raw/kolektor-sdd2/train/11103_GT.png,True,635,232,3,0,non-defect,train
train,data/raw/kolektor-sdd2/train/11104.png,data/raw/kolektor-sdd2/train/11104_GT.png,True,645,235,3,0,non-defect,validation
train,data/raw/kolektor-sdd2/train/11105.png,data/raw/kolektor-sdd2/train/11105_GT.png,True,627,184,3,0,non-defect,train
train,data/raw/kolektor-sdd2/train/11106.png,data/raw/kolektor-sdd2/train/11106_GT.png,True,633,229,3,0,non-defect,train
train,data/raw/kolektor-sdd2/train/11107.png,data/raw/kolektor-sdd2/train/11107_GT.png,True,633,222,3,0,non-defect,validation
train,data/raw/kolektor-sdd2/train/11108.png,data/raw/kolektor-sdd2/train/11108_GT.png,True,642,233,3,0,non-defect,train
train,data/raw/kolektor-sdd2/train/11109.png,data/raw/kolektor-sdd2/train/11109_GT.png,True,634,227,3,0,non-defect,train
train,data/raw/kolektor-sdd2/train/11110.png,data/raw/kolektor-sdd2/train/11110_GT.png,True,641,229,3,0,non-defect,train
train,data/raw/kolektor-sdd2/train/11111.png,data/raw/kolektor-sdd2/train/11111_GT.png,True,628,238,3,0,non-defect,train
train,data/raw/kolektor-sdd2/train/11112.png,data/raw/kolektor-sdd2/train/11112_GT.png,True,635,227,3,0,non-defect,train
train,data/raw/kolektor-sdd2/train/11113.png,data/raw/kolektor-sdd2/train/11113_GT.png,True,630,226,3,0,non-defect,train
train,data/raw/kolektor-sdd2/train/11114.png,data/raw/kolektor-sdd2/train/11114_GT.png,True,644,238,3,0,non-defect,train
train,data/raw/kolektor-sdd2/train/11115.png,data/raw/kolektor-sdd2/train/11115_GT.png,True,635,227,3,0,non-defect,train
train,data/raw/kolektor-sdd2/train/11116.png,data/raw/kolektor-sdd2/train/11116_GT.png,True,640,230,3,0,non-defect,train
train,data/raw/kolektor-sdd2/train/11117.png,data/raw/kolektor-sdd2/train/11117_GT.png,True,623,229,3,0,non-defect,train
train,data/raw/kolektor-sdd2/train/11118.png,data/raw/kolektor-sdd2/train/11118_GT.png,True,637,229,3,0,non-defect,train
train,data/raw/kolektor-sdd2/train/11119.png,data/raw/kolektor-sdd2/train/11119_GT.png,True,639,227,3,0,non-defect,train
train,data/raw/kolektor-sdd2/train/11120.png,data/raw/kolektor-sdd2/train/11120_GT.png,True,647,234,3,0,non-defect,train
train,data/raw/kolektor-sdd2/train/11121.png,data/raw/kolektor-sdd2/train/11121_GT.png,True,653,239,3,0,non-defect,train
train,data/raw/kolektor-sdd2/train/11122.png,data/raw/kolektor-sdd2/train/11122_GT.png,True,636,227,3,0,non-defect,train
train,data/raw/kolektor-sdd2/train/11123.png,data/raw/kolektor-sdd2/train/11123_GT.png,True,644,211,3,0,non-defect,validation
train,data/raw/kolektor-sdd2/train/11124.png,data/raw/kolektor-sdd2/train/11124_GT.png,True,638,225,3,0,non-defect,train
train,data/raw/kolektor-sdd2/train/11125.png,data/raw/kolektor-sdd2/train/11125_GT.png,True,636,226,3,0,non-defect,train
train,data/raw/kolektor-sdd2/train/11126.png,data/raw/kolektor-sdd2/train/11126_GT.png,True,650,211,3,0,non-defect,validation
train,data/raw/kolektor-sdd2/train/11127.png,data/raw/kolektor-sdd2/train/11127_GT.png,True,641,238,3,0,non-defect,train
train,data/raw/kolektor-sdd2/train/11128.png,data/raw/kolektor-sdd2/train/11128_GT.png,True,652,236,3,0,non-defect,train
train,data/raw/kolektor-sdd2/train/11129.png,data/raw/kolektor-sdd2/train/11129_GT.png,True,635,236,3,0,non-defect,train
train,data/raw/kolektor-sdd2/train/11130.png,data/raw/kolektor-sdd2/train/11130_GT.png,True,640,240,3,0,non-defect,train
train,data/raw/kolektor-sdd2/train/11131.png,data/raw/kolektor-sdd2/train/11131_GT.png,True,639,229,3,0,non-defect,train
train,data/raw/kolektor-sdd2/train/11132.png,data/raw/kolektor-sdd2/train/11132_GT.png,True,628,227,3,0,non-defect,validation
train,data/raw/kolektor-sdd2/train/11133.png,data/raw/kolektor-sdd2/train/11133_GT.png,True,633,228,3,0,non-defect,train
train,data/raw/kolektor-sdd2/train/11134.png,data/raw/kolektor-sdd2/train/11134_GT.png,True,631,224,3,0,non-defect,train
train,data/raw/kolektor-sdd2/train/11135.png,data/raw/kolektor-sdd2/train/11135_GT.png,True,628,229,3,1502,defect,train
train,data/raw/kolektor-sdd2/train/11136.png,data/raw/kolektor-sdd2/train/11136_GT.png,True,645,232,3,0,non-defect,train
train,data/raw/kolektor-sdd2/train/11137.png,data/raw/kolektor-sdd2/train/11137_GT.png,True,644,231,3,0,non-defect,validation
train,data/raw/kolektor-sdd2/train/11138.png,data/raw/kolektor-sdd2/train/11138_GT.png,True,638,229,3,0,non-defect,validation
train,data/raw/kolektor-sdd2/train/11139.png,data/raw/kolektor-sdd2/train/11139_GT.png,True,631,228,3,5794,defect,train
train,data/raw/kolektor-sdd2/train/11140.png,data/raw/kolektor-sdd2/train/11140_GT.png,True,640,232,3,0,non-defect,train
train,data/raw/kolektor-sdd2/train/11141.png,data/raw/kolektor-sdd2/train/11141_GT.png,True,649,222,3,0,non-defect,train
train,data/raw/kolektor-sdd2/train/11142.png,data/raw/kolektor-sdd2/train/11142_GT.png,True,637,233,3,0,non-defect,validation
train,data/raw/kolektor-sdd2/train/11143.png,data/raw/kolektor-sdd2/train/11143_GT.png,True,642,226,3,0,non-defect,train
train,data/raw/kolektor-sdd2/train/11144.png,data/raw/kolektor-sdd2/train/11144_GT.png,True,633,226,3,0,non-defect,train
train,data/raw/kolektor-sdd2/train/11145.png,data/raw/kolektor-sdd2/train/11145_GT.png,True,634,227,3,0,non-defect,train
train,data/raw/kolektor-sdd2/train/11146.png,data/raw/kolektor-sdd2/train/11146_GT.png,True,651,234,3,0,non-defect,train
train,data/raw/kolektor-sdd2/train/11147.png,data/raw/kolektor-sdd2/train/11147_GT.png,True,638,232,3,0,non-defect,train
train,data/raw/kolektor-sdd2/train/11148.png,data/raw/kolektor-sdd2/train/11148_GT.png,True,634,226,3,0,non-defect,train
train,data/raw/kolektor-sdd2/train/11149.png,data/raw/kolektor-sdd2/train/11149_GT.png,True,636,233,3,0,non-defect,train
train,data/raw/kolektor-sdd2/train/11150.png,data/raw/kolektor-sdd2/train/11150_GT.png,True,632,227,3,0,non-defect,train
train,data/raw/kolektor-sdd2/train/11151.png,data/raw/kolektor-sdd2/train/11151_GT.png,True,638,222,3,0,non-defect,train
train,data/raw/kolektor-sdd2/train/11152.png,data/raw/kolektor-sdd2/train/11152_GT.png,True,639,227,3,0,non-defect,train
train,data/raw/kolektor-sdd2/train/11153.png,data/raw/kolektor-sdd2/train/11153_GT.png,True,631,225,3,0,non-defect,train
train,data/raw/kolektor-sdd2/train/11154.png,data/raw/kolektor-sdd2/train/11154_GT.png,True,616,226,3,0,non-defect,train
train,data/raw/kolektor-sdd2/train/11155.png,data/raw/kolektor-sdd2/train/11155_GT.png,True,629,227,3,0,non-defect,train
train,data/raw/kolektor-sdd2/train/11156.png,data/raw/kolektor-sdd2/train/11156_GT.png,True,641,230,3,0,non-defect,train
train,data/raw/kolektor-sdd2/train/11157.png,data/raw/kolektor-sdd2/train/11157_GT.png,True,623,227,3,0,non-defect,train
train,data/raw/kolektor-sdd2/train/11158.png,data/raw/kolektor-sdd2/train/11158_GT.png,True,635,229,3,0,non-defect,train
train,data/raw/kolektor-sdd2/train/11159.png,data/raw/kolektor-sdd2/train/11159_GT.png,True,636,231,3,0,non-defect,train
train,data/raw/kolektor-sdd2/train/11160.png,data/raw/kolektor-sdd2/train/11160_GT.png,True,639,235,3,0,non-defect,validation
train,data/raw/kolektor-sdd2/train/11161.png,data/raw/kolektor-sdd2/train/11161_GT.png,True,631,225,3,0,non-defect,validation
train,data/raw/kolektor-sdd2/train/11162.png,data/raw/kolektor-sdd2/train/11162_GT.png,True,640,200,3,0,non-defect,train
train,data/raw/kolektor-sdd2/train/11163.png,data/raw/kolektor-sdd2/train/11163_GT.png,True,638,236,3,0,non-defect,train
train,data/raw/kolektor-sdd2/train/11164.png,data/raw/kolektor-sdd2/train/11164_GT.png,True,634,231,3,0,non-defect,train
train,data/raw/kolektor-sdd2/train/11165.png,data/raw/kolektor-sdd2/train/11165_GT.png,True,637,231,3,0,non-defect,validation
train,data/raw/kolektor-sdd2/train/11166.png,data/raw/kolektor-sdd2/train/11166_GT.png,True,629,233,3,0,non-defect,validation
train,data/raw/kolektor-sdd2/train/11167.png,data/raw/kolektor-sdd2/train/11167_GT.png,True,632,226,3,0,non-defect,validation
train,data/raw/kolektor-sdd2/train/11168.png,data/raw/kolektor-sdd2/train/11168_GT.png,True,640,233,3,0,non-defect,train
train,data/raw/kolektor-sdd2/train/11169.png,data/raw/kolektor-sdd2/train/11169_GT.png,True,647,235,3,532,defect,train
train,data/raw/kolektor-sdd2/train/11170.png,data/raw/kolektor-sdd2/train/11170_GT.png,True,636,233,3,0,non-defect,validation
train,data/raw/kolektor-sdd2/train/11171.png,data/raw/kolektor-sdd2/train/11171_GT.png,True,645,233,3,0,non-defect,validation
train,data/raw/kolektor-sdd2/train/11172.png,data/raw/kolektor-sdd2/train/11172_GT.png,True,636,226,3,0,non-defect,train
train,data/raw/kolektor-sdd2/train/11173.png,data/raw/kolektor-sdd2/train/11173_GT.png,True,637,226,3,0,non-defect,train
train,data/raw/kolektor-sdd2/train/11174.png,data/raw/kolektor-sdd2/train/11174_GT.png,True,651,230,3,0,non-defect,train
train,data/raw/kolektor-sdd2/train/11175.png,data/raw/kolektor-sdd2/train/11175_GT.png,True,637,232,3,0,non-defect,validation
train,data/raw/kolektor-sdd2/train/11176.png,data/raw/kolektor-sdd2/train/11176_GT.png,True,638,232,3,0,non-defect,validation
train,data/raw/kolektor-sdd2/train/11177.png,data/raw/kolektor-sdd2/train/11177_GT.png,True,634,226,3,0,non-defect,train
train,data/raw/kolektor-sdd2/train/11178.png,data/raw/kolektor-sdd2/train/11178_GT.png,True,639,233,3,7049,defect,train
train,data/raw/kolektor-sdd2/train/11179.png,data/raw/kolektor-sdd2/train/11179_GT.png,True,632,221,3,0,non-defect,train
train,data/raw/kolektor-sdd2/train/11180.png,data/raw/kolektor-sdd2/train/11180_GT.png,True,638,231,3,0,non-defect,train
train,data/raw/kolektor-sdd2/train/11181.png,data/raw/kolektor-sdd2/train/11181_GT.png,True,648,229,3,0,non-defect,train
train,data/raw/kolektor-sdd2/train/11182.png,data/raw/kolektor-sdd2/train/11182_GT.png,True,626,228,3,0,non-defect,train
train,data/raw/kolektor-sdd2/train/11183.png,data/raw/kolektor-sdd2/train/11183_GT.png,True,645,228,3,0,non-defect,train
train,data/raw/kolektor-sdd2/train/11184.png,data/raw/kolektor-sdd2/train/11184_GT.png,True,638,229,3,0,non-defect,train
train,data/raw/kolektor-sdd2/train/11185.png,data/raw/kolektor-sdd2/train/11185_GT.png,True,642,228,3,0,non-defect,train
train,data/raw/kolektor-sdd2/train/11186.png,data/raw/kolektor-sdd2/train/11186_GT.png,True,636,231,3,0,non-defect,validation
train,data/raw/kolektor-sdd2/train/11187.png,data/raw/kolektor-sdd2/train/11187_GT.png,True,639,238,3,1249,defect,train
train,data/raw/kolektor-sdd2/train/11188.png,data/raw/kolektor-sdd2/train/11188_GT.png,True,634,229,3,0,non-defect,validation
train,data/raw/kolektor-sdd2/train/11189.png,data/raw/kolektor-sdd2/train/11189_GT.png,True,631,228,3,0,non-defect,train
train,data/raw/kolektor-sdd2/train/11190.png,data/raw/kolektor-sdd2/train/11190_GT.png,True,637,232,3,3671,defect,train
train,data/raw/kolektor-sdd2/train/11191.png,data/raw/kolektor-sdd2/train/11191_GT.png,True,636,231,3,0,non-defect,train
train,data/raw/kolektor-sdd2/train/11192.png,data/raw/kolektor-sdd2/train/11192_GT.png,True,637,233,3,0,non-defect,train
train,data/raw/kolektor-sdd2/train/11193.png,data/raw/kolektor-sdd2/train/11193_GT.png,True,632,228,3,0,non-defect,train
train,data/raw/kolektor-sdd2/train/11194.png,data/raw/kolektor-sdd2/train/11194_GT.png,True,640,232,3,0,non-defect,train
train,data/raw/kolektor-sdd2/train/11195.png,data/raw/kolektor-sdd2/train/11195_GT.png,True,638,235,3,4356,defect,train
train,data/raw/kolektor-sdd2/train/11196.png,data/raw/kolektor-sdd2/train/11196_GT.png,True,633,224,3,0,non-defect,train
train,data/raw/kolektor-sdd2/train/11197.png,data/raw/kolektor-sdd2/train/11197_GT.png,True,632,229,3,0,non-defect,train
train,data/raw/kolektor-sdd2/train/11198.png,data/raw/kolektor-sdd2/train/11198_GT.png,True,632,230,3,0,non-defect,train
train,data/raw/kolektor-sdd2/train/11199.png,data/raw/kolektor-sdd2/train/11199_GT.png,True,638,231,3,0,non-defect,train
train,data/raw/kolektor-sdd2/train/11200.png,data/raw/kolektor-sdd2/train/11200_GT.png,True,641,228,3,0,non-defect,train
train,data/raw/kolektor-sdd2/train/11201.png,data/raw/kolektor-sdd2/train/11201_GT.png,True,632,227,3,0,non-defect,train
train,data/raw/kolektor-sdd2/train/11202.png,data/raw/kolektor-sdd2/train/11202_GT.png,True,632,234,3,0,non-defect,train
train,data/raw/kolektor-sdd2/train/11203.png,data/raw/kolektor-sdd2/train/11203_GT.png,True,637,230,3,0,non-defect,train
train,data/raw/kolektor-sdd2/train/11204.png,data/raw/kolektor-sdd2/train/11204_GT.png,True,630,232,3,0,non-defect,train
train,data/raw/kolektor-sdd2/train/11205.png,data/raw/kolektor-sdd2/train/11205_GT.png,True,637,226,3,0,non-defect,validation
train,data/raw/kolektor-sdd2/train/11206.png,data/raw/kolektor-sdd2/train/11206_GT.png,True,641,233,3,0,non-defect,validation
train,data/raw/kolektor-sdd2/train/11207.png,data/raw/kolektor-sdd2/train/11207_GT.png,True,629,226,3,0,non-defect,train
train,data/raw/kolektor-sdd2/train/11208.png,data/raw/kolektor-sdd2/train/11208_GT.png,True,643,230,3,0,non-defect,train
train,data/raw/kolektor-sdd2/train/11209.png,data/raw/kolektor-sdd2/train/11209_GT.png,True,635,225,3,0,non-defect,train
train,data/raw/kolektor-sdd2/train/11210.png,data/raw/kolektor-sdd2/train/11210_GT.png,True,631,222,3,0,non-defect,train
train,data/raw/kolektor-sdd2/train/11211.png,data/raw/kolektor-sdd2/train/11211_GT.png,True,641,229,3,0,non-defect,train
train,data/raw/kolektor-sdd2/train/11212.png,data/raw/kolektor-sdd2/train/11212_GT.png,True,633,228,3,0,non-defect,train
train,data/raw/kolektor-sdd2/train/11213.png,data/raw/kolektor-sdd2/train/11213_GT.png,True,638,230,3,0,non-defect,validation
train,data/raw/kolektor-sdd2/train/11214.png,data/raw/kolektor-sdd2/train/11214_GT.png,True,637,231,3,17701,defect,train
train,data/raw/kolektor-sdd2/train/11215.png,data/raw/kolektor-sdd2/train/11215_GT.png,True,634,228,3,0,non-defect,train
train,data/raw/kolektor-sdd2/train/11216.png,data/raw/kolektor-sdd2/train/11216_GT.png,True,629,225,3,0,non-defect,validation
train,data/raw/kolektor-sdd2/train/11217.png,data/raw/kolektor-sdd2/train/11217_GT.png,True,648,232,3,0,non-defect,validation
train,data/raw/kolektor-sdd2/train/11218.png,data/raw/kolektor-sdd2/train/11218_GT.png,True,631,199,3,0,non-defect,train
train,data/raw/kolektor-sdd2/train/11219.png,data/raw/kolektor-sdd2/train/11219_GT.png,True,632,224,3,0,non-defect,validation
train,data/raw/kolektor-sdd2/train/11220.png,data/raw/kolektor-sdd2/train/11220_GT.png,True,641,229,3,0,non-defect,train
train,data/raw/kolektor-sdd2/train/11221.png,data/raw/kolektor-sdd2/train/11221_GT.png,True,646,229,3,0,non-defect,train
train,data/raw/kolektor-sdd2/train/11222.png,data/raw/kolektor-sdd2/train/11222_GT.png,True,630,229,3,0,non-defect,train
train,data/raw/kolektor-sdd2/train/11223.png,data/raw/kolektor-sdd2/train/11223_GT.png,True,636,230,3,0,non-defect,validation
train,data/raw/kolektor-sdd2/train/11224.png,data/raw/kolektor-sdd2/train/11224_GT.png,True,632,225,3,0,non-defect,validation
train,data/raw/kolektor-sdd2/train/11225.png,data/raw/kolektor-sdd2/train/11225_GT.png,True,633,229,3,0,non-defect,train
train,data/raw/kolektor-sdd2/train/11226.png,data/raw/kolektor-sdd2/train/11226_GT.png,True,645,229,3,0,non-defect,train
train,data/raw/kolektor-sdd2/train/11227.png,data/raw/kolektor-sdd2/train/11227_GT.png,True,638,229,3,0,non-defect,train
train,data/raw/kolektor-sdd2/train/11228.png,data/raw/kolektor-sdd2/train/11228_GT.png,True,639,232,3,6220,defect,train
train,data/raw/kolektor-sdd2/train/11229.png,data/raw/kolektor-sdd2/train/11229_GT.png,True,647,239,3,0,non-defect,train
train,data/raw/kolektor-sdd2/train/11230.png,data/raw/kolektor-sdd2/train/11230_GT.png,True,638,234,3,62,defect,train
train,data/raw/kolektor-sdd2/train/11231.png,data/raw/kolektor-sdd2/train/11231_GT.png,True,647,230,3,0,non-defect,train
train,data/raw/kolektor-sdd2/train/11232.png,data/raw/kolektor-sdd2/train/11232_GT.png,True,638,233,3,0,non-defect,train
train,data/raw/kolektor-sdd2/train/11233.png,data/raw/kolektor-sdd2/train/11233_GT.png,True,647,234,3,0,non-defect,train
train,data/raw/kolektor-sdd2/train/11234.png,data/raw/kolektor-sdd2/train/11234_GT.png,True,645,236,3,0,non-defect,train
train,data/raw/kolektor-sdd2/train/11235.png,data/raw/kolektor-sdd2/train/11235_GT.png,True,639,227,3,0,non-defect,train
train,data/raw/kolektor-sdd2/train/11236.png,data/raw/kolektor-sdd2/train/11236_GT.png,True,649,233,3,0,non-defect,train
train,data/raw/kolektor-sdd2/train/11237.png,data/raw/kolektor-sdd2/train/11237_GT.png,True,632,232,3,0,non-defect,train
train,data/raw/kolektor-sdd2/train/11238.png,data/raw/kolektor-sdd2/train/11238_GT.png,True,637,229,3,0,non-defect,train
train,data/raw/kolektor-sdd2/train/11239.png,data/raw/kolektor-sdd2/train/11239_GT.png,True,641,231,3,0,non-defect,train
train,data/raw/kolektor-sdd2/train/11240.png,data/raw/kolektor-sdd2/train/11240_GT.png,True,608,228,3,0,non-defect,validation
train,data/raw/kolektor-sdd2/train/11241.png,data/raw/kolektor-sdd2/train/11241_GT.png,True,642,229,3,0,non-defect,validation
train,data/raw/kolektor-sdd2/train/11242.png,data/raw/kolektor-sdd2/train/11242_GT.png,True,647,228,3,3718,defect,train
train,data/raw/kolektor-sdd2/train/11243.png,data/raw/kolektor-sdd2/train/11243_GT.png,True,639,226,3,0,non-defect,train
train,data/raw/kolektor-sdd2/train/11244.png,data/raw/kolektor-sdd2/train/11244_GT.png,True,632,227,3,0,non-defect,train
train,data/raw/kolektor-sdd2/train/11245.png,data/raw/kolektor-sdd2/train/11245_GT.png,True,642,233,3,0,non-defect,train
train,data/raw/kolektor-sdd2/train/11246.png,data/raw/kolektor-sdd2/train/11246_GT.png,True,636,229,3,0,non-defect,train
train,data/raw/kolektor-sdd2/train/11247.png,data/raw/kolektor-sdd2/train/11247_GT.png,True,634,225,3,0,non-defect,validation
train,data/raw/kolektor-sdd2/train/11248.png,data/raw/kolektor-sdd2/train/11248_GT.png,True,644,230,3,0,non-defect,train
train,data/raw/kolektor-sdd2/train/11249.png,data/raw/kolektor-sdd2/train/11249_GT.png,True,637,226,3,0,non-defect,train
train,data/raw/kolektor-sdd2/train/11250.png,data/raw/kolektor-sdd2/train/11250_GT.png,True,637,232,3,2293,defect,train
train,data/raw/kolektor-sdd2/train/11251.png,data/raw/kolektor-sdd2/train/11251_GT.png,True,631,232,3,0,non-defect,train
train,data/raw/kolektor-sdd2/train/11252.png,data/raw/kolektor-sdd2/train/11252_GT.png,True,629,236,3,0,non-defect,validation
train,data/raw/kolektor-sdd2/train/11253.png,data/raw/kolektor-sdd2/train/11253_GT.png,True,631,232,3,0,non-defect,train
train,data/raw/kolektor-sdd2/train/11254.png,data/raw/kolektor-sdd2/train/11254_GT.png,True,625,235,3,0,non-defect,train
train,data/raw/kolektor-sdd2/train/11255.png,data/raw/kolektor-sdd2/train/11255_GT.png,True,643,237,3,0,non-defect,train
train,data/raw/kolektor-sdd2/train/11256.png,data/raw/kolektor-sdd2/train/11256_GT.png,True,640,228,3,0,non-defect,validation
train,data/raw/kolektor-sdd2/train/11257.png,data/raw/kolektor-sdd2/train/11257_GT.png,True,632,205,3,0,non-defect,validation
train,data/raw/kolektor-sdd2/train/11258.png,data/raw/kolektor-sdd2/train/11258_GT.png,True,633,237,3,1737,defect,train
train,data/raw/kolektor-sdd2/train/11259.png,data/raw/kolektor-sdd2/train/11259_GT.png,True,642,236,3,0,non-defect,train
train,data/raw/kolektor-sdd2/train/11260.png,data/raw/kolektor-sdd2/train/11260_GT.png,True,634,230,3,0,non-defect,train
train,data/raw/kolektor-sdd2/train/11261.png,data/raw/kolektor-sdd2/train/11261_GT.png,True,634,232,3,0,non-defect,train
train,data/raw/kolektor-sdd2/train/11262.png,data/raw/kolektor-sdd2/train/11262_GT.png,True,639,235,3,0,non-defect,train
train,data/raw/kolektor-sdd2/train/11263.png,data/raw/kolektor-sdd2/train/11263_GT.png,True,635,231,3,0,non-defect,train
train,data/raw/kolektor-sdd2/train/11264.png,data/raw/kolektor-sdd2/train/11264_GT.png,True,636,232,3,0,non-defect,train
train,data/raw/kolektor-sdd2/train/11265.png,data/raw/kolektor-sdd2/train/11265_GT.png,True,642,227,3,0,non-defect,train
train,data/raw/kolektor-sdd2/train/11266.png,data/raw/kolektor-sdd2/train/11266_GT.png,True,639,235,3,0,non-defect,train
train,data/raw/kolektor-sdd2/train/11267.png,data/raw/kolektor-sdd2/train/11267_GT.png,True,642,225,3,0,non-defect,train
train,data/raw/kolektor-sdd2/train/11268.png,data/raw/kolektor-sdd2/train/11268_GT.png,True,631,236,3,0,non-defect,train
train,data/raw/kolektor-sdd2/train/11269.png,data/raw/kolektor-sdd2/train/11269_GT.png,True,642,236,3,162,defect,train
train,data/raw/kolektor-sdd2/train/11270.png,data/raw/kolektor-sdd2/train/11270_GT.png,True,641,231,3,0,non-defect,train
train,data/raw/kolektor-sdd2/train/11271.png,data/raw/kolektor-sdd2/train/11271_GT.png,True,652,233,3,0,non-defect,train
train,data/raw/kolektor-sdd2/train/11272.png,data/raw/kolektor-sdd2/train/11272_GT.png,True,640,236,3,0,non-defect,train
train,data/raw/kolektor-sdd2/train/11273.png,data/raw/kolektor-sdd2/train/11273_GT.png,True,639,228,3,0,non-defect,train
train,data/raw/kolektor-sdd2/train/11274.png,data/raw/kolektor-sdd2/train/11274_GT.png,True,633,230,3,0,non-defect,train
train,data/raw/kolektor-sdd2/train/11275.png,data/raw/kolektor-sdd2/train/11275_GT.png,True,640,236,3,0,non-defect,train
train,data/raw/kolektor-sdd2/train/11276.png,data/raw/kolektor-sdd2/train/11276_GT.png,True,638,232,3,0,non-defect,train
train,data/raw/kolektor-sdd2/train/11277.png,data/raw/kolektor-sdd2/train/11277_GT.png,True,652,228,3,0,non-defect,train
train,data/raw/kolektor-sdd2/train/11278.png,data/raw/kolektor-sdd2/train/11278_GT.png,True,637,231,3,0,non-defect,train
train,data/raw/kolektor-sdd2/train/11279.png,data/raw/kolektor-sdd2/train/11279_GT.png,True,638,234,3,0,non-defect,train
train,data/raw/kolektor-sdd2/train/11280.png,data/raw/kolektor-sdd2/train/11280_GT.png,True,646,229,3,0,non-defect,train
train,data/raw/kolektor-sdd2/train/11281.png,data/raw/kolektor-sdd2/train/11281_GT.png,True,643,231,3,0,non-defect,train
train,data/raw/kolektor-sdd2/train/11282.png,data/raw/kolektor-sdd2/train/11282_GT.png,True,630,228,3,1635,defect,train
train,data/raw/kolektor-sdd2/train/11283.png,data/raw/kolektor-sdd2/train/11283_GT.png,True,631,229,3,0,non-defect,train
train,data/raw/kolektor-sdd2/train/11284.png,data/raw/kolektor-sdd2/train/11284_GT.png,True,639,230,3,0,non-defect,train
train,data/raw/kolektor-sdd2/train/11285.png,data/raw/kolektor-sdd2/train/11285_GT.png,True,642,232,3,0,non-defect,train
train,data/raw/kolektor-sdd2/train/11286.png,data/raw/kolektor-sdd2/train/11286_GT.png,True,653,213,3,0,non-defect,train
train,data/raw/kolektor-sdd2/train/11287.png,data/raw/kolektor-sdd2/train/11287_GT.png,True,634,225,3,0,non-defect,train
train,data/raw/kolektor-sdd2/train/11288.png,data/raw/kolektor-sdd2/train/11288_GT.png,True,630,226,3,0,non-defect,train
train,data/raw/kolektor-sdd2/train/11289.png,data/raw/kolektor-sdd2/train/11289_GT.png,True,637,235,3,0,non-defect,train
train,data/raw/kolektor-sdd2/train/11290.png,data/raw/kolektor-sdd2/train/11290_GT.png,True,640,232,3,0,non-defect,validation
train,data/raw/kolektor-sdd2/train/11291.png,data/raw/kolektor-sdd2/train/11291_GT.png,True,645,233,3,0,non-defect,train
train,data/raw/kolektor-sdd2/train/11292.png,data/raw/kolektor-sdd2/train/11292_GT.png,True,636,225,3,0,non-defect,train
train,data/raw/kolektor-sdd2/train/11293.png,data/raw/kolektor-sdd2/train/11293_GT.png,True,628,226,3,0,non-defect,train
train,data/raw/kolektor-sdd2/train/11294.png,data/raw/kolektor-sdd2/train/11294_GT.png,True,635,224,3,0,non-defect,train
train,data/raw/kolektor-sdd2/train/11295.png,data/raw/kolektor-sdd2/train/11295_GT.png,True,631,232,3,0,non-defect,train
train,data/raw/kolektor-sdd2/train/11296.png,data/raw/kolektor-sdd2/train/11296_GT.png,True,644,227,3,0,non-defect,train
train,data/raw/kolektor-sdd2/train/11297.png,data/raw/kolektor-sdd2/train/11297_GT.png,True,640,226,3,0,non-defect,train
train,data/raw/kolektor-sdd2/train/11298.png,data/raw/kolektor-sdd2/train/11298_GT.png,True,650,232,3,0,non-defect,train
train,data/raw/kolektor-sdd2/train/11299.png,data/raw/kolektor-sdd2/train/11299_GT.png,True,640,231,3,2742,defect,train
train,data/raw/kolektor-sdd2/train/11300.png,data/raw/kolektor-sdd2/train/11300_GT.png,True,642,228,3,0,non-defect,train
train,data/raw/kolektor-sdd2/train/11301.png,data/raw/kolektor-sdd2/train/11301_GT.png,True,639,228,3,0,non-defect,validation
train,data/raw/kolektor-sdd2/train/11302.png,data/raw/kolektor-sdd2/train/11302_GT.png,True,640,229,3,0,non-defect,train
train,data/raw/kolektor-sdd2/train/11303.png,data/raw/kolektor-sdd2/train/11303_GT.png,True,634,225,3,0,non-defect,train
train,data/raw/kolektor-sdd2/train/11304.png,data/raw/kolektor-sdd2/train/11304_GT.png,True,628,223,3,0,non-defect,train
train,data/raw/kolektor-sdd2/train/11305.png,data/raw/kolektor-sdd2/train/11305_GT.png,True,630,232,3,0,non-defect,train
train,data/raw/kolektor-sdd2/train/11306.png,data/raw/kolektor-sdd2/train/11306_GT.png,True,634,231,3,0,non-defect,validation
train,data/raw/kolektor-sdd2/train/11307.png,data/raw/kolektor-sdd2/train/11307_GT.png,True,631,229,3,0,non-defect,train
train,data/raw/kolektor-sdd2/train/11308.png,data/raw/kolektor-sdd2/train/11308_GT.png,True,633,230,3,0,non-defect,train
train,data/raw/kolektor-sdd2/train/11309.png,data/raw/kolektor-sdd2/train/11309_GT.png,True,643,232,3,0,non-defect,train
train,data/raw/kolektor-sdd2/train/11310.png,data/raw/kolektor-sdd2/train/11310_GT.png,True,637,228,3,0,non-defect,train
train,data/raw/kolektor-sdd2/train/11311.png,data/raw/kolektor-sdd2/train/11311_GT.png,True,641,233,3,0,non-defect,train
train,data/raw/kolektor-sdd2/train/11312.png,data/raw/kolektor-sdd2/train/11312_GT.png,True,632,231,3,0,non-defect,validation
train,data/raw/kolektor-sdd2/train/11313.png,data/raw/kolektor-sdd2/train/11313_GT.png,True,647,230,3,0,non-defect,train
train,data/raw/kolektor-sdd2/train/11314.png,data/raw/kolektor-sdd2/train/11314_GT.png,True,631,228,3,0,non-defect,train
train,data/raw/kolektor-sdd2/train/11315.png,data/raw/kolektor-sdd2/train/11315_GT.png,True,655,226,3,16070,defect,train
train,data/raw/kolektor-sdd2/train/11316.png,data/raw/kolektor-sdd2/train/11316_GT.png,True,632,224,3,0,non-defect,train
train,data/raw/kolektor-sdd2/train/11317.png,data/raw/kolektor-sdd2/train/11317_GT.png,True,630,234,3,0,non-defect,train
train,data/raw/kolektor-sdd2/train/11318.png,data/raw/kolektor-sdd2/train/11318_GT.png,True,639,229,3,0,non-defect,validation
train,data/raw/kolektor-sdd2/train/11319.png,data/raw/kolektor-sdd2/train/11319_GT.png,True,643,228,3,0,non-defect,train
train,data/raw/kolektor-sdd2/train/11320.png,data/raw/kolektor-sdd2/train/11320_GT.png,True,638,225,3,0,non-defect,validation
train,data/raw/kolektor-sdd2/train/11321.png,data/raw/kolektor-sdd2/train/11321_GT.png,True,627,232,3,0,non-defect,train
train,data/raw/kolektor-sdd2/train/11322.png,data/raw/kolektor-sdd2/train/11322_GT.png,True,643,234,3,0,non-defect,train
train,data/raw/kolektor-sdd2/train/11323.png,data/raw/kolektor-sdd2/train/11323_GT.png,True,632,228,3,0,non-defect,train
train,data/raw/kolektor-sdd2/train/11324.png,data/raw/kolektor-sdd2/train/11324_GT.png,True,640,231,3,0,non-defect,train
train,data/raw/kolektor-sdd2/train/11325.png,data/raw/kolektor-sdd2/train/11325_GT.png,True,638,232,3,0,non-defect,train
train,data/raw/kolektor-sdd2/train/11326.png,data/raw/kolektor-sdd2/train/11326_GT.png,True,633,234,3,0,non-defect,validation
train,data/raw/kolektor-sdd2/train/11327.png,data/raw/kolektor-sdd2/train/11327_GT.png,True,630,227,3,0,non-defect,train
train,data/raw/kolektor-sdd2/train/11328.png,data/raw/kolektor-sdd2/train/11328_GT.png,True,632,230,3,0,non-defect,train
train,data/raw/kolektor-sdd2/train/11329.png,data/raw/kolektor-sdd2/train/11329_GT.png,True,634,220,3,0,non-defect,train
train,data/raw/kolektor-sdd2/train/11330.png,data/raw/kolektor-sdd2/train/11330_GT.png,True,638,221,3,0,non-defect,validation
train,data/raw/kolektor-sdd2/train/11331.png,data/raw/kolektor-sdd2/train/11331_GT.png,True,629,228,3,0,non-defect,train
train,data/raw/kolektor-sdd2/train/11332.png,data/raw/kolektor-sdd2/train/11332_GT.png,True,628,238,3,0,non-defect,validation
train,data/raw/kolektor-sdd2/train/11333.png,data/raw/kolektor-sdd2/train/11333_GT.png,True,645,215,3,0,non-defect,validation
train,data/raw/kolektor-sdd2/train/11334.png,data/raw/kolektor-sdd2/train/11334_GT.png,True,637,234,3,0,non-defect,train
train,data/raw/kolektor-sdd2/train/11335.png,data/raw/kolektor-sdd2/train/11335_GT.png,True,641,227,3,0,non-defect,validation
train,data/raw/kolektor-sdd2/train/11336.png,data/raw/kolektor-sdd2/train/11336_GT.png,True,630,230,3,0,non-defect,train
train,data/raw/kolektor-sdd2/train/11337.png,data/raw/kolektor-sdd2/train/11337_GT.png,True,639,225,3,0,non-defect,train
train,data/raw/kolektor-sdd2/train/11338.png,data/raw/kolektor-sdd2/train/11338_GT.png,True,640,228,3,0,non-defect,train
train,data/raw/kolektor-sdd2/train/11339.png,data/raw/kolektor-sdd2/train/11339_GT.png,True,636,228,3,642,defect,train
train,data/raw/kolektor-sdd2/train/11340.png,data/raw/kolektor-sdd2/train/11340_GT.png,True,645,230,3,0,non-defect,train
train,data/raw/kolektor-sdd2/train/11341.png,data/raw/kolektor-sdd2/train/11341_GT.png,True,632,227,3,0,non-defect,train
train,data/raw/kolektor-sdd2/train/11342.png,data/raw/kolektor-sdd2/train/11342_GT.png,True,632,230,3,0,non-defect,train
train,data/raw/kolektor-sdd2/train/11343.png,data/raw/kolektor-sdd2/train/11343_GT.png,True,652,232,3,0,non-defect,train
train,data/raw/kolektor-sdd2/train/11344.png,data/raw/kolektor-sdd2/train/11344_GT.png,True,638,232,3,0,non-defect,train
train,data/raw/kolektor-sdd2/train/11345.png,data/raw/kolektor-sdd2/train/11345_GT.png,True,632,229,3,0,non-defect,train
train,data/raw/kolektor-sdd2/train/11346.png,data/raw/kolektor-sdd2/train/11346_GT.png,True,633,229,3,0,non-defect,train
train,data/raw/kolektor-sdd2/train/11347.png,data/raw/kolektor-sdd2/train/11347_GT.png,True,627,226,3,0,non-defect,train
train,data/raw/kolektor-sdd2/train/11348.png,data/raw/kolektor-sdd2/train/11348_GT.png,True,640,231,3,0,non-defect,train
train,data/raw/kolektor-sdd2/train/11349.png,data/raw/kolektor-sdd2/train/11349_GT.png,True,635,234,3,0,non-defect,validation
train,data/raw/kolektor-sdd2/train/11350.png,data/raw/kolektor-sdd2/train/11350_GT.png,True,642,230,3,2222,defect,train
train,data/raw/kolektor-sdd2/train/11351.png,data/raw/kolektor-sdd2/train/11351_GT.png,True,629,221,3,2841,defect,validation
train,data/raw/kolektor-sdd2/train/11352.png,data/raw/kolektor-sdd2/train/11352_GT.png,True,638,232,3,0,non-defect,validation
train,data/raw/kolektor-sdd2/train/11353.png,data/raw/kolektor-sdd2/train/11353_GT.png,True,636,235,3,0,non-defect,train
train,data/raw/kolektor-sdd2/train/11354.png,data/raw/kolektor-sdd2/train/11354_GT.png,True,633,228,3,0,non-defect,train
train,data/raw/kolektor-sdd2/train/11355.png,data/raw/kolektor-sdd2/train/11355_GT.png,True,638,230,3,0,non-defect,validation
train,data/raw/kolektor-sdd2/train/11356.png,data/raw/kolektor-sdd2/train/11356_GT.png,True,639,233,3,0,non-defect,train
train,data/raw/kolektor-sdd2/train/11357.png,data/raw/kolektor-sdd2/train/11357_GT.png,True,635,220,3,0,non-defect,train
train,data/raw/kolektor-sdd2/train/11358.png,data/raw/kolektor-sdd2/train/11358_GT.png,True,644,232,3,0,non-defect,train
train,data/raw/kolektor-sdd2/train/11359.png,data/raw/kolektor-sdd2/train/11359_GT.png,True,629,222,3,0,non-defect,train
train,data/raw/kolektor-sdd2/train/11360.png,data/raw/kolektor-sdd2/train/11360_GT.png,True,644,228,3,1000,defect,validation
train,data/raw/kolektor-sdd2/train/11361.png,data/raw/kolektor-sdd2/train/11361_GT.png,True,632,231,3,0,non-defect,train
train,data/raw/kolektor-sdd2/train/11362.png,data/raw/kolektor-sdd2/train/11362_GT.png,True,636,226,3,0,non-defect,train
train,data/raw/kolektor-sdd2/train/11363.png,data/raw/kolektor-sdd2/train/11363_GT.png,True,625,231,3,861,defect,train
train,data/raw/kolektor-sdd2/train/11364.png,data/raw/kolektor-sdd2/train/11364_GT.png,True,650,237,3,531,defect,validation
train,data/raw/kolektor-sdd2/train/11365.png,data/raw/kolektor-sdd2/train/11365_GT.png,True,633,234,3,0,non-defect,train
train,data/raw/kolektor-sdd2/train/11366.png,data/raw/kolektor-sdd2/train/11366_GT.png,True,632,232,3,0,non-defect,train
train,data/raw/kolektor-sdd2/train/11367.png,data/raw/kolektor-sdd2/train/11367_GT.png,True,633,231,3,0,non-defect,train
train,data/raw/kolektor-sdd2/train/11368.png,data/raw/kolektor-sdd2/train/11368_GT.png,True,637,232,3,0,non-defect,train
train,data/raw/kolektor-sdd2/train/11369.png,data/raw/kolektor-sdd2/train/11369_GT.png,True,633,230,3,0,non-defect,train
train,data/raw/kolektor-sdd2/train/11370.png,data/raw/kolektor-sdd2/train/11370_GT.png,True,642,233,3,0,non-defect,train
train,data/raw/kolektor-sdd2/train/11371.png,data/raw/kolektor-sdd2/train/11371_GT.png,True,648,228,3,0,non-defect,train
train,data/raw/kolektor-sdd2/train/11372.png,data/raw/kolektor-sdd2/train/11372_GT.png,True,639,226,3,0,non-defect,train
train,data/raw/kolektor-sdd2/train/11373.png,data/raw/kolektor-sdd2/train/11373_GT.png,True,632,232,3,0,non-defect,validation
train,data/raw/kolektor-sdd2/train/11374.png,data/raw/kolektor-sdd2/train/11374_GT.png,True,635,230,3,0,non-defect,validation
train,data/raw/kolektor-sdd2/train/11375.png,data/raw/kolektor-sdd2/train/11375_GT.png,True,645,234,3,0,non-defect,train
train,data/raw/kolektor-sdd2/train/11376.png,data/raw/kolektor-sdd2/train/11376_GT.png,True,630,230,3,0,non-defect,train
train,data/raw/kolektor-sdd2/train/11377.png,data/raw/kolektor-sdd2/train/11377_GT.png,True,633,231,3,0,non-defect,train
train,data/raw/kolektor-sdd2/train/11378.png,data/raw/kolektor-sdd2/train/11378_GT.png,True,633,229,3,0,non-defect,validation
train,data/raw/kolektor-sdd2/train/11379.png,data/raw/kolektor-sdd2/train/11379_GT.png,True,630,228,3,0,non-defect,validation
train,data/raw/kolektor-sdd2/train/11380.png,data/raw/kolektor-sdd2/train/11380_GT.png,True,639,237,3,0,non-defect,validation
train,data/raw/kolektor-sdd2/train/11381.png,data/raw/kolektor-sdd2/train/11381_GT.png,True,635,229,3,0,non-defect,train
train,data/raw/kolektor-sdd2/train/11382.png,data/raw/kolektor-sdd2/train/11382_GT.png,True,639,234,3,0,non-defect,train
train,data/raw/kolektor-sdd2/train/11383.png,data/raw/kolektor-sdd2/train/11383_GT.png,True,642,234,3,0,non-defect,train
train,data/raw/kolektor-sdd2/train/11384.png,data/raw/kolektor-sdd2/train/11384_GT.png,True,636,230,3,0,non-defect,train
train,data/raw/kolektor-sdd2/train/11385.png,data/raw/kolektor-sdd2/train/11385_GT.png,True,641,230,3,0,non-defect,train
train,data/raw/kolektor-sdd2/train/11386.png,data/raw/kolektor-sdd2/train/11386_GT.png,True,628,226,3,839,defect,validation
train,data/raw/kolektor-sdd2/train/11387.png,data/raw/kolektor-sdd2/train/11387_GT.png,True,645,234,3,0,non-defect,train
train,data/raw/kolektor-sdd2/train/11388.png,data/raw/kolektor-sdd2/train/11388_GT.png,True,633,234,3,2273,defect,validation
train,data/raw/kolektor-sdd2/train/11389.png,data/raw/kolektor-sdd2/train/11389_GT.png,True,632,216,3,0,non-defect,train
train,data/raw/kolektor-sdd2/train/11390.png,data/raw/kolektor-sdd2/train/11390_GT.png,True,636,228,3,0,non-defect,train
train,data/raw/kolektor-sdd2/train/11391.png,data/raw/kolektor-sdd2/train/11391_GT.png,True,638,232,3,0,non-defect,train
train,data/raw/kolektor-sdd2/train/11392.png,data/raw/kolektor-sdd2/train/11392_GT.png,True,642,232,3,0,non-defect,train
train,data/raw/kolektor-sdd2/train/11393.png,data/raw/kolektor-sdd2/train/11393_GT.png,True,627,222,3,0,non-defect,train
train,data/raw/kolektor-sdd2/train/11394.png,data/raw/kolektor-sdd2/train/11394_GT.png,True,637,230,3,0,non-defect,validation
train,data/raw/kolektor-sdd2/train/11395.png,data/raw/kolektor-sdd2/train/11395_GT.png,True,651,228,3,0,non-defect,validation
train,data/raw/kolektor-sdd2/train/11396.png,data/raw/kolektor-sdd2/train/11396_GT.png,True,624,229,3,0,non-defect,train
train,data/raw/kolektor-sdd2/train/11397.png,data/raw/kolektor-sdd2/train/11397_GT.png,True,629,230,3,0,non-defect,train
train,data/raw/kolektor-sdd2/train/11398.png,data/raw/kolektor-sdd2/train/11398_GT.png,True,647,225,3,7012,defect,train
train,data/raw/kolektor-sdd2/train/11399.png,data/raw/kolektor-sdd2/train/11399_GT.png,True,646,234,3,0,non-defect,train
train,data/raw/kolektor-sdd2/train/11400.png,data/raw/kolektor-sdd2/train/11400_GT.png,True,638,230,3,0,non-defect,train
train,data/raw/kolektor-sdd2/train/11401.png,data/raw/kolektor-sdd2/train/11401_GT.png,True,631,228,3,0,non-defect,train
train,data/raw/kolektor-sdd2/train/11402.png,data/raw/kolektor-sdd2/train/11402_GT.png,True,636,230,3,0,non-defect,validation
train,data/raw/kolektor-sdd2/train/11403.png,data/raw/kolektor-sdd2/train/11403_GT.png,True,632,232,3,0,non-defect,train
train,data/raw/kolektor-sdd2/train/11404.png,data/raw/kolektor-sdd2/train/11404_GT.png,True,636,227,3,3847,defect,train
train,data/raw/kolektor-sdd2/train/11405.png,data/raw/kolektor-sdd2/train/11405_GT.png,True,636,219,3,0,non-defect,train
train,data/raw/kolektor-sdd2/train/11406.png,data/raw/kolektor-sdd2/train/11406_GT.png,True,643,237,3,0,non-defect,train
train,data/raw/kolektor-sdd2/train/11407.png,data/raw/kolektor-sdd2/train/11407_GT.png,True,646,229,3,0,non-defect,train
train,data/raw/kolektor-sdd2/train/11408.png,data/raw/kolektor-sdd2/train/11408_GT.png,True,634,225,3,0,non-defect,train
train,data/raw/kolektor-sdd2/train/11409.png,data/raw/kolektor-sdd2/train/11409_GT.png,True,634,231,3,0,non-defect,train
train,data/raw/kolektor-sdd2/train/11410.png,data/raw/kolektor-sdd2/train/11410_GT.png,True,648,236,3,0,non-defect,train
train,data/raw/kolektor-sdd2/train/11411.png,data/raw/kolektor-sdd2/train/11411_GT.png,True,642,238,3,0,non-defect,train
train,data/raw/kolektor-sdd2/train/11412.png,data/raw/kolektor-sdd2/train/11412_GT.png,True,637,231,3,0,non-defect,train
train,data/raw/kolektor-sdd2/train/11413.png,data/raw/kolektor-sdd2/train/11413_GT.png,True,631,227,3,0,non-defect,train
train,data/raw/kolektor-sdd2/train/11414.png,data/raw/kolektor-sdd2/train/11414_GT.png,True,641,229,3,0,non-defect,train
train,data/raw/kolektor-sdd2/train/11415.png,data/raw/kolektor-sdd2/train/11415_GT.png,True,643,234,3,0,non-defect,train
train,data/raw/kolektor-sdd2/train/11416.png,data/raw/kolektor-sdd2/train/11416_GT.png,True,632,226,3,0,non-defect,train
train,data/raw/kolektor-sdd2/train/11417.png,data/raw/kolektor-sdd2/train/11417_GT.png,True,634,229,3,627,defect,train
train,data/raw/kolektor-sdd2/train/11418.png,data/raw/kolektor-sdd2/train/11418_GT.png,True,630,226,3,0,non-defect,train
train,data/raw/kolektor-sdd2/train/11419.png,data/raw/kolektor-sdd2/train/11419_GT.png,True,642,240,3,0,non-defect,train
train,data/raw/kolektor-sdd2/train/11420.png,data/raw/kolektor-sdd2/train/11420_GT.png,True,630,228,3,0,non-defect,validation
train,data/raw/kolektor-sdd2/train/11421.png,data/raw/kolektor-sdd2/train/11421_GT.png,True,631,228,3,0,non-defect,train
train,data/raw/kolektor-sdd2/train/11422.png,data/raw/kolektor-sdd2/train/11422_GT.png,True,640,239,3,0,non-defect,train
train,data/raw/kolektor-sdd2/train/11423.png,data/raw/kolektor-sdd2/train/11423_GT.png,True,640,226,3,0,non-defect,validation
train,data/raw/kolektor-sdd2/train/11424.png,data/raw/kolektor-sdd2/train/11424_GT.png,True,640,228,3,0,non-defect,train
train,data/raw/kolektor-sdd2/train/11425.png,data/raw/kolektor-sdd2/train/11425_GT.png,True,637,235,3,0,non-defect,validation
train,data/raw/kolektor-sdd2/train/11426.png,data/raw/kolektor-sdd2/train/11426_GT.png,True,640,230,3,0,non-defect,train
train,data/raw/kolektor-sdd2/train/11427.png,data/raw/kolektor-sdd2/train/11427_GT.png,True,634,229,3,0,non-defect,validation
train,data/raw/kolektor-sdd2/train/11428.png,data/raw/kolektor-sdd2/train/11428_GT.png,True,638,233,3,0,non-defect,train
train,data/raw/kolektor-sdd2/train/11429.png,data/raw/kolektor-sdd2/train/11429_GT.png,True,636,226,3,0,non-defect,train
train,data/raw/kolektor-sdd2/train/11430.png,data/raw/kolektor-sdd2/train/11430_GT.png,True,629,230,3,3987,defect,train
train,data/raw/kolektor-sdd2/train/11431.png,data/raw/kolektor-sdd2/train/11431_GT.png,True,636,230,3,0,non-defect,train
train,data/raw/kolektor-sdd2/train/11432.png,data/raw/kolektor-sdd2/train/11432_GT.png,True,640,231,3,2066,defect,train
train,data/raw/kolektor-sdd2/train/11433.png,data/raw/kolektor-sdd2/train/11433_GT.png,True,638,229,3,0,non-defect,validation
train,data/raw/kolektor-sdd2/train/11434.png,data/raw/kolektor-sdd2/train/11434_GT.png,True,628,229,3,0,non-defect,train
train,data/raw/kolektor-sdd2/train/11435.png,data/raw/kolektor-sdd2/train/11435_GT.png,True,625,226,3,0,non-defect,train
train,data/raw/kolektor-sdd2/train/11436.png,data/raw/kolektor-sdd2/train/11436_GT.png,True,637,224,3,0,non-defect,train
train,data/raw/kolektor-sdd2/train/11437.png,data/raw/kolektor-sdd2/train/11437_GT.png,True,645,230,3,0,non-defect,train
train,data/raw/kolektor-sdd2/train/11438.png,data/raw/kolektor-sdd2/train/11438_GT.png,True,634,226,3,0,non-defect,train
train,data/raw/kolektor-sdd2/train/11439.png,data/raw/kolektor-sdd2/train/11439_GT.png,True,644,228,3,0,non-defect,train
train,data/raw/kolektor-sdd2/train/11440.png,data/raw/kolektor-sdd2/train/11440_GT.png,True,643,228,3,0,non-defect,train
train,data/raw/kolektor-sdd2/train/11441.png,data/raw/kolektor-sdd2/train/11441_GT.png,True,631,232,3,0,non-defect,validation
train,data/raw/kolektor-sdd2/train/11442.png,data/raw/kolektor-sdd2/train/11442_GT.png,True,643,228,3,0,non-defect,train
train,data/raw/kolektor-sdd2/train/11443.png,data/raw/kolektor-sdd2/train/11443_GT.png,True,638,234,3,0,non-defect,validation
train,data/raw/kolektor-sdd2/train/11444.png,data/raw/kolektor-sdd2/train/11444_GT.png,True,647,235,3,2204,defect,train
train,data/raw/kolektor-sdd2/train/11445.png,data/raw/kolektor-sdd2/train/11445_GT.png,True,641,231,3,0,non-defect,train
train,data/raw/kolektor-sdd2/train/11446.png,data/raw/kolektor-sdd2/train/11446_GT.png,True,636,227,3,0,non-defect,train
train,data/raw/kolektor-sdd2/train/11447.png,data/raw/kolektor-sdd2/train/11447_GT.png,True,633,234,3,3090,defect,train
train,data/raw/kolektor-sdd2/train/11448.png,data/raw/kolektor-sdd2/train/11448_GT.png,True,630,224,3,0,non-defect,train
train,data/raw/kolektor-sdd2/train/11449.png,data/raw/kolektor-sdd2/train/11449_GT.png,True,638,228,3,0,non-defect,train
train,data/raw/kolektor-sdd2/train/11450.png,data/raw/kolektor-sdd2/train/11450_GT.png,True,642,232,3,0,non-defect,train
train,data/raw/kolektor-sdd2/train/11451.png,data/raw/kolektor-sdd2/train/11451_GT.png,True,647,227,3,0,non-defect,train
train,data/raw/kolektor-sdd2/train/11452.png,data/raw/kolektor-sdd2/train/11452_GT.png,True,643,234,3,0,non-defect,train
train,data/raw/kolektor-sdd2/train/11453.png,data/raw/kolektor-sdd2/train/11453_GT.png,True,653,233,3,0,non-defect,train
train,data/raw/kolektor-sdd2/train/11454.png,data/raw/kolektor-sdd2/train/11454_GT.png,True,634,212,3,0,non-defect,train
train,data/raw/kolektor-sdd2/train/11455.png,data/raw/kolektor-sdd2/train/11455_GT.png,True,644,234,3,0,non-defect,validation
train,data/raw/kolektor-sdd2/train/11456.png,data/raw/kolektor-sdd2/train/11456_GT.png,True,636,234,3,0,non-defect,validation
train,data/raw/kolektor-sdd2/train/11457.png,data/raw/kolektor-sdd2/train/11457_GT.png,True,632,233,3,0,non-defect,validation
train,data/raw/kolektor-sdd2/train/11458.png,data/raw/kolektor-sdd2/train/11458_GT.png,True,635,226,3,471,defect,train
train,data/raw/kolektor-sdd2/train/11459.png,data/raw/kolektor-sdd2/train/11459_GT.png,True,625,224,3,0,non-defect,train
train,data/raw/kolektor-sdd2/train/11460.png,data/raw/kolektor-sdd2/train/11460_GT.png,True,634,232,3,0,non-defect,validation
train,data/raw/kolektor-sdd2/train/11461.png,data/raw/kolektor-sdd2/train/11461_GT.png,True,653,232,3,0,non-defect,train
train,data/raw/kolektor-sdd2/train/11462.png,data/raw/kolektor-sdd2/train/11462_GT.png,True,640,233,3,0,non-defect,train
train,data/raw/kolektor-sdd2/train/11463.png,data/raw/kolektor-sdd2/train/11463_GT.png,True,640,233,3,0,non-defect,train
train,data/raw/kolektor-sdd2/train/11464.png,data/raw/kolektor-sdd2/train/11464_GT.png,True,620,223,3,0,non-defect,train
train,data/raw/kolektor-sdd2/train/11465.png,data/raw/kolektor-sdd2/train/11465_GT.png,True,639,232,3,0,non-defect,validation
train,data/raw/kolektor-sdd2/train/11466.png,data/raw/kolektor-sdd2/train/11466_GT.png,True,638,229,3,0,non-defect,validation
train,data/raw/kolektor-sdd2/train/11467.png,data/raw/kolektor-sdd2/train/11467_GT.png,True,636,230,3,0,non-defect,validation
train,data/raw/kolektor-sdd2/train/11468.png,data/raw/kolektor-sdd2/train/11468_GT.png,True,630,231,3,0,non-defect,train
train,data/raw/kolektor-sdd2/train/11469.png,data/raw/kolektor-sdd2/train/11469_GT.png,True,631,226,3,0,non-defect,train
train,data/raw/kolektor-sdd2/train/11470.png,data/raw/kolektor-sdd2/train/11470_GT.png,True,640,227,3,0,non-defect,train
train,data/raw/kolektor-sdd2/train/11471.png,data/raw/kolektor-sdd2/train/11471_GT.png,True,640,227,3,0,non-defect,train
train,data/raw/kolektor-sdd2/train/11472.png,data/raw/kolektor-sdd2/train/11472_GT.png,True,638,229,3,0,non-defect,train
train,data/raw/kolektor-sdd2/train/11473.png,data/raw/kolektor-sdd2/train/11473_GT.png,True,635,232,3,0,non-defect,train
train,data/raw/kolektor-sdd2/train/11474.png,data/raw/kolektor-sdd2/train/11474_GT.png,True,627,231,3,0,non-defect,train
train,data/raw/kolektor-sdd2/train/11475.png,data/raw/kolektor-sdd2/train/11475_GT.png,True,625,224,3,0,non-defect,train
train,data/raw/kolektor-sdd2/train/11476.png,data/raw/kolektor-sdd2/train/11476_GT.png,True,631,217,3,0,non-defect,train
train,data/raw/kolektor-sdd2/train/11477.png,data/raw/kolektor-sdd2/train/11477_GT.png,True,642,230,3,2528,defect,train
train,data/raw/kolektor-sdd2/train/11478.png,data/raw/kolektor-sdd2/train/11478_GT.png,True,650,231,3,0,non-defect,train
train,data/raw/kolektor-sdd2/train/11479.png,data/raw/kolektor-sdd2/train/11479_GT.png,True,633,227,3,0,non-defect,train
train,data/raw/kolektor-sdd2/train/11480.png,data/raw/kolektor-sdd2/train/11480_GT.png,True,644,229,3,0,non-defect,train
train,data/raw/kolektor-sdd2/train/11481.png,data/raw/kolektor-sdd2/train/11481_GT.png,True,632,227,3,852,defect,train
train,data/raw/kolektor-sdd2/train/11482.png,data/raw/kolektor-sdd2/train/11482_GT.png,True,632,235,3,265,defect,train
train,data/raw/kolektor-sdd2/train/11483.png,data/raw/kolektor-sdd2/train/11483_GT.png,True,643,231,3,0,non-defect,train
train,data/raw/kolektor-sdd2/train/11484.png,data/raw/kolektor-sdd2/train/11484_GT.png,True,629,226,3,0,non-defect,train
train,data/raw/kolektor-sdd2/train/11485.png,data/raw/kolektor-sdd2/train/11485_GT.png,True,625,227,3,0,non-defect,train
train,data/raw/kolektor-sdd2/train/11486.png,data/raw/kolektor-sdd2/train/11486_GT.png,True,635,230,3,0,non-defect,train
train,data/raw/kolektor-sdd2/train/11487.png,data/raw/kolektor-sdd2/train/11487_GT.png,True,640,230,3,0,non-defect,train
train,data/raw/kolektor-sdd2/train/11488.png,data/raw/kolektor-sdd2/train/11488_GT.png,True,642,234,3,0,non-defect,train
train,data/raw/kolektor-sdd2/train/11489.png,data/raw/kolektor-sdd2/train/11489_GT.png,True,649,233,3,0,non-defect,train
train,data/raw/kolektor-sdd2/train/11490.png,data/raw/kolektor-sdd2/train/11490_GT.png,True,629,231,3,0,non-defect,train
train,data/raw/kolektor-sdd2/train/11491.png,data/raw/kolektor-sdd2/train/11491_GT.png,True,641,231,3,0,non-defect,validation
train,data/raw/kolektor-sdd2/train/11492.png,data/raw/kolektor-sdd2/train/11492_GT.png,True,635,226,3,0,non-defect,train
train,data/raw/kolektor-sdd2/train/11493.png,data/raw/kolektor-sdd2/train/11493_GT.png,True,645,227,3,0,non-defect,train
train,data/raw/kolektor-sdd2/train/11494.png,data/raw/kolektor-sdd2/train/11494_GT.png,True,630,205,3,0,non-defect,train
train,data/raw/kolektor-sdd2/train/11495.png,data/raw/kolektor-sdd2/train/11495_GT.png,True,639,229,3,0,non-defect,validation
train,data/raw/kolektor-sdd2/train/11496.png,data/raw/kolektor-sdd2/train/11496_GT.png,True,638,224,3,0,non-defect,train
train,data/raw/kolektor-sdd2/train/11497.png,data/raw/kolektor-sdd2/train/11497_GT.png,True,650,233,3,0,non-defect,train
train,data/raw/kolektor-sdd2/train/11498.png,data/raw/kolektor-sdd2/train/11498_GT.png,True,643,231,3,0,non-defect,train
train,data/raw/kolektor-sdd2/train/11499.png,data/raw/kolektor-sdd2/train/11499_GT.png,True,643,231,3,0,non-defect,train
train,data/raw/kolektor-sdd2/train/11500.png,data/raw/kolektor-sdd2/train/11500_GT.png,True,630,226,3,5461,defect,train
train,data/raw/kolektor-sdd2/train/11501.png,data/raw/kolektor-sdd2/train/11501_GT.png,True,636,227,3,0,non-defect,train
train,data/raw/kolektor-sdd2/train/11502.png,data/raw/kolektor-sdd2/train/11502_GT.png,True,635,229,3,0,non-defect,train
train,data/raw/kolektor-sdd2/train/11503.png,data/raw/kolektor-sdd2/train/11503_GT.png,True,645,234,3,0,non-defect,validation
train,data/raw/kolektor-sdd2/train/11504.png,data/raw/kolektor-sdd2/train/11504_GT.png,True,633,229,3,0,non-defect,train
train,data/raw/kolektor-sdd2/train/11505.png,data/raw/kolektor-sdd2/train/11505_GT.png,True,643,229,3,0,non-defect,validation
train,data/raw/kolektor-sdd2/train/11506.png,data/raw/kolektor-sdd2/train/11506_GT.png,True,634,226,3,883,defect,train
train,data/raw/kolektor-sdd2/train/11507.png,data/raw/kolektor-sdd2/train/11507_GT.png,True,631,216,3,0,non-defect,train
train,data/raw/kolektor-sdd2/train/11508.png,data/raw/kolektor-sdd2/train/11508_GT.png,True,627,225,3,0,non-defect,train
train,data/raw/kolektor-sdd2/train/11509.png,data/raw/kolektor-sdd2/train/11509_GT.png,True,632,224,3,0,non-defect,train
train,data/raw/kolektor-sdd2/train/11510.png,data/raw/kolektor-sdd2/train/11510_GT.png,True,644,228,3,0,non-defect,train
train,data/raw/kolektor-sdd2/train/11511.png,data/raw/kolektor-sdd2/train/11511_GT.png,True,644,231,3,0,non-defect,train
train,data/raw/kolektor-sdd2/train/11512.png,data/raw/kolektor-sdd2/train/11512_GT.png,True,642,229,3,177,defect,train
train,data/raw/kolektor-sdd2/train/11513.png,data/raw/kolektor-sdd2/train/11513_GT.png,True,641,230,3,0,non-defect,train
train,data/raw/kolektor-sdd2/train/11514.png,data/raw/kolektor-sdd2/train/11514_GT.png,True,643,235,3,0,non-defect,train
train,data/raw/kolektor-sdd2/train/11515.png,data/raw/kolektor-sdd2/train/11515_GT.png,True,632,226,3,0,non-defect,train
train,data/raw/kolektor-sdd2/train/11516.png,data/raw/kolektor-sdd2/train/11516_GT.png,True,638,230,3,0,non-defect,train
train,data/raw/kolektor-sdd2/train/11517.png,data/raw/kolektor-sdd2/train/11517_GT.png,True,626,224,3,0,non-defect,validation
train,data/raw/kolektor-sdd2/train/11518.png,data/raw/kolektor-sdd2/train/11518_GT.png,True,645,232,3,0,non-defect,validation
train,data/raw/kolektor-sdd2/train/11519.png,data/raw/kolektor-sdd2/train/11519_GT.png,True,630,228,3,0,non-defect,train
train,data/raw/kolektor-sdd2/train/11520.png,data/raw/kolektor-sdd2/train/11520_GT.png,True,641,230,3,0,non-defect,train
train,data/raw/kolektor-sdd2/train/11521.png,data/raw/kolektor-sdd2/train/11521_GT.png,True,639,231,3,0,non-defect,train
train,data/raw/kolektor-sdd2/train/11522.png,data/raw/kolektor-sdd2/train/11522_GT.png,True,642,235,3,0,non-defect,train
train,data/raw/kolektor-sdd2/train/11523.png,data/raw/kolektor-sdd2/train/11523_GT.png,True,647,234,3,0,non-defect,train
train,data/raw/kolektor-sdd2/train/11524.png,data/raw/kolektor-sdd2/train/11524_GT.png,True,629,230,3,0,non-defect,train
train,data/raw/kolektor-sdd2/train/11525.png,data/raw/kolektor-sdd2/train/11525_GT.png,True,647,228,3,0,non-defect,train
train,data/raw/kolektor-sdd2/train/11526.png,data/raw/kolektor-sdd2/train/11526_GT.png,True,640,232,3,0,non-defect,train
train,data/raw/kolektor-sdd2/train/11527.png,data/raw/kolektor-sdd2/train/11527_GT.png,True,630,228,3,0,non-defect,validation
train,data/raw/kolektor-sdd2/train/11528.png,data/raw/kolektor-sdd2/train/11528_GT.png,True,642,231,3,0,non-defect,train
train,data/raw/kolektor-sdd2/train/11529.png,data/raw/kolektor-sdd2/train/11529_GT.png,True,633,226,3,0,non-defect,train
train,data/raw/kolektor-sdd2/train/11530.png,data/raw/kolektor-sdd2/train/11530_GT.png,True,644,228,3,0,non-defect,train
train,data/raw/kolektor-sdd2/train/11531.png,data/raw/kolektor-sdd2/train/11531_GT.png,True,628,220,3,0,non-defect,train
train,data/raw/kolektor-sdd2/train/11532.png,data/raw/kolektor-sdd2/train/11532_GT.png,True,636,206,3,0,non-defect,train
train,data/raw/kolektor-sdd2/train/11533.png,data/raw/kolektor-sdd2/train/11533_GT.png,True,635,221,3,0,non-defect,validation
train,data/raw/kolektor-sdd2/train/11534.png,data/raw/kolektor-sdd2/train/11534_GT.png,True,642,227,3,0,non-defect,train
train,data/raw/kolektor-sdd2/train/11535.png,data/raw/kolektor-sdd2/train/11535_GT.png,True,646,221,3,0,non-defect,train
train,data/raw/kolektor-sdd2/train/11536.png,data/raw/kolektor-sdd2/train/11536_GT.png,True,632,226,3,0,non-defect,train
train,data/raw/kolektor-sdd2/train/11537.png,data/raw/kolektor-sdd2/train/11537_GT.png,True,629,227,3,0,non-defect,validation
train,data/raw/kolektor-sdd2/train/11538.png,data/raw/kolektor-sdd2/train/11538_GT.png,True,634,233,3,0,non-defect,train
train,data/raw/kolektor-sdd2/train/11539.png,data/raw/kolektor-sdd2/train/11539_GT.png,True,630,230,3,0,non-defect,train
train,data/raw/kolektor-sdd2/train/11540.png,data/raw/kolektor-sdd2/train/11540_GT.png,True,646,233,3,0,non-defect,train
train,data/raw/kolektor-sdd2/train/11541.png,data/raw/kolektor-sdd2/train/11541_GT.png,True,619,231,3,0,non-defect,train
train,data/raw/kolektor-sdd2/train/11542.png,data/raw/kolektor-sdd2/train/11542_GT.png,True,638,232,3,0,non-defect,train
train,data/raw/kolektor-sdd2/train/11543.png,data/raw/kolektor-sdd2/train/11543_GT.png,True,630,230,3,3201,defect,train
train,data/raw/kolektor-sdd2/train/11544.png,data/raw/kolektor-sdd2/train/11544_GT.png,True,635,237,3,0,non-defect,train
train,data/raw/kolektor-sdd2/train/11545.png,data/raw/kolektor-sdd2/train/11545_GT.png,True,646,236,3,0,non-defect,train
train,data/raw/kolektor-sdd2/train/11546.png,data/raw/kolektor-sdd2/train/11546_GT.png,True,643,229,3,0,non-defect,train
train,data/raw/kolektor-sdd2/train/11547.png,data/raw/kolektor-sdd2/train/11547_GT.png,True,634,236,3,0,non-defect,train
train,data/raw/kolektor-sdd2/train/11548.png,data/raw/kolektor-sdd2/train/11548_GT.png,True,641,235,3,0,non-defect,train
train,data/raw/kolektor-sdd2/train/11549.png,data/raw/kolektor-sdd2/train/11549_GT.png,True,634,216,3,2912,defect,train
train,data/raw/kolektor-sdd2/train/11550.png,data/raw/kolektor-sdd2/train/11550_GT.png,True,638,231,3,0,non-defect,train
train,data/raw/kolektor-sdd2/train/11551.png,data/raw/kolektor-sdd2/train/11551_GT.png,True,626,230,3,0,non-defect,train
train,data/raw/kolektor-sdd2/train/11552.png,data/raw/kolektor-sdd2/train/11552_GT.png,True,644,233,3,0,non-defect,train
train,data/raw/kolektor-sdd2/train/11553.png,data/raw/kolektor-sdd2/train/11553_GT.png,True,630,229,3,607,defect,train
train,data/raw/kolektor-sdd2/train/11554.png,data/raw/kolektor-sdd2/train/11554_GT.png,True,632,230,3,0,non-defect,train
train,data/raw/kolektor-sdd2/train/11555.png,data/raw/kolektor-sdd2/train/11555_GT.png,True,636,226,3,0,non-defect,validation
train,data/raw/kolektor-sdd2/train/11556.png,data/raw/kolektor-sdd2/train/11556_GT.png,True,631,227,3,0,non-defect,train
train,data/raw/kolektor-sdd2/train/11557.png,data/raw/kolektor-sdd2/train/11557_GT.png,True,632,225,3,0,non-defect,train
train,data/raw/kolektor-sdd2/train/11558.png,data/raw/kolektor-sdd2/train/11558_GT.png,True,632,230,3,0,non-defect,train
train,data/raw/kolektor-sdd2/train/11559.png,data/raw/kolektor-sdd2/train/11559_GT.png,True,644,235,3,0,non-defect,train
train,data/raw/kolektor-sdd2/train/11560.png,data/raw/kolektor-sdd2/train/11560_GT.png,True,646,232,3,0,non-defect,train
train,data/raw/kolektor-sdd2/train/11561.png,data/raw/kolektor-sdd2/train/11561_GT.png,True,635,229,3,0,non-defect,validation
train,data/raw/kolektor-sdd2/train/11562.png,data/raw/kolektor-sdd2/train/11562_GT.png,True,641,235,3,0,non-defect,train
train,data/raw/kolektor-sdd2/train/11563.png,data/raw/kolektor-sdd2/train/11563_GT.png,True,636,231,3,0,non-defect,train
train,data/raw/kolektor-sdd2/train/11564.png,data/raw/kolektor-sdd2/train/11564_GT.png,True,639,229,3,0,non-defect,train
train,data/raw/kolektor-sdd2/train/11565.png,data/raw/kolektor-sdd2/train/11565_GT.png,True,642,234,3,0,non-defect,train
train,data/raw/kolektor-sdd2/train/11566.png,data/raw/kolektor-sdd2/train/11566_GT.png,True,648,230,3,0,non-defect,train
train,data/raw/kolektor-sdd2/train/11567.png,data/raw/kolektor-sdd2/train/11567_GT.png,True,636,229,3,0,non-defect,train
train,data/raw/kolektor-sdd2/train/11568.png,data/raw/kolektor-sdd2/train/11568_GT.png,True,640,230,3,988,defect,train
train,data/raw/kolektor-sdd2/train/11569.png,data/raw/kolektor-sdd2/train/11569_GT.png,True,642,231,3,0,non-defect,train
train,data/raw/kolektor-sdd2/train/11570.png,data/raw/kolektor-sdd2/train/11570_GT.png,True,634,229,3,0,non-defect,train
train,data/raw/kolektor-sdd2/train/11571.png,data/raw/kolektor-sdd2/train/11571_GT.png,True,645,228,3,0,non-defect,train
train,data/raw/kolektor-sdd2/train/11572.png,data/raw/kolektor-sdd2/train/11572_GT.png,True,637,228,3,0,non-defect,train
train,data/raw/kolektor-sdd2/train/11573.png,data/raw/kolektor-sdd2/train/11573_GT.png,True,642,233,3,3702,defect,train
train,data/raw/kolektor-sdd2/train/11574.png,data/raw/kolektor-sdd2/train/11574_GT.png,True,640,231,3,5103,defect,train
train,data/raw/kolektor-sdd2/train/11575.png,data/raw/kolektor-sdd2/train/11575_GT.png,True,631,226,3,0,non-defect,train
train,data/raw/kolektor-sdd2/train/11576.png,data/raw/kolektor-sdd2/train/11576_GT.png,True,634,231,3,0,non-defect,train
train,data/raw/kolektor-sdd2/train/11577.png,data/raw/kolektor-sdd2/train/11577_GT.png,True,632,224,3,0,non-defect,train
train,data/raw/kolektor-sdd2/train/11578.png,data/raw/kolektor-sdd2/train/11578_GT.png,True,637,231,3,0,non-defect,train
train,data/raw/kolektor-sdd2/train/11579.png,data/raw/kolektor-sdd2/train/11579_GT.png,True,636,229,3,0,non-defect,validation
train,data/raw/kolektor-sdd2/train/11580.png,data/raw/kolektor-sdd2/train/11580_GT.png,True,639,229,3,0,non-defect,train
train,data/raw/kolektor-sdd2/train/11581.png,data/raw/kolektor-sdd2/train/11581_GT.png,True,637,230,3,0,non-defect,train
train,data/raw/kolektor-sdd2/train/11582.png,data/raw/kolektor-sdd2/train/11582_GT.png,True,633,232,3,0,non-defect,train
train,data/raw/kolektor-sdd2/train/11583.png,data/raw/kolektor-sdd2/train/11583_GT.png,True,652,230,3,0,non-defect,train
train,data/raw/kolektor-sdd2/train/11584.png,data/raw/kolektor-sdd2/train/11584_GT.png,True,639,228,3,6511,defect,train
train,data/raw/kolektor-sdd2/train/11585.png,data/raw/kolektor-sdd2/train/11585_GT.png,True,631,224,3,3683,defect,validation
train,data/raw/kolektor-sdd2/train/11586.png,data/raw/kolektor-sdd2/train/11586_GT.png,True,639,229,3,0,non-defect,train
train,data/raw/kolektor-sdd2/train/11587.png,data/raw/kolektor-sdd2/train/11587_GT.png,True,636,227,3,0,non-defect,train
train,data/raw/kolektor-sdd2/train/11588.png,data/raw/kolektor-sdd2/train/11588_GT.png,True,634,221,3,0,non-defect,validation
train,data/raw/kolektor-sdd2/train/11589.png,data/raw/kolektor-sdd2/train/11589_GT.png,True,635,231,3,0,non-defect,train
train,data/raw/kolektor-sdd2/train/11590.png,data/raw/kolektor-sdd2/train/11590_GT.png,True,643,227,3,5760,defect,validation
train,data/raw/kolektor-sdd2/train/11591.png,data/raw/kolektor-sdd2/train/11591_GT.png,True,628,227,3,0,non-defect,train
train,data/raw/kolektor-sdd2/train/11592.png,data/raw/kolektor-sdd2/train/11592_GT.png,True,645,229,3,0,non-defect,train
train,data/raw/kolektor-sdd2/train/11593.png,data/raw/kolektor-sdd2/train/11593_GT.png,True,637,234,3,0,non-defect,train
train,data/raw/kolektor-sdd2/train/11594.png,data/raw/kolektor-sdd2/train/11594_GT.png,True,660,213,3,0,non-defect,validation
train,data/raw/kolektor-sdd2/train/11595.png,data/raw/kolektor-sdd2/train/11595_GT.png,True,637,229,3,0,non-defect,train
train,data/raw/kolektor-sdd2/train/11596.png,data/raw/kolektor-sdd2/train/11596_GT.png,True,633,224,3,0,non-defect,train
train,data/raw/kolektor-sdd2/train/11597.png,data/raw/kolektor-sdd2/train/11597_GT.png,True,641,233,3,0,non-defect,train
train,data/raw/kolektor-sdd2/train/11598.png,data/raw/kolektor-sdd2/train/11598_GT.png,True,633,230,3,0,non-defect,train
train,data/raw/kolektor-sdd2/train/11599.png,data/raw/kolektor-sdd2/train/11599_GT.png,True,630,229,3,0,non-defect,train
train,data/raw/kolektor-sdd2/train/11600.png,data/raw/kolektor-sdd2/train/11600_GT.png,True,642,232,3,0,non-defect,train
train,data/raw/kolektor-sdd2/train/11601.png,data/raw/kolektor-sdd2/train/11601_GT.png,True,643,233,3,3378,defect,train
train,data/raw/kolektor-sdd2/train/11602.png,data/raw/kolektor-sdd2/train/11602_GT.png,True,634,228,3,0,non-defect,validation
train,data/raw/kolektor-sdd2/train/11603.png,data/raw/kolektor-sdd2/train/11603_GT.png,True,632,232,3,0,non-defect,train
train,data/raw/kolektor-sdd2/train/11604.png,data/raw/kolektor-sdd2/train/11604_GT.png,True,632,229,3,0,non-defect,train
train,data/raw/kolektor-sdd2/train/11605.png,data/raw/kolektor-sdd2/train/11605_GT.png,True,635,230,3,0,non-defect,validation
train,data/raw/kolektor-sdd2/train/11606.png,data/raw/kolektor-sdd2/train/11606_GT.png,True,641,229,3,0,non-defect,validation
train,data/raw/kolektor-sdd2/train/11607.png,data/raw/kolektor-sdd2/train/11607_GT.png,True,641,228,3,0,non-defect,train
train,data/raw/kolektor-sdd2/train/11608.png,data/raw/kolektor-sdd2/train/11608_GT.png,True,647,228,3,0,non-defect,train
train,data/raw/kolektor-sdd2/train/11609.png,data/raw/kolektor-sdd2/train/11609_GT.png,True,625,222,3,0,non-defect,train
train,data/raw/kolektor-sdd2/train/11610.png,data/raw/kolektor-sdd2/train/11610_GT.png,True,644,233,3,0,non-defect,train
train,data/raw/kolektor-sdd2/train/11611.png,data/raw/kolektor-sdd2/train/11611_GT.png,True,634,230,3,0,non-defect,train
train,data/raw/kolektor-sdd2/train/11612.png,data/raw/kolektor-sdd2/train/11612_GT.png,True,640,229,3,9232,defect,train
train,data/raw/kolektor-sdd2/train/11613.png,data/raw/kolektor-sdd2/train/11613_GT.png,True,631,231,3,0,non-defect,validation
train,data/raw/kolektor-sdd2/train/11614.png,data/raw/kolektor-sdd2/train/11614_GT.png,True,638,228,3,0,non-defect,train
train,data/raw/kolektor-sdd2/train/11615.png,data/raw/kolektor-sdd2/train/11615_GT.png,True,639,229,3,0,non-defect,validation
train,data/raw/kolektor-sdd2/train/11616.png,data/raw/kolektor-sdd2/train/11616_GT.png,True,641,232,3,981,defect,train
train,data/raw/kolektor-sdd2/train/11617.png,data/raw/kolektor-sdd2/train/11617_GT.png,True,635,233,3,0,non-defect,train
train,data/raw/kolektor-sdd2/train/11618.png,data/raw/kolektor-sdd2/train/11618_GT.png,True,638,230,3,0,non-defect,train
train,data/raw/kolektor-sdd2/train/11619.png,data/raw/kolektor-sdd2/train/11619_GT.png,True,633,207,3,0,non-defect,train
train,data/raw/kolektor-sdd2/train/11620.png,data/raw/kolektor-sdd2/train/11620_GT.png,True,643,234,3,0,non-defect,train
train,data/raw/kolektor-sdd2/train/11621.png,data/raw/kolektor-sdd2/train/11621_GT.png,True,633,228,3,0,non-defect,train
train,data/raw/kolektor-sdd2/train/11622.png,data/raw/kolektor-sdd2/train/11622_GT.png,True,635,237,3,0,non-defect,validation
train,data/raw/kolektor-sdd2/train/11623.png,data/raw/kolektor-sdd2/train/11623_GT.png,True,640,232,3,0,non-defect,train
train,data/raw/kolektor-sdd2/train/11624.png,data/raw/kolektor-sdd2/train/11624_GT.png,True,630,233,3,0,non-defect,train
train,data/raw/kolektor-sdd2/train/11625.png,data/raw/kolektor-sdd2/train/11625_GT.png,True,636,230,3,0,non-defect,train
train,data/raw/kolektor-sdd2/train/11626.png,data/raw/kolektor-sdd2/train/11626_GT.png,True,635,222,3,0,non-defect,train
train,data/raw/kolektor-sdd2/train/11627.png,data/raw/kolektor-sdd2/train/11627_GT.png,True,645,229,3,0,non-defect,train
train,data/raw/kolektor-sdd2/train/11628.png,data/raw/kolektor-sdd2/train/11628_GT.png,True,637,229,3,0,non-defect,validation
train,data/raw/kolektor-sdd2/train/11629.png,data/raw/kolektor-sdd2/train/11629_GT.png,True,638,228,3,12423,defect,train
train,data/raw/kolektor-sdd2/train/11630.png,data/raw/kolektor-sdd2/train/11630_GT.png,True,636,229,3,0,non-defect,train
train,data/raw/kolektor-sdd2/train/11631.png,data/raw/kolektor-sdd2/train/11631_GT.png,True,637,227,3,0,non-defect,train
train,data/raw/kolektor-sdd2/train/11632.png,data/raw/kolektor-sdd2/train/11632_GT.png,True,638,231,3,931,defect,train
train,data/raw/kolektor-sdd2/train/11633.png,data/raw/kolektor-sdd2/train/11633_GT.png,True,629,226,3,0,non-defect,train
train,data/raw/kolektor-sdd2/train/11634.png,data/raw/kolektor-sdd2/train/11634_GT.png,True,637,228,3,0,non-defect,train
train,data/raw/kolektor-sdd2/train/11635.png,data/raw/kolektor-sdd2/train/11635_GT.png,True,634,227,3,0,non-defect,validation
train,data/raw/kolektor-sdd2/train/11636.png,data/raw/kolektor-sdd2/train/11636_GT.png,True,635,229,3,0,non-defect,train
train,data/raw/kolektor-sdd2/train/11637.png,data/raw/kolektor-sdd2/train/11637_GT.png,True,640,230,3,0,non-defect,train
train,data/raw/kolektor-sdd2/train/11638.png,data/raw/kolektor-sdd2/train/11638_GT.png,True,642,230,3,0,non-defect,train
train,data/raw/kolektor-sdd2/train/11639.png,data/raw/kolektor-sdd2/train/11639_GT.png,True,637,222,3,0,non-defect,train
train,data/raw/kolektor-sdd2/train/11640.png,data/raw/kolektor-sdd2/train/11640_GT.png,True,640,225,3,0,non-defect,train
train,data/raw/kolektor-sdd2/train/11641.png,data/raw/kolektor-sdd2/train/11641_GT.png,True,635,231,3,939,defect,train
train,data/raw/kolektor-sdd2/train/11642.png,data/raw/kolektor-sdd2/train/11642_GT.png,True,638,233,3,9764,defect,train
train,data/raw/kolektor-sdd2/train/11643.png,data/raw/kolektor-sdd2/train/11643_GT.png,True,634,232,3,137,defect,train
train,data/raw/kolektor-sdd2/train/11644.png,data/raw/kolektor-sdd2/train/11644_GT.png,True,642,227,3,0,non-defect,train
train,data/raw/kolektor-sdd2/train/11645.png,data/raw/kolektor-sdd2/train/11645_GT.png,True,643,232,3,0,non-defect,train
train,data/raw/kolektor-sdd2/train/11646.png,data/raw/kolektor-sdd2/train/11646_GT.png,True,626,226,3,0,non-defect,train
train,data/raw/kolektor-sdd2/train/11647.png,data/raw/kolektor-sdd2/train/11647_GT.png,True,629,224,3,0,non-defect,train
train,data/raw/kolektor-sdd2/train/11648.png,data/raw/kolektor-sdd2/train/11648_GT.png,True,634,231,3,0,non-defect,train
train,data/raw/kolektor-sdd2/train/11649.png,data/raw/kolektor-sdd2/train/11649_GT.png,True,642,227,3,0,non-defect,train
train,data/raw/kolektor-sdd2/train/11650.png,data/raw/kolektor-sdd2/train/11650_GT.png,True,635,232,3,0,non-defect,train
train,data/raw/kolektor-sdd2/train/11651.png,data/raw/kolektor-sdd2/train/11651_GT.png,True,635,231,3,0,non-defect,train
train,data/raw/kolektor-sdd2/train/11652.png,data/raw/kolektor-sdd2/train/11652_GT.png,True,641,208,3,0,non-defect,train
train,data/raw/kolektor-sdd2/train/11653.png,data/raw/kolektor-sdd2/train/11653_GT.png,True,627,229,3,0,non-defect,train
train,data/raw/kolektor-sdd2/train/11654.png,data/raw/kolektor-sdd2/train/11654_GT.png,True,638,231,3,0,non-defect,train
train,data/raw/kolektor-sdd2/train/11655.png,data/raw/kolektor-sdd2/train/11655_GT.png,True,639,231,3,0,non-defect,train
train,data/raw/kolektor-sdd2/train/11656.png,data/raw/kolektor-sdd2/train/11656_GT.png,True,636,232,3,0,non-defect,train
train,data/raw/kolektor-sdd2/train/11657.png,data/raw/kolektor-sdd2/train/11657_GT.png,True,646,233,3,0,non-defect,train
train,data/raw/kolektor-sdd2/train/11658.png,data/raw/kolektor-sdd2/train/11658_GT.png,True,638,228,3,202,defect,train
train,data/raw/kolektor-sdd2/train/11659.png,data/raw/kolektor-sdd2/train/11659_GT.png,True,634,232,3,0,non-defect,train
train,data/raw/kolektor-sdd2/train/11660.png,data/raw/kolektor-sdd2/train/11660_GT.png,True,633,228,3,0,non-defect,train
train,data/raw/kolektor-sdd2/train/11661.png,data/raw/kolektor-sdd2/train/11661_GT.png,True,638,232,3,0,non-defect,train
train,data/raw/kolektor-sdd2/train/11662.png,data/raw/kolektor-sdd2/train/11662_GT.png,True,636,230,3,949,defect,train
train,data/raw/kolektor-sdd2/train/11663.png,data/raw/kolektor-sdd2/train/11663_GT.png,True,634,230,3,0,non-defect,train
train,data/raw/kolektor-sdd2/train/11664.png,data/raw/kolektor-sdd2/train/11664_GT.png,True,639,231,3,0,non-defect,validation
train,data/raw/kolektor-sdd2/train/11665.png,data/raw/kolektor-sdd2/train/11665_GT.png,True,636,228,3,0,non-defect,train
train,data/raw/kolektor-sdd2/train/11666.png,data/raw/kolektor-sdd2/train/11666_GT.png,True,635,226,3,0,non-defect,train
train,data/raw/kolektor-sdd2/train/11667.png,data/raw/kolektor-sdd2/train/11667_GT.png,True,622,226,3,0,non-defect,train
train,data/raw/kolektor-sdd2/train/11668.png,data/raw/kolektor-sdd2/train/11668_GT.png,True,633,231,3,0,non-defect,validation
train,data/raw/kolektor-sdd2/train/11669.png,data/raw/kolektor-sdd2/train/11669_GT.png,True,647,233,3,2171,defect,validation
train,data/raw/kolektor-sdd2/train/11670.png,data/raw/kolektor-sdd2/train/11670_GT.png,True,636,227,3,6006,defect,validation
train,data/raw/kolektor-sdd2/train/11671.png,data/raw/kolektor-sdd2/train/11671_GT.png,True,634,226,3,0,non-defect,train
train,data/raw/kolektor-sdd2/train/11672.png,data/raw/kolektor-sdd2/train/11672_GT.png,True,637,230,3,0,non-defect,train
train,data/raw/kolektor-sdd2/train/11673.png,data/raw/kolektor-sdd2/train/11673_GT.png,True,634,226,3,0,non-defect,train
train,data/raw/kolektor-sdd2/train/11674.png,data/raw/kolektor-sdd2/train/11674_GT.png,True,636,230,3,0,non-defect,train
train,data/raw/kolektor-sdd2/train/11675.png,data/raw/kolektor-sdd2/train/11675_GT.png,True,639,225,3,0,non-defect,train
train,data/raw/kolektor-sdd2/train/11676.png,data/raw/kolektor-sdd2/train/11676_GT.png,True,640,233,3,0,non-defect,train
train,data/raw/kolektor-sdd2/train/11677.png,data/raw/kolektor-sdd2/train/11677_GT.png,True,647,233,3,0,non-defect,train
train,data/raw/kolektor-sdd2/train/11678.png,data/raw/kolektor-sdd2/train/11678_GT.png,True,637,232,3,0,non-defect,train
train,data/raw/kolektor-sdd2/train/11679.png,data/raw/kolektor-sdd2/train/11679_GT.png,True,634,232,3,0,non-defect,train
train,data/raw/kolektor-sdd2/train/11680.png,data/raw/kolektor-sdd2/train/11680_GT.png,True,638,234,3,0,non-defect,train
train,data/raw/kolektor-sdd2/train/11681.png,data/raw/kolektor-sdd2/train/11681_GT.png,True,644,231,3,0,non-defect,train
train,data/raw/kolektor-sdd2/train/11682.png,data/raw/kolektor-sdd2/train/11682_GT.png,True,636,234,3,0,non-defect,train
train,data/raw/kolektor-sdd2/train/11683.png,data/raw/kolektor-sdd2/train/11683_GT.png,True,638,224,3,0,non-defect,train
train,data/raw/kolektor-sdd2/train/11684.png,data/raw/kolektor-sdd2/train/11684_GT.png,True,638,236,3,0,non-defect,train
train,data/raw/kolektor-sdd2/train/11685.png,data/raw/kolektor-sdd2/train/11685_GT.png,True,631,230,3,0,non-defect,train
train,data/raw/kolektor-sdd2/train/11686.png,data/raw/kolektor-sdd2/train/11686_GT.png,True,642,231,3,0,non-defect,train
train,data/raw/kolektor-sdd2/train/11687.png,data/raw/kolektor-sdd2/train/11687_GT.png,True,650,231,3,0,non-defect,validation
train,data/raw/kolektor-sdd2/train/11688.png,data/raw/kolektor-sdd2/train/11688_GT.png,True,647,232,3,0,non-defect,train
train,data/raw/kolektor-sdd2/train/11689.png,data/raw/kolektor-sdd2/train/11689_GT.png,True,642,229,3,0,non-defect,train
train,data/raw/kolektor-sdd2/train/11690.png,data/raw/kolektor-sdd2/train/11690_GT.png,True,634,232,3,0,non-defect,validation
train,data/raw/kolektor-sdd2/train/11691.png,data/raw/kolektor-sdd2/train/11691_GT.png,True,643,231,3,0,non-defect,train
train,data/raw/kolektor-sdd2/train/11692.png,data/raw/kolektor-sdd2/train/11692_GT.png,True,637,232,3,0,non-defect,validation
train,data/raw/kolektor-sdd2/train/11693.png,data/raw/kolektor-sdd2/train/11693_GT.png,True,634,229,3,0,non-defect,train
train,data/raw/kolektor-sdd2/train/11694.png,data/raw/kolektor-sdd2/train/11694_GT.png,True,630,226,3,0,non-defect,train
train,data/raw/kolektor-sdd2/train/11695.png,data/raw/kolektor-sdd2/train/11695_GT.png,True,640,202,3,504,defect,train
train,data/raw/kolektor-sdd2/train/11696.png,data/raw/kolektor-sdd2/train/11696_GT.png,True,626,227,3,0,non-defect,train
train,data/raw/kolektor-sdd2/train/11697.png,data/raw/kolektor-sdd2/train/11697_GT.png,True,646,236,3,0,non-defect,validation
train,data/raw/kolektor-sdd2/train/11698.png,data/raw/kolektor-sdd2/train/11698_GT.png,True,648,229,3,0,non-defect,train
train,data/raw/kolektor-sdd2/train/11699.png,data/raw/kolektor-sdd2/train/11699_GT.png,True,649,228,3,0,non-defect,train
train,data/raw/kolektor-sdd2/train/11700.png,data/raw/kolektor-sdd2/train/11700_GT.png,True,635,227,3,0,non-defect,train
train,data/raw/kolektor-sdd2/train/11701.png,data/raw/kolektor-sdd2/train/11701_GT.png,True,644,224,3,0,non-defect,train
train,data/raw/kolektor-sdd2/train/11702.png,data/raw/kolektor-sdd2/train/11702_GT.png,True,634,228,3,0,non-defect,train
train,data/raw/kolektor-sdd2/train/11703.png,data/raw/kolektor-sdd2/train/11703_GT.png,True,638,229,3,0,non-defect,train
train,data/raw/kolektor-sdd2/train/11704.png,data/raw/kolektor-sdd2/train/11704_GT.png,True,642,232,3,0,non-defect,train
train,data/raw/kolektor-sdd2/train/11705.png,data/raw/kolektor-sdd2/train/11705_GT.png,True,636,234,3,0,non-defect,train
train,data/raw/kolektor-sdd2/train/11706.png,data/raw/kolektor-sdd2/train/11706_GT.png,True,635,229,3,0,non-defect,train
train,data/raw/kolektor-sdd2/train/11707.png,data/raw/kolektor-sdd2/train/11707_GT.png,True,634,228,3,0,non-defect,validation
train,data/raw/kolektor-sdd2/train/11708.png,data/raw/kolektor-sdd2/train/11708_GT.png,True,640,233,3,0,non-defect,train
train,data/raw/kolektor-sdd2/train/11709.png,data/raw/kolektor-sdd2/train/11709_GT.png,True,631,210,3,0,non-defect,validation
train,data/raw/kolektor-sdd2/train/11710.png,data/raw/kolektor-sdd2/train/11710_GT.png,True,634,210,3,0,non-defect,train
train,data/raw/kolektor-sdd2/train/11711.png,data/raw/kolektor-sdd2/train/11711_GT.png,True,644,235,3,1085,defect,train
train,data/raw/kolektor-sdd2/train/11712.png,data/raw/kolektor-sdd2/train/11712_GT.png,True,639,227,3,0,non-defect,train
train,data/raw/kolektor-sdd2/train/11713.png,data/raw/kolektor-sdd2/train/11713_GT.png,True,637,229,3,2191,defect,train
train,data/raw/kolektor-sdd2/train/11714.png,data/raw/kolektor-sdd2/train/11714_GT.png,True,644,240,3,0,non-defect,train
train,data/raw/kolektor-sdd2/train/11715.png,data/raw/kolektor-sdd2/train/11715_GT.png,True,628,229,3,0,non-defect,train
train,data/raw/kolektor-sdd2/train/11716.png,data/raw/kolektor-sdd2/train/11716_GT.png,True,644,231,3,0,non-defect,train
train,data/raw/kolektor-sdd2/train/11717.png,data/raw/kolektor-sdd2/train/11717_GT.png,True,635,202,3,0,non-defect,train
train,data/raw/kolektor-sdd2/train/11718.png,data/raw/kolektor-sdd2/train/11718_GT.png,True,632,225,3,0,non-defect,train
train,data/raw/kolektor-sdd2/train/11719.png,data/raw/kolektor-sdd2/train/11719_GT.png,True,642,233,3,0,non-defect,validation
train,data/raw/kolektor-sdd2/train/11720.png,data/raw/kolektor-sdd2/train/11720_GT.png,True,633,216,3,0,non-defect,validation
train,data/raw/kolektor-sdd2/train/11721.png,data/raw/kolektor-sdd2/train/11721_GT.png,True,638,228,3,0,non-defect,validation
train,data/raw/kolektor-sdd2/train/11722.png,data/raw/kolektor-sdd2/train/11722_GT.png,True,642,229,3,0,non-defect,train
train,data/raw/kolektor-sdd2/train/11723.png,data/raw/kolektor-sdd2/train/11723_GT.png,True,640,234,3,0,non-defect,train
train,data/raw/kolektor-sdd2/train/11724.png,data/raw/kolektor-sdd2/train/11724_GT.png,True,633,233,3,0,non-defect,validation
train,data/raw/kolektor-sdd2/train/11725.png,data/raw/kolektor-sdd2/train/11725_GT.png,True,637,228,3,0,non-defect,train
train,data/raw/kolektor-sdd2/train/11726.png,data/raw/kolektor-sdd2/train/11726_GT.png,True,643,230,3,0,non-defect,train
train,data/raw/kolektor-sdd2/train/11727.png,data/raw/kolektor-sdd2/train/11727_GT.png,True,637,231,3,0,non-defect,validation
train,data/raw/kolektor-sdd2/train/11728.png,data/raw/kolektor-sdd2/train/11728_GT.png,True,637,233,3,0,non-defect,train
train,data/raw/kolektor-sdd2/train/11729.png,data/raw/kolektor-sdd2/train/11729_GT.png,True,635,229,3,0,non-defect,validation
train,data/raw/kolektor-sdd2/train/11730.png,data/raw/kolektor-sdd2/train/11730_GT.png,True,632,227,3,0,non-defect,train
train,data/raw/kolektor-sdd2/train/11731.png,data/raw/kolektor-sdd2/train/11731_GT.png,True,641,226,3,0,non-defect,train
train,data/raw/kolektor-sdd2/train/11732.png,data/raw/kolektor-sdd2/train/11732_GT.png,True,643,232,3,0,non-defect,validation
train,data/raw/kolektor-sdd2/train/11733.png,data/raw/kolektor-sdd2/train/11733_GT.png,True,643,232,3,0,non-defect,validation
train,data/raw/kolektor-sdd2/train/11734.png,data/raw/kolektor-sdd2/train/11734_GT.png,True,632,224,3,0,non-defect,train
train,data/raw/kolektor-sdd2/train/11735.png,data/raw/kolektor-sdd2/train/11735_GT.png,True,630,224,3,0,non-defect,train
train,data/raw/kolektor-sdd2/train/11736.png,data/raw/kolektor-sdd2/train/11736_GT.png,True,640,230,3,0,non-defect,validation
train,data/raw/kolektor-sdd2/train/11737.png,data/raw/kolektor-sdd2/train/11737_GT.png,True,649,208,3,0,non-defect,train
train,data/raw/kolektor-sdd2/train/11738.png,data/raw/kolektor-sdd2/train/11738_GT.png,True,633,223,3,0,non-defect,train
train,data/raw/kolektor-sdd2/train/11739.png,data/raw/kolektor-sdd2/train/11739_GT.png,True,639,214,3,864,defect,train
train,data/raw/kolektor-sdd2/train/11740.png,data/raw/kolektor-sdd2/train/11740_GT.png,True,614,226,3,0,non-defect,train
train,data/raw/kolektor-sdd2/train/11741.png,data/raw/kolektor-sdd2/train/11741_GT.png,True,629,231,3,0,non-defect,train
train,data/raw/kolektor-sdd2/train/11742.png,data/raw/kolektor-sdd2/train/11742_GT.png,True,638,233,3,0,non-defect,validation
train,data/raw/kolektor-sdd2/train/11743.png,data/raw/kolektor-sdd2/train/11743_GT.png,True,643,220,3,0,non-defect,validation
train,data/raw/kolektor-sdd2/train/11744.png,data/raw/kolektor-sdd2/train/11744_GT.png,True,628,227,3,0,non-defect,train
train,data/raw/kolektor-sdd2/train/11745.png,data/raw/kolektor-sdd2/train/11745_GT.png,True,634,232,3,0,non-defect,train
train,data/raw/kolektor-sdd2/train/11746.png,data/raw/kolektor-sdd2/train/11746_GT.png,True,638,228,3,5800,defect,validation
train,data/raw/kolektor-sdd2/train/11747.png,data/raw/kolektor-sdd2/train/11747_GT.png,True,640,230,3,0,non-defect,train
train,data/raw/kolektor-sdd2/train/11748.png,data/raw/kolektor-sdd2/train/11748_GT.png,True,622,225,3,0,non-defect,train
train,data/raw/kolektor-sdd2/train/11749.png,data/raw/kolektor-sdd2/train/11749_GT.png,True,637,231,3,0,non-defect,train
train,data/raw/kolektor-sdd2/train/11750.png,data/raw/kolektor-sdd2/train/11750_GT.png,True,639,228,3,3436,defect,validation
train,data/raw/kolektor-sdd2/train/11751.png,data/raw/kolektor-sdd2/train/11751_GT.png,True,634,226,3,0,non-defect,train
train,data/raw/kolektor-sdd2/train/11752.png,data/raw/kolektor-sdd2/train/11752_GT.png,True,632,222,3,0,non-defect,validation
train,data/raw/kolektor-sdd2/train/11753.png,data/raw/kolektor-sdd2/train/11753_GT.png,True,647,218,3,0,non-defect,train
train,data/raw/kolektor-sdd2/train/11754.png,data/raw/kolektor-sdd2/train/11754_GT.png,True,640,229,3,0,non-defect,train
train,data/raw/kolektor-sdd2/train/11755.png,data/raw/kolektor-sdd2/train/11755_GT.png,True,638,233,3,1556,defect,train
train,data/raw/kolektor-sdd2/train/11756.png,data/raw/kolektor-sdd2/train/11756_GT.png,True,643,232,3,0,non-defect,train
train,data/raw/kolektor-sdd2/train/11757.png,data/raw/kolektor-sdd2/train/11757_GT.png,True,639,229,3,0,non-defect,train
train,data/raw/kolektor-sdd2/train/11758.png,data/raw/kolektor-sdd2/train/11758_GT.png,True,635,234,3,0,non-defect,train
train,data/raw/kolektor-sdd2/train/11759.png,data/raw/kolektor-sdd2/train/11759_GT.png,True,628,233,3,0,non-defect,train
train,data/raw/kolektor-sdd2/train/11760.png,data/raw/kolektor-sdd2/train/11760_GT.png,True,635,233,3,0,non-defect,validation
train,data/raw/kolektor-sdd2/train/11761.png,data/raw/kolektor-sdd2/train/11761_GT.png,True,630,225,3,0,non-defect,train
train,data/raw/kolektor-sdd2/train/11762.png,data/raw/kolektor-sdd2/train/11762_GT.png,True,632,232,3,0,non-defect,validation
train,data/raw/kolektor-sdd2/train/11763.png,data/raw/kolektor-sdd2/train/11763_GT.png,True,635,231,3,0,non-defect,validation
train,data/raw/kolektor-sdd2/train/11764.png,data/raw/kolektor-sdd2/train/11764_GT.png,True,640,233,3,0,non-defect,train
train,data/raw/kolektor-sdd2/train/11765.png,data/raw/kolektor-sdd2/train/11765_GT.png,True,636,231,3,0,non-defect,train
train,data/raw/kolektor-sdd2/train/11766.png,data/raw/kolektor-sdd2/train/11766_GT.png,True,635,232,3,0,non-defect,train
train,data/raw/kolektor-sdd2/train/11767.png,data/raw/kolektor-sdd2/train/11767_GT.png,True,632,225,3,0,non-defect,train
train,data/raw/kolektor-sdd2/train/11768.png,data/raw/kolektor-sdd2/train/11768_GT.png,True,632,231,3,0,non-defect,train
train,data/raw/kolektor-sdd2/train/11769.png,data/raw/kolektor-sdd2/train/11769_GT.png,True,633,235,3,0,non-defect,train
train,data/raw/kolektor-sdd2/train/11770.png,data/raw/kolektor-sdd2/train/11770_GT.png,True,632,224,3,8743,defect,train
train,data/raw/kolektor-sdd2/train/11771.png,data/raw/kolektor-sdd2/train/11771_GT.png,True,640,230,3,0,non-defect,train
train,data/raw/kolektor-sdd2/train/11772.png,data/raw/kolektor-sdd2/train/11772_GT.png,True,641,229,3,0,non-defect,train
train,data/raw/kolektor-sdd2/train/11773.png,data/raw/kolektor-sdd2/train/11773_GT.png,True,636,229,3,0,non-defect,train
train,data/raw/kolektor-sdd2/train/11774.png,data/raw/kolektor-sdd2/train/11774_GT.png,True,639,232,3,0,non-defect,train
train,data/raw/kolektor-sdd2/train/11775.png,data/raw/kolektor-sdd2/train/11775_GT.png,True,633,229,3,2558,defect,train
train,data/raw/kolektor-sdd2/train/11776.png,data/raw/kolektor-sdd2/train/11776_GT.png,True,643,229,3,0,non-defect,train
train,data/raw/kolektor-sdd2/train/11777.png,data/raw/kolektor-sdd2/train/11777_GT.png,True,633,228,3,0,non-defect,train
train,data/raw/kolektor-sdd2/train/11778.png,data/raw/kolektor-sdd2/train/11778_GT.png,True,629,228,3,0,non-defect,train
train,data/raw/kolektor-sdd2/train/11779.png,data/raw/kolektor-sdd2/train/11779_GT.png,True,639,230,3,0,non-defect,train
train,data/raw/kolektor-sdd2/train/11780.png,data/raw/kolektor-sdd2/train/11780_GT.png,True,637,228,3,0,non-defect,validation
train,data/raw/kolektor-sdd2/train/11781.png,data/raw/kolektor-sdd2/train/11781_GT.png,True,625,227,3,0,non-defect,train
train,data/raw/kolektor-sdd2/train/11782.png,data/raw/kolektor-sdd2/train/11782_GT.png,True,627,228,3,0,non-defect,train
train,data/raw/kolektor-sdd2/train/11783.png,data/raw/kolektor-sdd2/train/11783_GT.png,True,644,233,3,0,non-defect,train
train,data/raw/kolektor-sdd2/train/11784.png,data/raw/kolektor-sdd2/train/11784_GT.png,True,639,230,3,0,non-defect,train
train,data/raw/kolektor-sdd2/train/11785.png,data/raw/kolektor-sdd2/train/11785_GT.png,True,629,232,3,0,non-defect,train
train,data/raw/kolektor-sdd2/train/11786.png,data/raw/kolektor-sdd2/train/11786_GT.png,True,640,229,3,0,non-defect,train
train,data/raw/kolektor-sdd2/train/11787.png,data/raw/kolektor-sdd2/train/11787_GT.png,True,653,230,3,0,non-defect,validation
train,data/raw/kolektor-sdd2/train/11788.png,data/raw/kolektor-sdd2/train/11788_GT.png,True,646,229,3,0,non-defect,train
train,data/raw/kolektor-sdd2/train/11789.png,data/raw/kolektor-sdd2/train/11789_GT.png,True,633,229,3,0,non-defect,train
train,data/raw/kolektor-sdd2/train/11790.png,data/raw/kolektor-sdd2/train/11790_GT.png,True,638,229,3,0,non-defect,validation
train,data/raw/kolektor-sdd2/train/11791.png,data/raw/kolektor-sdd2/train/11791_GT.png,True,635,228,3,0,non-defect,train
train,data/raw/kolektor-sdd2/train/11792.png,data/raw/kolektor-sdd2/train/11792_GT.png,True,642,227,3,0,non-defect,train
train,data/raw/kolektor-sdd2/train/11793.png,data/raw/kolektor-sdd2/train/11793_GT.png,True,636,228,3,0,non-defect,train
train,data/raw/kolektor-sdd2/train/11794.png,data/raw/kolektor-sdd2/train/11794_GT.png,True,637,230,3,0,non-defect,train
train,data/raw/kolektor-sdd2/train/11795.png,data/raw/kolektor-sdd2/train/11795_GT.png,True,637,231,3,0,non-defect,train
train,data/raw/kolektor-sdd2/train/11796.png,data/raw/kolektor-sdd2/train/11796_GT.png,True,648,230,3,0,non-defect,train
train,data/raw/kolektor-sdd2/train/11797.png,data/raw/kolektor-sdd2/train/11797_GT.png,True,647,229,3,0,non-defect,train
train,data/raw/kolektor-sdd2/train/11798.png,data/raw/kolektor-sdd2/train/11798_GT.png,True,621,228,3,0,non-defect,train
train,data/raw/kolektor-sdd2/train/11799.png,data/raw/kolektor-sdd2/train/11799_GT.png,True,626,231,3,0,non-defect,train
train,data/raw/kolektor-sdd2/train/11800.png,data/raw/kolektor-sdd2/train/11800_GT.png,True,626,216,3,3439,defect,train
train,data/raw/kolektor-sdd2/train/11801.png,data/raw/kolektor-sdd2/train/11801_GT.png,True,638,228,3,0,non-defect,train
train,data/raw/kolektor-sdd2/train/11802.png,data/raw/kolektor-sdd2/train/11802_GT.png,True,638,230,3,0,non-defect,validation
train,data/raw/kolektor-sdd2/train/11803.png,data/raw/kolektor-sdd2/train/11803_GT.png,True,638,229,3,0,non-defect,validation
train,data/raw/kolektor-sdd2/train/11804.png,data/raw/kolektor-sdd2/train/11804_GT.png,True,638,224,3,3800,defect,train
train,data/raw/kolektor-sdd2/train/11805.png,data/raw/kolektor-sdd2/train/11805_GT.png,True,641,234,3,0,non-defect,train
train,data/raw/kolektor-sdd2/train/11806.png,data/raw/kolektor-sdd2/train/11806_GT.png,True,633,229,3,0,non-defect,train
train,data/raw/kolektor-sdd2/train/11807.png,data/raw/kolektor-sdd2/train/11807_GT.png,True,631,226,3,0,non-defect,train
train,data/raw/kolektor-sdd2/train/11808.png,data/raw/kolektor-sdd2/train/11808_GT.png,True,637,196,3,5032,defect,train
train,data/raw/kolektor-sdd2/train/11809.png,data/raw/kolektor-sdd2/train/11809_GT.png,True,635,226,3,0,non-defect,train
train,data/raw/kolektor-sdd2/train/11810.png,data/raw/kolektor-sdd2/train/11810_GT.png,True,640,231,3,1828,defect,train
train,data/raw/kolektor-sdd2/train/11811.png,data/raw/kolektor-sdd2/train/11811_GT.png,True,630,227,3,0,non-defect,validation
train,data/raw/kolektor-sdd2/train/11812.png,data/raw/kolektor-sdd2/train/11812_GT.png,True,635,229,3,0,non-defect,train
train,data/raw/kolektor-sdd2/train/11813.png,data/raw/kolektor-sdd2/train/11813_GT.png,True,631,231,3,0,non-defect,train
train,data/raw/kolektor-sdd2/train/11814.png,data/raw/kolektor-sdd2/train/11814_GT.png,True,632,229,3,0,non-defect,train
train,data/raw/kolektor-sdd2/train/11815.png,data/raw/kolektor-sdd2/train/11815_GT.png,True,640,230,3,0,non-defect,train
train,data/raw/kolektor-sdd2/train/11816.png,data/raw/kolektor-sdd2/train/11816_GT.png,True,634,228,3,0,non-defect,train
train,data/raw/kolektor-sdd2/train/11817.png,data/raw/kolektor-sdd2/train/11817_GT.png,True,638,229,3,0,non-defect,train
train,data/raw/kolektor-sdd2/train/11818.png,data/raw/kolektor-sdd2/train/11818_GT.png,True,637,231,3,0,non-defect,train
train,data/raw/kolektor-sdd2/train/11819.png,data/raw/kolektor-sdd2/train/11819_GT.png,True,639,234,3,0,non-defect,train
train,data/raw/kolektor-sdd2/train/11820.png,data/raw/kolektor-sdd2/train/11820_GT.png,True,633,230,3,0,non-defect,train
train,data/raw/kolektor-sdd2/train/11821.png,data/raw/kolektor-sdd2/train/11821_GT.png,True,629,227,3,0,non-defect,train
train,data/raw/kolektor-sdd2/train/11822.png,data/raw/kolektor-sdd2/train/11822_GT.png,True,649,229,3,0,non-defect,train
train,data/raw/kolektor-sdd2/train/11823.png,data/raw/kolektor-sdd2/train/11823_GT.png,True,637,232,3,0,non-defect,validation
train,data/raw/kolektor-sdd2/train/11824.png,data/raw/kolektor-sdd2/train/11824_GT.png,True,632,228,3,0,non-defect,train
train,data/raw/kolektor-sdd2/train/11825.png,data/raw/kolektor-sdd2/train/11825_GT.png,True,629,186,3,0,non-defect,train
train,data/raw/kolektor-sdd2/train/11826.png,data/raw/kolektor-sdd2/train/11826_GT.png,True,637,229,3,0,non-defect,train
train,data/raw/kolektor-sdd2/train/11827.png,data/raw/kolektor-sdd2/train/11827_GT.png,True,631,228,3,0,non-defect,train
train,data/raw/kolektor-sdd2/train/11828.png,data/raw/kolektor-sdd2/train/11828_GT.png,True,635,228,3,0,non-defect,train
train,data/raw/kolektor-sdd2/train/11829.png,data/raw/kolektor-sdd2/train/11829_GT.png,True,644,229,3,0,non-defect,train
train,data/raw/kolektor-sdd2/train/11830.png,data/raw/kolektor-sdd2/train/11830_GT.png,True,634,229,3,0,non-defect,validation
train,data/raw/kolektor-sdd2/train/11831.png,data/raw/kolektor-sdd2/train/11831_GT.png,True,638,230,3,0,non-defect,train
train,data/raw/kolektor-sdd2/train/11832.png,data/raw/kolektor-sdd2/train/11832_GT.png,True,636,228,3,3002,defect,validation
train,data/raw/kolektor-sdd2/train/11833.png,data/raw/kolektor-sdd2/train/11833_GT.png,True,630,228,3,0,non-defect,train
train,data/raw/kolektor-sdd2/train/11834.png,data/raw/kolektor-sdd2/train/11834_GT.png,True,636,230,3,0,non-defect,train
train,data/raw/kolektor-sdd2/train/11835.png,data/raw/kolektor-sdd2/train/11835_GT.png,True,641,232,3,0,non-defect,validation
train,data/raw/kolektor-sdd2/train/11836.png,data/raw/kolektor-sdd2/train/11836_GT.png,True,637,229,3,1802,defect,train
train,data/raw/kolektor-sdd2/train/11837.png,data/raw/kolektor-sdd2/train/11837_GT.png,True,635,229,3,0,non-defect,train
train,data/raw/kolektor-sdd2/train/11838.png,data/raw/kolektor-sdd2/train/11838_GT.png,True,635,230,3,0,non-defect,train
train,data/raw/kolektor-sdd2/train/11839.png,data/raw/kolektor-sdd2/train/11839_GT.png,True,626,234,3,0,non-defect,train
train,data/raw/kolektor-sdd2/train/11840.png,data/raw/kolektor-sdd2/train/11840_GT.png,True,631,230,3,0,non-defect,train
train,data/raw/kolektor-sdd2/train/11841.png,data/raw/kolektor-sdd2/train/11841_GT.png,True,640,230,3,0,non-defect,validation
train,data/raw/kolektor-sdd2/train/11842.png,data/raw/kolektor-sdd2/train/11842_GT.png,True,640,231,3,0,non-defect,train
train,data/raw/kolektor-sdd2/train/11843.png,data/raw/kolektor-sdd2/train/11843_GT.png,True,634,229,3,0,non-defect,train
train,data/raw/kolektor-sdd2/train/11844.png,data/raw/kolektor-sdd2/train/11844_GT.png,True,633,230,3,0,non-defect,train
train,data/raw/kolektor-sdd2/train/11845.png,data/raw/kolektor-sdd2/train/11845_GT.png,True,629,228,3,0,non-defect,train
train,data/raw/kolektor-sdd2/train/11846.png,data/raw/kolektor-sdd2/train/11846_GT.png,True,636,229,3,0,non-defect,train
train,data/raw/kolektor-sdd2/train/11847.png,data/raw/kolektor-sdd2/train/11847_GT.png,True,638,227,3,0,non-defect,train
train,data/raw/kolektor-sdd2/train/11848.png,data/raw/kolektor-sdd2/train/11848_GT.png,True,640,230,3,0,non-defect,train
train,data/raw/kolektor-sdd2/train/11849.png,data/raw/kolektor-sdd2/train/11849_GT.png,True,628,226,3,0,non-defect,train
train,data/raw/kolektor-sdd2/train/11850.png,data/raw/kolektor-sdd2/train/11850_GT.png,True,636,231,3,0,non-defect,train
train,data/raw/kolektor-sdd2/train/11851.png,data/raw/kolektor-sdd2/train/11851_GT.png,True,644,232,3,2498,defect,train
train,data/raw/kolektor-sdd2/train/11852.png,data/raw/kolektor-sdd2/train/11852_GT.png,True,646,231,3,0,non-defect,train
train,data/raw/kolektor-sdd2/train/11853.png,data/raw/kolektor-sdd2/train/11853_GT.png,True,634,211,3,0,non-defect,train
train,data/raw/kolektor-sdd2/train/11854.png,data/raw/kolektor-sdd2/train/11854_GT.png,True,644,230,3,0,non-defect,train
train,data/raw/kolektor-sdd2/train/11855.png,data/raw/kolektor-sdd2/train/11855_GT.png,True,639,215,3,0,non-defect,train
train,data/raw/kolektor-sdd2/train/11856.png,data/raw/kolektor-sdd2/train/11856_GT.png,True,646,230,3,0,non-defect,train
train,data/raw/kolektor-sdd2/train/11857.png,data/raw/kolektor-sdd2/train/11857_GT.png,True,640,232,3,0,non-defect,train
train,data/raw/kolektor-sdd2/train/11858.png,data/raw/kolektor-sdd2/train/11858_GT.png,True,627,232,3,1468,defect,validation
train,data/raw/kolektor-sdd2/train/11859.png,data/raw/kolektor-sdd2/train/11859_GT.png,True,643,232,3,0,non-defect,validation
train,data/raw/kolektor-sdd2/train/11860.png,data/raw/kolektor-sdd2/train/11860_GT.png,True,633,229,3,0,non-defect,train
train,data/raw/kolektor-sdd2/train/11861.png,data/raw/kolektor-sdd2/train/11861_GT.png,True,633,228,3,0,non-defect,train
train,data/raw/kolektor-sdd2/train/11862.png,data/raw/kolektor-sdd2/train/11862_GT.png,True,633,229,3,0,non-defect,train
train,data/raw/kolektor-sdd2/train/11863.png,data/raw/kolektor-sdd2/train/11863_GT.png,True,637,229,3,0,non-defect,validation
train,data/raw/kolektor-sdd2/train/11864.png,data/raw/kolektor-sdd2/train/11864_GT.png,True,638,230,3,0,non-defect,train
train,data/raw/kolektor-sdd2/train/11865.png,data/raw/kolektor-sdd2/train/11865_GT.png,True,636,229,3,0,non-defect,train
train,data/raw/kolektor-sdd2/train/11866.png,data/raw/kolektor-sdd2/train/11866_GT.png,True,638,233,3,0,non-defect,train
train,data/raw/kolektor-sdd2/train/11867.png,data/raw/kolektor-sdd2/train/11867_GT.png,True,628,230,3,206,defect,validation
train,data/raw/kolektor-sdd2/train/11868.png,data/raw/kolektor-sdd2/train/11868_GT.png,True,634,231,3,0,non-defect,validation
train,data/raw/kolektor-sdd2/train/11869.png,data/raw/kolektor-sdd2/train/11869_GT.png,True,644,228,3,0,non-defect,train
train,data/raw/kolektor-sdd2/train/11870.png,data/raw/kolektor-sdd2/train/11870_GT.png,True,642,230,3,3687,defect,validation
train,data/raw/kolektor-sdd2/train/11871.png,data/raw/kolektor-sdd2/train/11871_GT.png,True,635,223,3,0,non-defect,train
train,data/raw/kolektor-sdd2/train/11872.png,data/raw/kolektor-sdd2/train/11872_GT.png,True,639,232,3,0,non-defect,train
train,data/raw/kolektor-sdd2/train/11873.png,data/raw/kolektor-sdd2/train/11873_GT.png,True,641,231,3,0,non-defect,train
train,data/raw/kolektor-sdd2/train/11874.png,data/raw/kolektor-sdd2/train/11874_GT.png,True,629,229,3,24688,defect,train
train,data/raw/kolektor-sdd2/train/11875.png,data/raw/kolektor-sdd2/train/11875_GT.png,True,630,233,3,0,non-defect,train
train,data/raw/kolektor-sdd2/train/11876.png,data/raw/kolektor-sdd2/train/11876_GT.png,True,635,231,3,0,non-defect,validation
train,data/raw/kolektor-sdd2/train/11877.png,data/raw/kolektor-sdd2/train/11877_GT.png,True,645,228,3,0,non-defect,train
train,data/raw/kolektor-sdd2/train/11878.png,data/raw/kolektor-sdd2/train/11878_GT.png,True,635,230,3,0,non-defect,train
train,data/raw/kolektor-sdd2/train/11879.png,data/raw/kolektor-sdd2/train/11879_GT.png,True,640,232,3,0,non-defect,train
train,data/raw/kolektor-sdd2/train/11880.png,data/raw/kolektor-sdd2/train/11880_GT.png,True,643,226,3,0,non-defect,train
train,data/raw/kolektor-sdd2/train/11881.png,data/raw/kolektor-sdd2/train/11881_GT.png,True,643,228,3,0,non-defect,validation
train,data/raw/kolektor-sdd2/train/11882.png,data/raw/kolektor-sdd2/train/11882_GT.png,True,639,228,3,0,non-defect,train
train,data/raw/kolektor-sdd2/train/11883.png,data/raw/kolektor-sdd2/train/11883_GT.png,True,629,228,3,0,non-defect,train
train,data/raw/kolektor-sdd2/train/11884.png,data/raw/kolektor-sdd2/train/11884_GT.png,True,633,231,3,1480,defect,train
train,data/raw/kolektor-sdd2/train/11885.png,data/raw/kolektor-sdd2/train/11885_GT.png,True,631,233,3,0,non-defect,train
train,data/raw/kolektor-sdd2/train/11886.png,data/raw/kolektor-sdd2/train/11886_GT.png,True,641,228,3,0,non-defect,train
train,data/raw/kolektor-sdd2/train/11887.png,data/raw/kolektor-sdd2/train/11887_GT.png,True,635,229,3,0,non-defect,train
train,data/raw/kolektor-sdd2/train/11888.png,data/raw/kolektor-sdd2/train/11888_GT.png,True,622,227,3,0,non-defect,train
train,data/raw/kolektor-sdd2/train/11889.png,data/raw/kolektor-sdd2/train/11889_GT.png,True,632,231,3,0,non-defect,train
train,data/raw/kolektor-sdd2/train/11890.png,data/raw/kolektor-sdd2/train/11890_GT.png,True,637,234,3,0,non-defect,train
train,data/raw/kolektor-sdd2/train/11891.png,data/raw/kolektor-sdd2/train/11891_GT.png,True,631,229,3,0,non-defect,train
train,data/raw/kolektor-sdd2/train/11892.png,data/raw/kolektor-sdd2/train/11892_GT.png,True,635,229,3,0,non-defect,train
train,data/raw/kolektor-sdd2/train/11893.png,data/raw/kolektor-sdd2/train/11893_GT.png,True,643,232,3,0,non-defect,train
train,data/raw/kolektor-sdd2/train/11894.png,data/raw/kolektor-sdd2/train/11894_GT.png,True,629,228,3,0,non-defect,train
train,data/raw/kolektor-sdd2/train/11895.png,data/raw/kolektor-sdd2/train/11895_GT.png,True,650,233,3,0,non-defect,validation
train,data/raw/kolektor-sdd2/train/11896.png,data/raw/kolektor-sdd2/train/11896_GT.png,True,631,228,3,0,non-defect,train
train,data/raw/kolektor-sdd2/train/11897.png,data/raw/kolektor-sdd2/train/11897_GT.png,True,645,229,3,0,non-defect,train
train,data/raw/kolektor-sdd2/train/11898.png,data/raw/kolektor-sdd2/train/11898_GT.png,True,637,233,3,0,non-defect,train
train,data/raw/kolektor-sdd2/train/11899.png,data/raw/kolektor-sdd2/train/11899_GT.png,True,632,227,3,5368,defect,validation
train,data/raw/kolektor-sdd2/train/11900.png,data/raw/kolektor-sdd2/train/11900_GT.png,True,648,212,3,0,non-defect,train
train,data/raw/kolektor-sdd2/train/11901.png,data/raw/kolektor-sdd2/train/11901_GT.png,True,646,229,3,0,non-defect,validation
train,data/raw/kolektor-sdd2/train/11902.png,data/raw/kolektor-sdd2/train/11902_GT.png,True,627,217,3,0,non-defect,train
train,data/raw/kolektor-sdd2/train/11903.png,data/raw/kolektor-sdd2/train/11903_GT.png,True,636,226,3,0,non-defect,validation
train,data/raw/kolektor-sdd2/train/11904.png,data/raw/kolektor-sdd2/train/11904_GT.png,True,648,232,3,0,non-defect,validation
train,data/raw/kolektor-sdd2/train/11905.png,data/raw/kolektor-sdd2/train/11905_GT.png,True,629,228,3,4521,defect,train
train,data/raw/kolektor-sdd2/train/11906.png,data/raw/kolektor-sdd2/train/11906_GT.png,True,639,231,3,0,non-defect,train
train,data/raw/kolektor-sdd2/train/11907.png,data/raw/kolektor-sdd2/train/11907_GT.png,True,627,230,3,0,non-defect,train
train,data/raw/kolektor-sdd2/train/11908.png,data/raw/kolektor-sdd2/train/11908_GT.png,True,642,228,3,0,non-defect,train
train,data/raw/kolektor-sdd2/train/11909.png,data/raw/kolektor-sdd2/train/11909_GT.png,True,638,227,3,0,non-defect,train
train,data/raw/kolektor-sdd2/train/11910.png,data/raw/kolektor-sdd2/train/11910_GT.png,True,630,228,3,0,non-defect,train
train,data/raw/kolektor-sdd2/train/11911.png,data/raw/kolektor-sdd2/train/11911_GT.png,True,638,229,3,0,non-defect,train
train,data/raw/kolektor-sdd2/train/11912.png,data/raw/kolektor-sdd2/train/11912_GT.png,True,635,230,3,96,defect,train
train,data/raw/kolektor-sdd2/train/11913.png,data/raw/kolektor-sdd2/train/11913_GT.png,True,632,230,3,0,non-defect,train
train,data/raw/kolektor-sdd2/train/11914.png,data/raw/kolektor-sdd2/train/11914_GT.png,True,636,233,3,0,non-defect,train
train,data/raw/kolektor-sdd2/train/11915.png,data/raw/kolektor-sdd2/train/11915_GT.png,True,640,230,3,0,non-defect,train
train,data/raw/kolektor-sdd2/train/11916.png,data/raw/kolektor-sdd2/train/11916_GT.png,True,631,232,3,0,non-defect,train
train,data/raw/kolektor-sdd2/train/11917.png,data/raw/kolektor-sdd2/train/11917_GT.png,True,637,230,3,7182,defect,train
train,data/raw/kolektor-sdd2/train/11918.png,data/raw/kolektor-sdd2/train/11918_GT.png,True,640,230,3,0,non-defect,train
train,data/raw/kolektor-sdd2/train/11919.png,data/raw/kolektor-sdd2/train/11919_GT.png,True,636,230,3,0,non-defect,validation
train,data/raw/kolektor-sdd2/train/11920.png,data/raw/kolektor-sdd2/train/11920_GT.png,True,637,231,3,525,defect,validation
train,data/raw/kolektor-sdd2/train/11921.png,data/raw/kolektor-sdd2/train/11921_GT.png,True,633,231,3,0,non-defect,train
train,data/raw/kolektor-sdd2/train/11922.png,data/raw/kolektor-sdd2/train/11922_GT.png,True,634,226,3,0,non-defect,train
train,data/raw/kolektor-sdd2/train/11923.png,data/raw/kolektor-sdd2/train/11923_GT.png,True,639,229,3,6600,defect,train
train,data/raw/kolektor-sdd2/train/11924.png,data/raw/kolektor-sdd2/train/11924_GT.png,True,645,229,3,1494,defect,train
train,data/raw/kolektor-sdd2/train/11925.png,data/raw/kolektor-sdd2/train/11925_GT.png,True,635,228,3,0,non-defect,validation
train,data/raw/kolektor-sdd2/train/11926.png,data/raw/kolektor-sdd2/train/11926_GT.png,True,634,229,3,0,non-defect,train
train,data/raw/kolektor-sdd2/train/11927.png,data/raw/kolektor-sdd2/train/11927_GT.png,True,638,229,3,607,defect,validation
train,data/raw/kolektor-sdd2/train/11928.png,data/raw/kolektor-sdd2/train/11928_GT.png,True,634,230,3,0,non-defect,train
train,data/raw/kolektor-sdd2/train/11929.png,data/raw/kolektor-sdd2/train/11929_GT.png,True,640,230,3,0,non-defect,train
train,data/raw/kolektor-sdd2/train/11930.png,data/raw/kolektor-sdd2/train/11930_GT.png,True,633,232,3,0,non-defect,validation
train,data/raw/kolektor-sdd2/train/11931.png,data/raw/kolektor-sdd2/train/11931_GT.png,True,638,228,3,0,non-defect,train
train,data/raw/kolektor-sdd2/train/11932.png,data/raw/kolektor-sdd2/train/11932_GT.png,True,647,225,3,0,non-defect,train
train,data/raw/kolektor-sdd2/train/11933.png,data/raw/kolektor-sdd2/train/11933_GT.png,True,636,231,3,0,non-defect,validation
train,data/raw/kolektor-sdd2/train/11934.png,data/raw/kolektor-sdd2/train/11934_GT.png,True,631,227,3,0,non-defect,validation
train,data/raw/kolektor-sdd2/train/11935.png,data/raw/kolektor-sdd2/train/11935_GT.png,True,630,229,3,0,non-defect,train
train,data/raw/kolektor-sdd2/train/11936.png,data/raw/kolektor-sdd2/train/11936_GT.png,True,633,226,3,0,non-defect,validation
train,data/raw/kolektor-sdd2/train/11937.png,data/raw/kolektor-sdd2/train/11937_GT.png,True,643,229,3,0,non-defect,validation
train,data/raw/kolektor-sdd2/train/11938.png,data/raw/kolektor-sdd2/train/11938_GT.png,True,637,231,3,0,non-defect,validation
train,data/raw/kolektor-sdd2/train/11939.png,data/raw/kolektor-sdd2/train/11939_GT.png,True,630,225,3,0,non-defect,validation
train,data/raw/kolektor-sdd2/train/11940.png,data/raw/kolektor-sdd2/train/11940_GT.png,True,636,228,3,0,non-defect,validation
train,data/raw/kolektor-sdd2/train/11941.png,data/raw/kolektor-sdd2/train/11941_GT.png,True,636,230,3,0,non-defect,train
train,data/raw/kolektor-sdd2/train/11942.png,data/raw/kolektor-sdd2/train/11942_GT.png,True,638,232,3,0,non-defect,validation
train,data/raw/kolektor-sdd2/train/11943.png,data/raw/kolektor-sdd2/train/11943_GT.png,True,637,233,3,0,non-defect,validation
train,data/raw/kolektor-sdd2/train/11944.png,data/raw/kolektor-sdd2/train/11944_GT.png,True,639,228,3,0,non-defect,train
train,data/raw/kolektor-sdd2/train/11945.png,data/raw/kolektor-sdd2/train/11945_GT.png,True,632,229,3,0,non-defect,validation
train,data/raw/kolektor-sdd2/train/11946.png,data/raw/kolektor-sdd2/train/11946_GT.png,True,643,230,3,0,non-defect,train
train,data/raw/kolektor-sdd2/train/11947.png,data/raw/kolektor-sdd2/train/11947_GT.png,True,632,231,3,0,non-defect,train
train,data/raw/kolektor-sdd2/train/11948.png,data/raw/kolektor-sdd2/train/11948_GT.png,True,626,227,3,0,non-defect,train
train,data/raw/kolektor-sdd2/train/11949.png,data/raw/kolektor-sdd2/train/11949_GT.png,True,639,230,3,0,non-defect,train
train,data/raw/kolektor-sdd2/train/11950.png,data/raw/kolektor-sdd2/train/11950_GT.png,True,637,231,3,0,non-defect,validation
train,data/raw/kolektor-sdd2/train/11951.png,data/raw/kolektor-sdd2/train/11951_GT.png,True,627,228,3,0,non-defect,validation
train,data/raw/kolektor-sdd2/train/11952.png,data/raw/kolektor-sdd2/train/11952_GT.png,True,637,232,3,0,non-defect,validation
train,data/raw/kolektor-sdd2/train/11953.png,data/raw/kolektor-sdd2/train/11953_GT.png,True,639,229,3,0,non-defect,train
train,data/raw/kolektor-sdd2/train/11954.png,data/raw/kolektor-sdd2/train/11954_GT.png,True,633,231,3,0,non-defect,validation
train,data/raw/kolektor-sdd2/train/11955.png,data/raw/kolektor-sdd2/train/11955_GT.png,True,642,206,3,0,non-defect,validation
train,data/raw/kolektor-sdd2/train/11956.png,data/raw/kolektor-sdd2/train/11956_GT.png,True,641,231,3,2056,defect,train
train,data/raw/kolektor-sdd2/train/11957.png,data/raw/kolektor-sdd2/train/11957_GT.png,True,641,226,3,1234,defect,train
train,data/raw/kolektor-sdd2/train/11958.png,data/raw/kolektor-sdd2/train/11958_GT.png,True,635,215,3,0,non-defect,validation
train,data/raw/kolektor-sdd2/train/11959.png,data/raw/kolektor-sdd2/train/11959_GT.png,True,628,226,3,0,non-defect,train
train,data/raw/kolektor-sdd2/train/11960.png,data/raw/kolektor-sdd2/train/11960_GT.png,True,640,230,3,0,non-defect,train
train,data/raw/kolektor-sdd2/train/11961.png,data/raw/kolektor-sdd2/train/11961_GT.png,True,634,227,3,0,non-defect,validation
train,data/raw/kolektor-sdd2/train/11962.png,data/raw/kolektor-sdd2/train/11962_GT.png,True,640,231,3,1499,defect,train
train,data/raw/kolektor-sdd2/train/11963.png,data/raw/kolektor-sdd2/train/11963_GT.png,True,632,226,3,0,non-defect,train
train,data/raw/kolektor-sdd2/train/11964.png,data/raw/kolektor-sdd2/train/11964_GT.png,True,632,229,3,0,non-defect,train
train,data/raw/kolektor-sdd2/train/11965.png,data/raw/kolektor-sdd2/train/11965_GT.png,True,642,209,3,0,non-defect,train
train,data/raw/kolektor-sdd2/train/11966.png,data/raw/kolektor-sdd2/train/11966_GT.png,True,621,210,3,0,non-defect,train
train,data/raw/kolektor-sdd2/train/11967.png,data/raw/kolektor-sdd2/train/11967_GT.png,True,636,228,3,0,non-defect,train
train,data/raw/kolektor-sdd2/train/11968.png,data/raw/kolektor-sdd2/train/11968_GT.png,True,634,231,3,0,non-defect,train
train,data/raw/kolektor-sdd2/train/11969.png,data/raw/kolektor-sdd2/train/11969_GT.png,True,621,227,3,692,defect,validation
train,data/raw/kolektor-sdd2/train/11970.png,data/raw/kolektor-sdd2/train/11970_GT.png,True,634,225,3,0,non-defect,train
train,data/raw/kolektor-sdd2/train/11971.png,data/raw/kolektor-sdd2/train/11971_GT.png,True,636,229,3,0,non-defect,train
train,data/raw/kolektor-sdd2/train/11972.png,data/raw/kolektor-sdd2/train/11972_GT.png,True,638,233,3,0,non-defect,train
train,data/raw/kolektor-sdd2/train/11973.png,data/raw/kolektor-sdd2/train/11973_GT.png,True,649,228,3,0,non-defect,train
train,data/raw/kolektor-sdd2/train/11974.png,data/raw/kolektor-sdd2/train/11974_GT.png,True,633,230,3,0,non-defect,train
train,data/raw/kolektor-sdd2/train/11975.png,data/raw/kolektor-sdd2/train/11975_GT.png,True,634,234,3,0,non-defect,train
train,data/raw/kolektor-sdd2/train/11976.png,data/raw/kolektor-sdd2/train/11976_GT.png,True,632,231,3,0,non-defect,train
train,data/raw/kolektor-sdd2/train/11977.png,data/raw/kolektor-sdd2/train/11977_GT.png,True,635,230,3,0,non-defect,train
train,data/raw/kolektor-sdd2/train/11978.png,data/raw/kolektor-sdd2/train/11978_GT.png,True,643,230,3,0,non-defect,train
train,data/raw/kolektor-sdd2/train/11979.png,data/raw/kolektor-sdd2/train/11979_GT.png,True,630,230,3,0,non-defect,validation
train,data/raw/kolektor-sdd2/train/11980.png,data/raw/kolektor-sdd2/train/11980_GT.png,True,641,231,3,2249,defect,train
train,data/raw/kolektor-sdd2/train/11981.png,data/raw/kolektor-sdd2/train/11981_GT.png,True,633,229,3,0,non-defect,train
train,data/raw/kolektor-sdd2/train/11982.png,data/raw/kolektor-sdd2/train/11982_GT.png,True,641,230,3,0,non-defect,train
train,data/raw/kolektor-sdd2/train/11983.png,data/raw/kolektor-sdd2/train/11983_GT.png,True,639,228,3,0,non-defect,train
train,data/raw/kolektor-sdd2/train/11984.png,data/raw/kolektor-sdd2/train/11984_GT.png,True,635,231,3,0,non-defect,train
train,data/raw/kolektor-sdd2/train/11985.png,data/raw/kolektor-sdd2/train/11985_GT.png,True,645,229,3,0,non-defect,train
train,data/raw/kolektor-sdd2/train/11986.png,data/raw/kolektor-sdd2/train/11986_GT.png,True,636,230,3,693,defect,train
train,data/raw/kolektor-sdd2/train/11987.png,data/raw/kolektor-sdd2/train/11987_GT.png,True,648,215,3,0,non-defect,validation
train,data/raw/kolektor-sdd2/train/11988.png,data/raw/kolektor-sdd2/train/11988_GT.png,True,645,231,3,0,non-defect,train
train,data/raw/kolektor-sdd2/train/11989.png,data/raw/kolektor-sdd2/train/11989_GT.png,True,640,231,3,0,non-defect,train
train,data/raw/kolektor-sdd2/train/11990.png,data/raw/kolektor-sdd2/train/11990_GT.png,True,636,232,3,0,non-defect,train
train,data/raw/kolektor-sdd2/train/11991.png,data/raw/kolektor-sdd2/train/11991_GT.png,True,641,232,3,0,non-defect,train
train,data/raw/kolektor-sdd2/train/11992.png,data/raw/kolektor-sdd2/train/11992_GT.png,True,643,212,3,0,non-defect,train
train,data/raw/kolektor-sdd2/train/11993.png,data/raw/kolektor-sdd2/train/11993_GT.png,True,634,226,3,0,non-defect,train
train,data/raw/kolektor-sdd2/train/11994.png,data/raw/kolektor-sdd2/train/11994_GT.png,True,644,229,3,0,non-defect,train
train,data/raw/kolektor-sdd2/train/11995.png,data/raw/kolektor-sdd2/train/11995_GT.png,True,635,231,3,0,non-defect,train
train,data/raw/kolektor-sdd2/train/11996.png,data/raw/kolektor-sdd2/train/11996_GT.png,True,628,229,3,0,non-defect,train
train,data/raw/kolektor-sdd2/train/11997.png,data/raw/kolektor-sdd2/train/11997_GT.png,True,638,224,3,0,non-defect,train
train,data/raw/kolektor-sdd2/train/11998.png,data/raw/kolektor-sdd2/train/11998_GT.png,True,634,229,3,0,non-defect,train
train,data/raw/kolektor-sdd2/train/11999.png,data/raw/kolektor-sdd2/train/11999_GT.png,True,637,231,3,0,non-defect,train
train,data/raw/kolektor-sdd2/train/12000.png,data/raw/kolektor-sdd2/train/12000_GT.png,True,651,234,3,0,non-defect,train
train,data/raw/kolektor-sdd2/train/12001.png,data/raw/kolektor-sdd2/train/12001_GT.png,True,646,228,3,0,non-defect,train
train,data/raw/kolektor-sdd2/train/12002.png,data/raw/kolektor-sdd2/train/12002_GT.png,True,641,228,3,0,non-defect,train
train,data/raw/kolektor-sdd2/train/12003.png,data/raw/kolektor-sdd2/train/12003_GT.png,True,631,230,3,0,non-defect,train
train,data/raw/kolektor-sdd2/train/12004.png,data/raw/kolektor-sdd2/train/12004_GT.png,True,641,216,3,0,non-defect,train
train,data/raw/kolektor-sdd2/train/12005.png,data/raw/kolektor-sdd2/train/12005_GT.png,True,635,229,3,0,non-defect,validation
train,data/raw/kolektor-sdd2/train/12006.png,data/raw/kolektor-sdd2/train/12006_GT.png,True,631,228,3,0,non-defect,train
train,data/raw/kolektor-sdd2/train/12007.png,data/raw/kolektor-sdd2/train/12007_GT.png,True,631,227,3,0,non-defect,train
train,data/raw/kolektor-sdd2/train/12008.png,data/raw/kolektor-sdd2/train/12008_GT.png,True,641,234,3,7819,defect,train
train,data/raw/kolektor-sdd2/train/12009.png,data/raw/kolektor-sdd2/train/12009_GT.png,True,617,220,3,0,non-defect,validation
train,data/raw/kolektor-sdd2/train/12010.png,data/raw/kolektor-sdd2/train/12010_GT.png,True,634,233,3,0,non-defect,train
train,data/raw/kolektor-sdd2/train/12011.png,data/raw/kolektor-sdd2/train/12011_GT.png,True,641,234,3,0,non-defect,train
train,data/raw/kolektor-sdd2/train/12012.png,data/raw/kolektor-sdd2/train/12012_GT.png,True,645,229,3,0,non-defect,validation
train,data/raw/kolektor-sdd2/train/12013.png,data/raw/kolektor-sdd2/train/12013_GT.png,True,640,232,3,0,non-defect,train
train,data/raw/kolektor-sdd2/train/12014.png,data/raw/kolektor-sdd2/train/12014_GT.png,True,636,231,3,0,non-defect,train
train,data/raw/kolektor-sdd2/train/12015.png,data/raw/kolektor-sdd2/train/12015_GT.png,True,630,232,3,0,non-defect,validation
train,data/raw/kolektor-sdd2/train/12016.png,data/raw/kolektor-sdd2/train/12016_GT.png,True,642,233,3,0,non-defect,train
train,data/raw/kolektor-sdd2/train/12017.png,data/raw/kolektor-sdd2/train/12017_GT.png,True,647,231,3,0,non-defect,train
train,data/raw/kolektor-sdd2/train/12018.png,data/raw/kolektor-sdd2/train/12018_GT.png,True,632,229,3,0,non-defect,train
train,data/raw/kolektor-sdd2/train/12019.png,data/raw/kolektor-sdd2/train/12019_GT.png,True,649,229,3,0,non-defect,train
train,data/raw/kolektor-sdd2/train/12020.png,data/raw/kolektor-sdd2/train/12020_GT.png,True,635,228,3,0,non-defect,train
train,data/raw/kolektor-sdd2/train/12021.png,data/raw/kolektor-sdd2/train/12021_GT.png,True,634,230,3,0,non-defect,train
train,data/raw/kolektor-sdd2/train/12022.png,data/raw/kolektor-sdd2/train/12022_GT.png,True,638,232,3,0,non-defect,validation
train,data/raw/kolektor-sdd2/train/12023.png,data/raw/kolektor-sdd2/train/12023_GT.png,True,631,230,3,0,non-defect,validation
train,data/raw/kolektor-sdd2/train/12024.png,data/raw/kolektor-sdd2/train/12024_GT.png,True,638,225,3,0,non-defect,train
train,data/raw/kolektor-sdd2/train/12025.png,data/raw/kolektor-sdd2/train/12025_GT.png,True,641,205,3,0,non-defect,train
train,data/raw/kolektor-sdd2/train/12026.png,data/raw/kolektor-sdd2/train/12026_GT.png,True,635,233,3,3550,defect,validation
train,data/raw/kolektor-sdd2/train/12027.png,data/raw/kolektor-sdd2/train/12027_GT.png,True,637,223,3,0,non-defect,train
train,data/raw/kolektor-sdd2/train/12028.png,data/raw/kolektor-sdd2/train/12028_GT.png,True,634,229,3,562,defect,train
train,data/raw/kolektor-sdd2/train/12029.png,data/raw/kolektor-sdd2/train/12029_GT.png,True,635,228,3,0,non-defect,train
train,data/raw/kolektor-sdd2/train/12030.png,data/raw/kolektor-sdd2/train/12030_GT.png,True,636,234,3,0,non-defect,train
train,data/raw/kolektor-sdd2/train/12031.png,data/raw/kolektor-sdd2/train/12031_GT.png,True,634,228,3,0,non-defect,train
train,data/raw/kolektor-sdd2/train/12032.png,data/raw/kolektor-sdd2/train/12032_GT.png,True,635,230,3,0,non-defect,train
train,data/raw/kolektor-sdd2/train/12033.png,data/raw/kolektor-sdd2/train/12033_GT.png,True,641,230,3,0,non-defect,validation
train,data/raw/kolektor-sdd2/train/12034.png,data/raw/kolektor-sdd2/train/12034_GT.png,True,638,232,3,0,non-defect,train
train,data/raw/kolektor-sdd2/train/12035.png,data/raw/kolektor-sdd2/train/12035_GT.png,True,631,234,3,0,non-defect,train
train,data/raw/kolektor-sdd2/train/12036.png,data/raw/kolektor-sdd2/train/12036_GT.png,True,639,229,3,0,non-defect,train
train,data/raw/kolektor-sdd2/train/12037.png,data/raw/kolektor-sdd2/train/12037_GT.png,True,635,229,3,0,non-defect,train
train,data/raw/kolektor-sdd2/train/12038.png,data/raw/kolektor-sdd2/train/12038_GT.png,True,639,232,3,0,non-defect,validation
train,data/raw/kolektor-sdd2/train/12039.png,data/raw/kolektor-sdd2/train/12039_GT.png,True,647,230,3,0,non-defect,validation
train,data/raw/kolektor-sdd2/train/12040.png,data/raw/kolektor-sdd2/train/12040_GT.png,True,640,231,3,0,non-defect,train
train,data/raw/kolektor-sdd2/train/12041.png,data/raw/kolektor-sdd2/train/12041_GT.png,True,631,229,3,300,defect,train
train,data/raw/kolektor-sdd2/train/12042.png,data/raw/kolektor-sdd2/train/12042_GT.png,True,643,228,3,0,non-defect,validation
train,data/raw/kolektor-sdd2/train/12043.png,data/raw/kolektor-sdd2/train/12043_GT.png,True,625,227,3,0,non-defect,train
train,data/raw/kolektor-sdd2/train/12044.png,data/raw/kolektor-sdd2/train/12044_GT.png,True,636,227,3,0,non-defect,train
train,data/raw/kolektor-sdd2/train/12045.png,data/raw/kolektor-sdd2/train/12045_GT.png,True,643,229,3,0,non-defect,train
train,data/raw/kolektor-sdd2/train/12046.png,data/raw/kolektor-sdd2/train/12046_GT.png,True,633,232,3,0,non-defect,train
train,data/raw/kolektor-sdd2/train/12047.png,data/raw/kolektor-sdd2/train/12047_GT.png,True,642,213,3,0,non-defect,train
train,data/raw/kolektor-sdd2/train/12048.png,data/raw/kolektor-sdd2/train/12048_GT.png,True,643,228,3,0,non-defect,train
train,data/raw/kolektor-sdd2/train/12049.png,data/raw/kolektor-sdd2/train/12049_GT.png,True,625,230,3,0,non-defect,train
train,data/raw/kolektor-sdd2/train/12050.png,data/raw/kolektor-sdd2/train/12050_GT.png,True,627,230,3,1495,defect,train
train,data/raw/kolektor-sdd2/train/12051.png,data/raw/kolektor-sdd2/train/12051_GT.png,True,630,231,3,0,non-defect,train
train,data/raw/kolektor-sdd2/train/12052.png,data/raw/kolektor-sdd2/train/12052_GT.png,True,641,230,3,0,non-defect,train
train,data/raw/kolektor-sdd2/train/12053.png,data/raw/kolektor-sdd2/train/12053_GT.png,True,626,230,3,0,non-defect,validation
train,data/raw/kolektor-sdd2/train/12054.png,data/raw/kolektor-sdd2/train/12054_GT.png,True,643,227,3,0,non-defect,train
train,data/raw/kolektor-sdd2/train/12055.png,data/raw/kolektor-sdd2/train/12055_GT.png,True,629,231,3,0,non-defect,train
train,data/raw/kolektor-sdd2/train/12056.png,data/raw/kolektor-sdd2/train/12056_GT.png,True,645,230,3,12610,defect,train
train,data/raw/kolektor-sdd2/train/12057.png,data/raw/kolektor-sdd2/train/12057_GT.png,True,644,231,3,0,non-defect,train
train,data/raw/kolektor-sdd2/train/12058.png,data/raw/kolektor-sdd2/train/12058_GT.png,True,628,228,3,0,non-defect,train
train,data/raw/kolektor-sdd2/train/12059.png,data/raw/kolektor-sdd2/train/12059_GT.png,True,648,230,3,0,non-defect,train
train,data/raw/kolektor-sdd2/train/12060.png,data/raw/kolektor-sdd2/train/12060_GT.png,True,635,229,3,0,non-defect,validation
train,data/raw/kolektor-sdd2/train/12061.png,data/raw/kolektor-sdd2/train/12061_GT.png,True,619,230,3,0,non-defect,train
train,data/raw/kolektor-sdd2/train/12062.png,data/raw/kolektor-sdd2/train/12062_GT.png,True,638,229,3,0,non-defect,train
train,data/raw/kolektor-sdd2/train/12063.png,data/raw/kolektor-sdd2/train/12063_GT.png,True,631,230,3,0,non-defect,train
train,data/raw/kolektor-sdd2/train/12064.png,data/raw/kolektor-sdd2/train/12064_GT.png,True,625,229,3,0,non-defect,validation
train,data/raw/kolektor-sdd2/train/12065.png,data/raw/kolektor-sdd2/train/12065_GT.png,True,634,229,3,0,non-defect,train
train,data/raw/kolektor-sdd2/train/12066.png,data/raw/kolektor-sdd2/train/12066_GT.png,True,628,225,3,0,non-defect,train
train,data/raw/kolektor-sdd2/train/12067.png,data/raw/kolektor-sdd2/train/12067_GT.png,True,619,229,3,0,non-defect,train
train,data/raw/kolektor-sdd2/train/12068.png,data/raw/kolektor-sdd2/train/12068_GT.png,True,629,230,3,0,non-defect,train
train,data/raw/kolektor-sdd2/train/12069.png,data/raw/kolektor-sdd2/train/12069_GT.png,True,645,229,3,0,non-defect,validation
train,data/raw/kolektor-sdd2/train/12070.png,data/raw/kolektor-sdd2/train/12070_GT.png,True,640,230,3,964,defect,train
train,data/raw/kolektor-sdd2/train/12071.png,data/raw/kolektor-sdd2/train/12071_GT.png,True,634,231,3,31722,defect,train
train,data/raw/kolektor-sdd2/train/12072.png,data/raw/kolektor-sdd2/train/12072_GT.png,True,629,229,3,0,non-defect,validation
train,data/raw/kolektor-sdd2/train/12073.png,data/raw/kolektor-sdd2/train/12073_GT.png,True,636,229,3,0,non-defect,train
train,data/raw/kolektor-sdd2/train/12074.png,data/raw/kolektor-sdd2/train/12074_GT.png,True,643,232,3,0,non-defect,train
train,data/raw/kolektor-sdd2/train/12075.png,data/raw/kolektor-sdd2/train/12075_GT.png,True,631,231,3,0,non-defect,train
train,data/raw/kolektor-sdd2/train/12076.png,data/raw/kolektor-sdd2/train/12076_GT.png,True,646,229,3,0,non-defect,train
train,data/raw/kolektor-sdd2/train/12077.png,data/raw/kolektor-sdd2/train/12077_GT.png,True,635,230,3,0,non-defect,train
train,data/raw/kolektor-sdd2/train/12078.png,data/raw/kolektor-sdd2/train/12078_GT.png,True,641,230,3,0,non-defect,train
train,data/raw/kolektor-sdd2/train/12079.png,data/raw/kolektor-sdd2/train/12079_GT.png,True,624,229,3,0,non-defect,train
train,data/raw/kolektor-sdd2/train/12080.png,data/raw/kolektor-sdd2/train/12080_GT.png,True,629,230,3,5484,defect,train
train,data/raw/kolektor-sdd2/train/12081.png,data/raw/kolektor-sdd2/train/12081_GT.png,True,628,230,3,1902,defect,train
train,data/raw/kolektor-sdd2/train/12082.png,data/raw/kolektor-sdd2/train/12082_GT.png,True,615,229,3,0,non-defect,train
train,data/raw/kolektor-sdd2/train/12083.png,data/raw/kolektor-sdd2/train/12083_GT.png,True,639,233,3,0,non-defect,validation
train,data/raw/kolektor-sdd2/train/12084.png,data/raw/kolektor-sdd2/train/12084_GT.png,True,639,229,3,0,non-defect,train
train,data/raw/kolektor-sdd2/train/12085.png,data/raw/kolektor-sdd2/train/12085_GT.png,True,632,229,3,0,non-defect,train
train,data/raw/kolektor-sdd2/train/12086.png,data/raw/kolektor-sdd2/train/12086_GT.png,True,638,230,3,0,non-defect,train
train,data/raw/kolektor-sdd2/train/12087.png,data/raw/kolektor-sdd2/train/12087_GT.png,True,630,230,3,0,non-defect,train
train,data/raw/kolektor-sdd2/train/12088.png,data/raw/kolektor-sdd2/train/12088_GT.png,True,613,229,3,0,non-defect,train
train,data/raw/kolektor-sdd2/train/12089.png,data/raw/kolektor-sdd2/train/12089_GT.png,True,646,229,3,0,non-defect,train
train,data/raw/kolektor-sdd2/train/12090.png,data/raw/kolektor-sdd2/train/12090_GT.png,True,614,229,3,0,non-defect,train
train,data/raw/kolektor-sdd2/train/12091.png,data/raw/kolektor-sdd2/train/12091_GT.png,True,643,229,3,0,non-defect,validation
train,data/raw/kolektor-sdd2/train/12092.png,data/raw/kolektor-sdd2/train/12092_GT.png,True,637,231,3,0,non-defect,train
train,data/raw/kolektor-sdd2/train/12093.png,data/raw/kolektor-sdd2/train/12093_GT.png,True,648,230,3,0,non-defect,train
train,data/raw/kolektor-sdd2/train/12094.png,data/raw/kolektor-sdd2/train/12094_GT.png,True,635,227,3,0,non-defect,train
train,data/raw/kolektor-sdd2/train/12095.png,data/raw/kolektor-sdd2/train/12095_GT.png,True,641,229,3,0,non-defect,train
train,data/raw/kolektor-sdd2/train/12096.png,data/raw/kolektor-sdd2/train/12096_GT.png,True,631,229,3,0,non-defect,train
train,data/raw/kolektor-sdd2/train/12097.png,data/raw/kolektor-sdd2/train/12097_GT.png,True,642,229,3,0,non-defect,train
train,data/raw/kolektor-sdd2/train/12098.png,data/raw/kolektor-sdd2/train/12098_GT.png,True,629,229,3,0,non-defect,train
train,data/raw/kolektor-sdd2/train/12099.png,data/raw/kolektor-sdd2/train/12099_GT.png,True,634,229,3,0,non-defect,train
train,data/raw/kolektor-sdd2/train/12100.png,data/raw/kolektor-sdd2/train/12100_GT.png,True,630,227,3,0,non-defect,validation
train,data/raw/kolektor-sdd2/train/12101.png,data/raw/kolektor-sdd2/train/12101_GT.png,True,635,228,3,0,non-defect,train
train,data/raw/kolektor-sdd2/train/12102.png,data/raw/kolektor-sdd2/train/12102_GT.png,True,634,230,3,0,non-defect,validation
train,data/raw/kolektor-sdd2/train/12103.png,data/raw/kolektor-sdd2/train/12103_GT.png,True,649,231,3,0,non-defect,train
train,data/raw/kolektor-sdd2/train/12104.png,data/raw/kolektor-sdd2/train/12104_GT.png,True,610,228,3,0,non-defect,validation
train,data/raw/kolektor-sdd2/train/12105.png,data/raw/kolektor-sdd2/train/12105_GT.png,True,613,230,3,1739,defect,train
train,data/raw/kolektor-sdd2/train/12106.png,data/raw/kolektor-sdd2/train/12106_GT.png,True,632,230,3,0,non-defect,train
train,data/raw/kolektor-sdd2/train/12107.png,data/raw/kolektor-sdd2/train/12107_GT.png,True,635,229,3,0,non-defect,train
train,data/raw/kolektor-sdd2/train/12108.png,data/raw/kolektor-sdd2/train/12108_GT.png,True,622,230,3,0,non-defect,validation
train,data/raw/kolektor-sdd2/train/12109.png,data/raw/kolektor-sdd2/train/12109_GT.png,True,632,232,3,865,defect,train
train,data/raw/kolektor-sdd2/train/12110.png,data/raw/kolektor-sdd2/train/12110_GT.png,True,642,230,3,0,non-defect,train
train,data/raw/kolektor-sdd2/train/12111.png,data/raw/kolektor-sdd2/train/12111_GT.png,True,637,230,3,0,non-defect,train
train,data/raw/kolektor-sdd2/train/12112.png,data/raw/kolektor-sdd2/train/12112_GT.png,True,636,231,3,0,non-defect,train
train,data/raw/kolektor-sdd2/train/12113.png,data/raw/kolektor-sdd2/train/12113_GT.png,True,623,219,3,0,non-defect,train
train,data/raw/kolektor-sdd2/train/12114.png,data/raw/kolektor-sdd2/train/12114_GT.png,True,644,230,3,0,non-defect,train
train,data/raw/kolektor-sdd2/train/12115.png,data/raw/kolektor-sdd2/train/12115_GT.png,True,634,229,3,0,non-defect,train
train,data/raw/kolektor-sdd2/train/12116.png,data/raw/kolektor-sdd2/train/12116_GT.png,True,634,230,3,0,non-defect,validation
train,data/raw/kolektor-sdd2/train/12117.png,data/raw/kolektor-sdd2/train/12117_GT.png,True,637,230,3,0,non-defect,validation
train,data/raw/kolektor-sdd2/train/12118.png,data/raw/kolektor-sdd2/train/12118_GT.png,True,634,227,3,0,non-defect,train
train,data/raw/kolektor-sdd2/train/12119.png,data/raw/kolektor-sdd2/train/12119_GT.png,True,631,229,3,0,non-defect,train
train,data/raw/kolektor-sdd2/train/12120.png,data/raw/kolektor-sdd2/train/12120_GT.png,True,636,229,3,0,non-defect,validation
train,data/raw/kolektor-sdd2/train/12121.png,data/raw/kolektor-sdd2/train/12121_GT.png,True,637,233,3,0,non-defect,validation
train,data/raw/kolektor-sdd2/train/12122.png,data/raw/kolektor-sdd2/train/12122_GT.png,True,643,229,3,0,non-defect,train
train,data/raw/kolektor-sdd2/train/12123.png,data/raw/kolektor-sdd2/train/12123_GT.png,True,603,227,3,0,non-defect,train
train,data/raw/kolektor-sdd2/train/12124.png,data/raw/kolektor-sdd2/train/12124_GT.png,True,629,231,3,0,non-defect,train
train,data/raw/kolektor-sdd2/train/12125.png,data/raw/kolektor-sdd2/train/12125_GT.png,True,619,230,3,0,non-defect,validation
train,data/raw/kolektor-sdd2/train/12126.png,data/raw/kolektor-sdd2/train/12126_GT.png,True,640,230,3,0,non-defect,train
train,data/raw/kolektor-sdd2/train/12127.png,data/raw/kolektor-sdd2/train/12127_GT.png,True,638,230,3,0,non-defect,train
train,data/raw/kolektor-sdd2/train/12128.png,data/raw/kolektor-sdd2/train/12128_GT.png,True,628,233,3,0,non-defect,train
train,data/raw/kolektor-sdd2/train/12129.png,data/raw/kolektor-sdd2/train/12129_GT.png,True,630,218,3,0,non-defect,train
train,data/raw/kolektor-sdd2/train/12130.png,data/raw/kolektor-sdd2/train/12130_GT.png,True,638,232,3,0,non-defect,validation
train,data/raw/kolektor-sdd2/train/12131.png,data/raw/kolektor-sdd2/train/12131_GT.png,True,614,230,3,2204,defect,validation
train,data/raw/kolektor-sdd2/train/12132.png,data/raw/kolektor-sdd2/train/12132_GT.png,True,638,228,3,0,non-defect,train
train,data/raw/kolektor-sdd2/train/12133.png,data/raw/kolektor-sdd2/train/12133_GT.png,True,645,231,3,0,non-defect,train
train,data/raw/kolektor-sdd2/train/12134.png,data/raw/kolektor-sdd2/train/12134_GT.png,True,629,227,3,0,non-defect,train
train,data/raw/kolektor-sdd2/train/12135.png,data/raw/kolektor-sdd2/train/12135_GT.png,True,631,230,3,0,non-defect,train
train,data/raw/kolektor-sdd2/train/12136.png,data/raw/kolektor-sdd2/train/12136_GT.png,True,650,233,3,0,non-defect,validation
train,data/raw/kolektor-sdd2/train/12137.png,data/raw/kolektor-sdd2/train/12137_GT.png,True,630,231,3,0,non-defect,train
train,data/raw/kolektor-sdd2/train/12138.png,data/raw/kolektor-sdd2/train/12138_GT.png,True,629,230,3,0,non-defect,validation
train,data/raw/kolektor-sdd2/train/12139.png,data/raw/kolektor-sdd2/train/12139_GT.png,True,633,231,3,0,non-defect,train
train,data/raw/kolektor-sdd2/train/12140.png,data/raw/kolektor-sdd2/train/12140_GT.png,True,634,229,3,0,non-defect,validation
train,data/raw/kolektor-sdd2/train/12141.png,data/raw/kolektor-sdd2/train/12141_GT.png,True,620,217,3,509,defect,train
train,data/raw/kolektor-sdd2/train/12142.png,data/raw/kolektor-sdd2/train/12142_GT.png,True,638,230,3,0,non-defect,train
train,data/raw/kolektor-sdd2/train/12143.png,data/raw/kolektor-sdd2/train/12143_GT.png,True,619,229,3,0,non-defect,train
train,data/raw/kolektor-sdd2/train/12144.png,data/raw/kolektor-sdd2/train/12144_GT.png,True,629,228,3,0,non-defect,validation
train,data/raw/kolektor-sdd2/train/12145.png,data/raw/kolektor-sdd2/train/12145_GT.png,True,633,230,3,0,non-defect,train
train,data/raw/kolektor-sdd2/train/12146.png,data/raw/kolektor-sdd2/train/12146_GT.png,True,644,230,3,2855,defect,train
train,data/raw/kolektor-sdd2/train/12147.png,data/raw/kolektor-sdd2/train/12147_GT.png,True,648,228,3,0,non-defect,validation
train,data/raw/kolektor-sdd2/train/12148.png,data/raw/kolektor-sdd2/train/12148_GT.png,True,639,231,3,0,non-defect,train
train,data/raw/kolektor-sdd2/train/12149.png,data/raw/kolektor-sdd2/train/12149_GT.png,True,606,230,3,0,non-defect,validation
train,data/raw/kolektor-sdd2/train/12150.png,data/raw/kolektor-sdd2/train/12150_GT.png,True,632,230,3,0,non-defect,train
train,data/raw/kolektor-sdd2/train/12151.png,data/raw/kolektor-sdd2/train/12151_GT.png,True,622,228,3,0,non-defect,train
train,data/raw/kolektor-sdd2/train/12152.png,data/raw/kolektor-sdd2/train/12152_GT.png,True,637,227,3,0,non-defect,validation
train,data/raw/kolektor-sdd2/train/12153.png,data/raw/kolektor-sdd2/train/12153_GT.png,True,633,228,3,0,non-defect,train
train,data/raw/kolektor-sdd2/train/12154.png,data/raw/kolektor-sdd2/train/12154_GT.png,True,623,229,3,0,non-defect,train
train,data/raw/kolektor-sdd2/train/12155.png,data/raw/kolektor-sdd2/train/12155_GT.png,True,637,226,3,0,non-defect,train
train,data/raw/kolektor-sdd2/train/12156.png,data/raw/kolektor-sdd2/train/12156_GT.png,True,640,232,3,0,non-defect,train
train,data/raw/kolektor-sdd2/train/12157.png,data/raw/kolektor-sdd2/train/12157_GT.png,True,646,232,3,0,non-defect,train
train,data/raw/kolektor-sdd2/train/12158.png,data/raw/kolektor-sdd2/train/12158_GT.png,True,629,230,3,0,non-defect,validation
train,data/raw/kolektor-sdd2/train/12159.png,data/raw/kolektor-sdd2/train/12159_GT.png,True,638,232,3,0,non-defect,validation
train,data/raw/kolektor-sdd2/train/12160.png,data/raw/kolektor-sdd2/train/12160_GT.png,True,627,227,3,3643,defect,validation
train,data/raw/kolektor-sdd2/train/12161.png,data/raw/kolektor-sdd2/train/12161_GT.png,True,631,229,3,0,non-defect,train
train,data/raw/kolektor-sdd2/train/12162.png,data/raw/kolektor-sdd2/train/12162_GT.png,True,646,229,3,0,non-defect,train
train,data/raw/kolektor-sdd2/train/12163.png,data/raw/kolektor-sdd2/train/12163_GT.png,True,636,228,3,0,non-defect,train
train,data/raw/kolektor-sdd2/train/12164.png,data/raw/kolektor-sdd2/train/12164_GT.png,True,638,228,3,0,non-defect,train
train,data/raw/kolektor-sdd2/train/12165.png,data/raw/kolektor-sdd2/train/12165_GT.png,True,631,227,3,0,non-defect,train
train,data/raw/kolektor-sdd2/train/12166.png,data/raw/kolektor-sdd2/train/12166_GT.png,True,630,229,3,0,non-defect,train
train,data/raw/kolektor-sdd2/train/12167.png,data/raw/kolektor-sdd2/train/12167_GT.png,True,631,230,3,0,non-defect,train
train,data/raw/kolektor-sdd2/train/12168.png,data/raw/kolektor-sdd2/train/12168_GT.png,True,640,231,3,0,non-defect,train
train,data/raw/kolektor-sdd2/train/12169.png,data/raw/kolektor-sdd2/train/12169_GT.png,True,642,229,3,0,non-defect,validation
train,data/raw/kolektor-sdd2/train/12170.png,data/raw/kolektor-sdd2/train/12170_GT.png,True,631,229,3,0,non-defect,train
train,data/raw/kolektor-sdd2/train/12171.png,data/raw/kolektor-sdd2/train/12171_GT.png,True,635,218,3,0,non-defect,validation
train,data/raw/kolektor-sdd2/train/12172.png,data/raw/kolektor-sdd2/train/12172_GT.png,True,624,230,3,0,non-defect,train
train,data/raw/kolektor-sdd2/train/12173.png,data/raw/kolektor-sdd2/train/12173_GT.png,True,639,231,3,0,non-defect,train
train,data/raw/kolektor-sdd2/train/12174.png,data/raw/kolektor-sdd2/train/12174_GT.png,True,648,232,3,0,non-defect,validation
train,data/raw/kolektor-sdd2/train/12175.png,data/raw/kolektor-sdd2/train/12175_GT.png,True,643,230,3,0,non-defect,train
train,data/raw/kolektor-sdd2/train/12176.png,data/raw/kolektor-sdd2/train/12176_GT.png,True,639,231,3,0,non-defect,train
train,data/raw/kolektor-sdd2/train/12177.png,data/raw/kolektor-sdd2/train/12177_GT.png,True,632,230,3,0,non-defect,validation
train,data/raw/kolektor-sdd2/train/12178.png,data/raw/kolektor-sdd2/train/12178_GT.png,True,638,230,3,0,non-defect,train
train,data/raw/kolektor-sdd2/train/12179.png,data/raw/kolektor-sdd2/train/12179_GT.png,True,629,229,3,13293,defect,validation
train,data/raw/kolektor-sdd2/train/12180.png,data/raw/kolektor-sdd2/train/12180_GT.png,True,637,230,3,0,non-defect,train
train,data/raw/kolektor-sdd2/train/12181.png,data/raw/kolektor-sdd2/train/12181_GT.png,True,617,228,3,0,non-defect,train
train,data/raw/kolektor-sdd2/train/12182.png,data/raw/kolektor-sdd2/train/12182_GT.png,True,645,231,3,0,non-defect,train
train,data/raw/kolektor-sdd2/train/12183.png,data/raw/kolektor-sdd2/train/12183_GT.png,True,645,231,3,0,non-defect,train
train,data/raw/kolektor-sdd2/train/12184.png,data/raw/kolektor-sdd2/train/12184_GT.png,True,630,229,3,0,non-defect,train
train,data/raw/kolektor-sdd2/train/12185.png,data/raw/kolektor-sdd2/train/12185_GT.png,True,619,228,3,0,non-defect,train
train,data/raw/kolektor-sdd2/train/12186.png,data/raw/kolektor-sdd2/train/12186_GT.png,True,633,230,3,0,non-defect,train
train,data/raw/kolektor-sdd2/train/12187.png,data/raw/kolektor-sdd2/train/12187_GT.png,True,637,229,3,0,non-defect,train
train,data/raw/kolektor-sdd2/train/12188.png,data/raw/kolektor-sdd2/train/12188_GT.png,True,643,228,3,0,non-defect,train
train,data/raw/kolektor-sdd2/train/12189.png,data/raw/kolektor-sdd2/train/12189_GT.png,True,624,229,3,0,non-defect,train
train,data/raw/kolektor-sdd2/train/12190.png,data/raw/kolektor-sdd2/train/12190_GT.png,True,643,231,3,0,non-defect,train
train,data/raw/kolektor-sdd2/train/12191.png,data/raw/kolektor-sdd2/train/12191_GT.png,True,643,230,3,1484,defect,train
train,data/raw/kolektor-sdd2/train/12192.png,data/raw/kolektor-sdd2/train/12192_GT.png,True,628,230,3,0,non-defect,train
train,data/raw/kolektor-sdd2/train/12193.png,data/raw/kolektor-sdd2/train/12193_GT.png,True,638,229,3,0,non-defect,train
train,data/raw/kolektor-sdd2/train/12194.png,data/raw/kolektor-sdd2/train/12194_GT.png,True,636,228,3,0,non-defect,validation
train,data/raw/kolektor-sdd2/train/12195.png,data/raw/kolektor-sdd2/train/12195_GT.png,True,629,229,3,0,non-defect,train
train,data/raw/kolektor-sdd2/train/12196.png,data/raw/kolektor-sdd2/train/12196_GT.png,True,625,230,3,0,non-defect,train
train,data/raw/kolektor-sdd2/train/12197.png,data/raw/kolektor-sdd2/train/12197_GT.png,True,640,229,3,0,non-defect,validation
train,data/raw/kolektor-sdd2/train/12198.png,data/raw/kolektor-sdd2/train/12198_GT.png,True,635,228,3,0,non-defect,validation
train,data/raw/kolektor-sdd2/train/12199.png,data/raw/kolektor-sdd2/train/12199_GT.png,True,630,229,3,0,non-defect,validation
train,data/raw/kolektor-sdd2/train/12200.png,data/raw/kolektor-sdd2/train/12200_GT.png,True,647,230,3,0,non-defect,train
train,data/raw/kolektor-sdd2/train/12201.png,data/raw/kolektor-sdd2/train/12201_GT.png,True,631,230,3,3169,defect,train
train,data/raw/kolektor-sdd2/train/12202.png,data/raw/kolektor-sdd2/train/12202_GT.png,True,640,231,3,0,non-defect,train
train,data/raw/kolektor-sdd2/train/12203.png,data/raw/kolektor-sdd2/train/12203_GT.png,True,641,230,3,0,non-defect,train
train,data/raw/kolektor-sdd2/train/12204.png,data/raw/kolektor-sdd2/train/12204_GT.png,True,642,231,3,0,non-defect,validation
train,data/raw/kolektor-sdd2/train/12205.png,data/raw/kolektor-sdd2/train/12205_GT.png,True,628,228,3,0,non-defect,train
train,data/raw/kolektor-sdd2/train/12206.png,data/raw/kolektor-sdd2/train/12206_GT.png,True,638,227,3,0,non-defect,train
train,data/raw/kolektor-sdd2/train/12207.png,data/raw/kolektor-sdd2/train/12207_GT.png,True,643,230,3,0,non-defect,train
train,data/raw/kolektor-sdd2/train/12208.png,data/raw/kolektor-sdd2/train/12208_GT.png,True,631,229,3,0,non-defect,validation
train,data/raw/kolektor-sdd2/train/12209.png,data/raw/kolektor-sdd2/train/12209_GT.png,True,640,230,3,0,non-defect,validation
train,data/raw/kolektor-sdd2/train/12210.png,data/raw/kolektor-sdd2/train/12210_GT.png,True,645,230,3,5363,defect,train
train,data/raw/kolektor-sdd2/train/12211.png,data/raw/kolektor-sdd2/train/12211_GT.png,True,640,228,3,0,non-defect,train
train,data/raw/kolektor-sdd2/train/12212.png,data/raw/kolektor-sdd2/train/12212_GT.png,True,638,230,3,0,non-defect,validation
train,data/raw/kolektor-sdd2/train/12213.png,data/raw/kolektor-sdd2/train/12213_GT.png,True,641,228,3,0,non-defect,train
train,data/raw/kolektor-sdd2/train/12214.png,data/raw/kolektor-sdd2/train/12214_GT.png,True,638,228,3,0,non-defect,train
train,data/raw/kolektor-sdd2/train/12215.png,data/raw/kolektor-sdd2/train/12215_GT.png,True,629,230,3,0,non-defect,train
train,data/raw/kolektor-sdd2/train/12216.png,data/raw/kolektor-sdd2/train/12216_GT.png,True,635,229,3,6239,defect,train
train,data/raw/kolektor-sdd2/train/12217.png,data/raw/kolektor-sdd2/train/12217_GT.png,True,623,229,3,0,non-defect,train
train,data/raw/kolektor-sdd2/train/12218.png,data/raw/kolektor-sdd2/train/12218_GT.png,True,646,229,3,0,non-defect,train
train,data/raw/kolektor-sdd2/train/12219.png,data/raw/kolektor-sdd2/train/12219_GT.png,True,624,229,3,0,non-defect,validation
train,data/raw/kolektor-sdd2/train/12220.png,data/raw/kolektor-sdd2/train/12220_GT.png,True,634,230,3,0,non-defect,train
train,data/raw/kolektor-sdd2/train/12221.png,data/raw/kolektor-sdd2/train/12221_GT.png,True,631,226,3,0,non-defect,train
train,data/raw/kolektor-sdd2/train/12222.png,data/raw/kolektor-sdd2/train/12222_GT.png,True,624,230,3,0,non-defect,train
train,data/raw/kolektor-sdd2/train/12223.png,data/raw/kolektor-sdd2/train/12223_GT.png,True,629,231,3,0,non-defect,train
train,data/raw/kolektor-sdd2/train/12224.png,data/raw/kolektor-sdd2/train/12224_GT.png,True,651,230,3,0,non-defect,train
train,data/raw/kolektor-sdd2/train/12225.png,data/raw/kolektor-sdd2/train/12225_GT.png,True,633,225,3,0,non-defect,train
train,data/raw/kolektor-sdd2/train/12226.png,data/raw/kolektor-sdd2/train/12226_GT.png,True,638,220,3,0,non-defect,train
train,data/raw/kolektor-sdd2/train/12227.png,data/raw/kolektor-sdd2/train/12227_GT.png,True,648,230,3,0,non-defect,validation
train,data/raw/kolektor-sdd2/train/12228.png,data/raw/kolektor-sdd2/train/12228_GT.png,True,638,231,3,0,non-defect,train
train,data/raw/kolektor-sdd2/train/12229.png,data/raw/kolektor-sdd2/train/12229_GT.png,True,633,228,3,0,non-defect,validation
train,data/raw/kolektor-sdd2/train/12230.png,data/raw/kolektor-sdd2/train/12230_GT.png,True,640,218,3,0,non-defect,train
train,data/raw/kolektor-sdd2/train/12231.png,data/raw/kolektor-sdd2/train/12231_GT.png,True,634,229,3,0,non-defect,validation
train,data/raw/kolektor-sdd2/train/12232.png,data/raw/kolektor-sdd2/train/12232_GT.png,True,630,231,3,0,non-defect,train
train,data/raw/kolektor-sdd2/train/12233.png,data/raw/kolektor-sdd2/train/12233_GT.png,True,625,229,3,7020,defect,train
train,data/raw/kolektor-sdd2/train/12234.png,data/raw/kolektor-sdd2/train/12234_GT.png,True,635,229,3,0,non-defect,train
train,data/raw/kolektor-sdd2/train/12235.png,data/raw/kolektor-sdd2/train/12235_GT.png,True,631,229,3,0,non-defect,train
train,data/raw/kolektor-sdd2/train/12236.png,data/raw/kolektor-sdd2/train/12236_GT.png,True,630,229,3,0,non-defect,train
train,data/raw/kolektor-sdd2/train/12237.png,data/raw/kolektor-sdd2/train/12237_GT.png,True,638,232,3,10525,defect,train
train,data/raw/kolektor-sdd2/train/12238.png,data/raw/kolektor-sdd2/train/12238_GT.png,True,612,232,3,0,non-defect,train
train,data/raw/kolektor-sdd2/train/12239.png,data/raw/kolektor-sdd2/train/12239_GT.png,True,630,229,3,0,non-defect,validation
train,data/raw/kolektor-sdd2/train/12240.png,data/raw/kolektor-sdd2/train/12240_GT.png,True,627,229,3,0,non-defect,train
train,data/raw/kolektor-sdd2/train/12241.png,data/raw/kolektor-sdd2/train/12241_GT.png,True,630,229,3,0,non-defect,train
train,data/raw/kolektor-sdd2/train/12242.png,data/raw/kolektor-sdd2/train/12242_GT.png,True,631,229,3,0,non-defect,train
train,data/raw/kolektor-sdd2/train/12243.png,data/raw/kolektor-sdd2/train/12243_GT.png,True,624,229,3,0,non-defect,train
train,data/raw/kolektor-sdd2/train/12244.png,data/raw/kolektor-sdd2/train/12244_GT.png,True,620,229,3,1402,defect,validation
train,data/raw/kolektor-sdd2/train/12245.png,data/raw/kolektor-sdd2/train/12245_GT.png,True,637,230,3,3570,defect,train
train,data/raw/kolektor-sdd2/train/12246.png,data/raw/kolektor-sdd2/train/12246_GT.png,True,602,229,3,0,non-defect,train
train,data/raw/kolektor-sdd2/train/12247.png,data/raw/kolektor-sdd2/train/12247_GT.png,True,629,228,3,0,non-defect,validation
train,data/raw/kolektor-sdd2/train/12248.png,data/raw/kolektor-sdd2/train/12248_GT.png,True,635,229,3,0,non-defect,validation
train,data/raw/kolektor-sdd2/train/12249.png,data/raw/kolektor-sdd2/train/12249_GT.png,True,638,229,3,0,non-defect,validation
train,data/raw/kolektor-sdd2/train/12250.png,data/raw/kolektor-sdd2/train/12250_GT.png,True,607,228,3,0,non-defect,train
train,data/raw/kolektor-sdd2/train/12251.png,data/raw/kolektor-sdd2/train/12251_GT.png,True,640,228,3,0,non-defect,train
train,data/raw/kolektor-sdd2/train/12252.png,data/raw/kolektor-sdd2/train/12252_GT.png,True,635,229,3,0,non-defect,train
train,data/raw/kolektor-sdd2/train/12253.png,data/raw/kolektor-sdd2/train/12253_GT.png,True,632,228,3,0,non-defect,train
train,data/raw/kolektor-sdd2/train/12254.png,data/raw/kolektor-sdd2/train/12254_GT.png,True,640,228,3,0,non-defect,train
train,data/raw/kolektor-sdd2/train/12255.png,data/raw/kolektor-sdd2/train/12255_GT.png,True,616,230,3,1205,defect,train
train,data/raw/kolektor-sdd2/train/12256.png,data/raw/kolektor-sdd2/train/12256_GT.png,True,633,228,3,0,non-defect,validation
train,data/raw/kolektor-sdd2/train/12257.png,data/raw/kolektor-sdd2/train/12257_GT.png,True,631,230,3,0,non-defect,train
train,data/raw/kolektor-sdd2/train/12258.png,data/raw/kolektor-sdd2/train/12258_GT.png,True,627,229,3,0,non-defect,train
train,data/raw/kolektor-sdd2/train/12259.png,data/raw/kolektor-sdd2/train/12259_GT.png,True,637,209,3,0,non-defect,train
train,data/raw/kolektor-sdd2/train/12260.png,data/raw/kolektor-sdd2/train/12260_GT.png,True,632,230,3,0,non-defect,train
train,data/raw/kolektor-sdd2/train/12261.png,data/raw/kolektor-sdd2/train/12261_GT.png,True,631,230,3,0,non-defect,train
train,data/raw/kolektor-sdd2/train/12262.png,data/raw/kolektor-sdd2/train/12262_GT.png,True,634,230,3,0,non-defect,train
train,data/raw/kolektor-sdd2/train/12263.png,data/raw/kolektor-sdd2/train/12263_GT.png,True,633,228,3,0,non-defect,train
train,data/raw/kolektor-sdd2/train/12264.png,data/raw/kolektor-sdd2/train/12264_GT.png,True,636,230,3,0,non-defect,validation
train,data/raw/kolektor-sdd2/train/12265.png,data/raw/kolektor-sdd2/train/12265_GT.png,True,648,212,3,0,non-defect,train
train,data/raw/kolektor-sdd2/train/12266.png,data/raw/kolektor-sdd2/train/12266_GT.png,True,628,229,3,0,non-defect,train
train,data/raw/kolektor-sdd2/train/12267.png,data/raw/kolektor-sdd2/train/12267_GT.png,True,629,230,3,0,non-defect,train
train,data/raw/kolektor-sdd2/train/12268.png,data/raw/kolektor-sdd2/train/12268_GT.png,True,638,230,3,0,non-defect,train
train,data/raw/kolektor-sdd2/train/12269.png,data/raw/kolektor-sdd2/train/12269_GT.png,True,632,229,3,0,non-defect,train
train,data/raw/kolektor-sdd2/train/12270.png,data/raw/kolektor-sdd2/train/12270_GT.png,True,641,206,3,0,non-defect,train
train,data/raw/kolektor-sdd2/train/12271.png,data/raw/kolektor-sdd2/train/12271_GT.png,True,648,227,3,0,non-defect,train
train,data/raw/kolektor-sdd2/train/12272.png,data/raw/kolektor-sdd2/train/12272_GT.png,True,636,229,3,0,non-defect,train
train,data/raw/kolektor-sdd2/train/12273.png,data/raw/kolektor-sdd2/train/12273_GT.png,True,644,228,3,0,non-defect,train
train,data/raw/kolektor-sdd2/train/12274.png,data/raw/kolektor-sdd2/train/12274_GT.png,True,629,230,3,721,defect,train
train,data/raw/kolektor-sdd2/train/12275.png,data/raw/kolektor-sdd2/train/12275_GT.png,True,628,229,3,0,non-defect,train
train,data/raw/kolektor-sdd2/train/12276.png,data/raw/kolektor-sdd2/train/12276_GT.png,True,642,230,3,0,non-defect,validation
train,data/raw/kolektor-sdd2/train/12277.png,data/raw/kolektor-sdd2/train/12277_GT.png,True,646,229,3,0,non-defect,train
train,data/raw/kolektor-sdd2/train/12278.png,data/raw/kolektor-sdd2/train/12278_GT.png,True,628,229,3,0,non-defect,train
train,data/raw/kolektor-sdd2/train/12279.png,data/raw/kolektor-sdd2/train/12279_GT.png,True,643,231,3,0,non-defect,train
train,data/raw/kolektor-sdd2/train/12280.png,data/raw/kolektor-sdd2/train/12280_GT.png,True,614,230,3,0,non-defect,train
train,data/raw/kolektor-sdd2/train/12281.png,data/raw/kolektor-sdd2/train/12281_GT.png,True,630,230,3,0,non-defect,train
train,data/raw/kolektor-sdd2/train/12282.png,data/raw/kolektor-sdd2/train/12282_GT.png,True,636,229,3,0,non-defect,train
train,data/raw/kolektor-sdd2/train/12283.png,data/raw/kolektor-sdd2/train/12283_GT.png,True,638,229,3,0,non-defect,train
train,data/raw/kolektor-sdd2/train/12284.png,data/raw/kolektor-sdd2/train/12284_GT.png,True,638,231,3,0,non-defect,train
train,data/raw/kolektor-sdd2/train/12285.png,data/raw/kolektor-sdd2/train/12285_GT.png,True,626,230,3,0,non-defect,train
train,data/raw/kolektor-sdd2/train/12286.png,data/raw/kolektor-sdd2/train/12286_GT.png,True,624,229,3,0,non-defect,train
train,data/raw/kolektor-sdd2/train/12287.png,data/raw/kolektor-sdd2/train/12287_GT.png,True,633,231,3,2654,defect,train
train,data/raw/kolektor-sdd2/train/12288.png,data/raw/kolektor-sdd2/train/12288_GT.png,True,632,229,3,1938,defect,train
train,data/raw/kolektor-sdd2/train/12289.png,data/raw/kolektor-sdd2/train/12289_GT.png,True,635,230,3,0,non-defect,train
train,data/raw/kolektor-sdd2/train/12290.png,data/raw/kolektor-sdd2/train/12290_GT.png,True,619,229,3,0,non-defect,train
train,data/raw/kolektor-sdd2/train/12291.png,data/raw/kolektor-sdd2/train/12291_GT.png,True,629,229,3,0,non-defect,train
train,data/raw/kolektor-sdd2/train/12292.png,data/raw/kolektor-sdd2/train/12292_GT.png,True,632,230,3,0,non-defect,train
train,data/raw/kolektor-sdd2/train/12293.png,data/raw/kolektor-sdd2/train/12293_GT.png,True,627,233,3,0,non-defect,validation
train,data/raw/kolektor-sdd2/train/12294.png,data/raw/kolektor-sdd2/train/12294_GT.png,True,628,229,3,0,non-defect,train
train,data/raw/kolektor-sdd2/train/12295.png,data/raw/kolektor-sdd2/train/12295_GT.png,True,630,230,3,0,non-defect,train
train,data/raw/kolektor-sdd2/train/12296.png,data/raw/kolektor-sdd2/train/12296_GT.png,True,646,229,3,0,non-defect,train
train,data/raw/kolektor-sdd2/train/12297.png,data/raw/kolektor-sdd2/train/12297_GT.png,True,638,229,3,0,non-defect,train
train,data/raw/kolektor-sdd2/train/12298.png,data/raw/kolektor-sdd2/train/12298_GT.png,True,636,230,3,0,non-defect,train
train,data/raw/kolektor-sdd2/train/12299.png,data/raw/kolektor-sdd2/train/12299_GT.png,True,604,229,3,0,non-defect,validation
train,data/raw/kolektor-sdd2/train/12300.png,data/raw/kolektor-sdd2/train/12300_GT.png,True,628,230,3,0,non-defect,train
train,data/raw/kolektor-sdd2/train/12301.png,data/raw/kolektor-sdd2/train/12301_GT.png,True,638,229,3,3697,defect,train
train,data/raw/kolektor-sdd2/train/12302.png,data/raw/kolektor-sdd2/train/12302_GT.png,True,637,231,3,0,non-defect,validation
train,data/raw/kolektor-sdd2/train/12303.png,data/raw/kolektor-sdd2/train/12303_GT.png,True,640,232,3,13052,defect,train
train,data/raw/kolektor-sdd2/train/12304.png,data/raw/kolektor-sdd2/train/12304_GT.png,True,640,229,3,0,non-defect,train
train,data/raw/kolektor-sdd2/train/12305.png,data/raw/kolektor-sdd2/train/12305_GT.png,True,635,232,3,0,non-defect,train
train,data/raw/kolektor-sdd2/train/12306.png,data/raw/kolektor-sdd2/train/12306_GT.png,True,613,229,3,0,non-defect,validation
train,data/raw/kolektor-sdd2/train/12307.png,data/raw/kolektor-sdd2/train/12307_GT.png,True,649,230,3,0,non-defect,train
train,data/raw/kolektor-sdd2/train/12308.png,data/raw/kolektor-sdd2/train/12308_GT.png,True,639,229,3,0,non-defect,validation
train,data/raw/kolektor-sdd2/train/12309.png,data/raw/kolektor-sdd2/train/12309_GT.png,True,646,229,3,0,non-defect,validation
train,data/raw/kolektor-sdd2/train/12310.png,data/raw/kolektor-sdd2/train/12310_GT.png,True,630,232,3,0,non-defect,train
train,data/raw/kolektor-sdd2/train/12311.png,data/raw/kolektor-sdd2/train/12311_GT.png,True,637,227,3,0,non-defect,train
train,data/raw/kolektor-sdd2/train/12312.png,data/raw/kolektor-sdd2/train/12312_GT.png,True,638,229,3,0,non-defect,validation
train,data/raw/kolektor-sdd2/train/12313.png,data/raw/kolektor-sdd2/train/12313_GT.png,True,645,229,3,0,non-defect,train
train,data/raw/kolektor-sdd2/train/12314.png,data/raw/kolektor-sdd2/train/12314_GT.png,True,636,229,3,4355,defect,train
train,data/raw/kolektor-sdd2/train/12315.png,data/raw/kolektor-sdd2/train/12315_GT.png,True,631,229,3,3841,defect,train
train,data/raw/kolektor-sdd2/train/12316.png,data/raw/kolektor-sdd2/train/12316_GT.png,True,610,229,3,0,non-defect,train
train,data/raw/kolektor-sdd2/train/12317.png,data/raw/kolektor-sdd2/train/12317_GT.png,True,635,233,3,2652,defect,train
train,data/raw/kolektor-sdd2/train/12318.png,data/raw/kolektor-sdd2/train/12318_GT.png,True,630,230,3,0,non-defect,validation
train,data/raw/kolektor-sdd2/train/12319.png,data/raw/kolektor-sdd2/train/12319_GT.png,True,632,230,3,0,non-defect,train
train,data/raw/kolektor-sdd2/train/12320.png,data/raw/kolektor-sdd2/train/12320_GT.png,True,638,230,3,0,non-defect,train
train,data/raw/kolektor-sdd2/train/12321.png,data/raw/kolektor-sdd2/train/12321_GT.png,True,618,230,3,0,non-defect,train
train,data/raw/kolektor-sdd2/train/12322.png,data/raw/kolektor-sdd2/train/12322_GT.png,True,630,230,3,0,non-defect,train
train,data/raw/kolektor-sdd2/train/12323.png,data/raw/kolektor-sdd2/train/12323_GT.png,True,658,230,3,0,non-defect,train
train,data/raw/kolektor-sdd2/train/12324.png,data/raw/kolektor-sdd2/train/12324_GT.png,True,642,230,3,0,non-defect,train
train,data/raw/kolektor-sdd2/train/12325.png,data/raw/kolektor-sdd2/train/12325_GT.png,True,627,228,3,0,non-defect,train
train,data/raw/kolektor-sdd2/train/12326.png,data/raw/kolektor-sdd2/train/12326_GT.png,True,629,228,3,0,non-defect,train
train,data/raw/kolektor-sdd2/train/12327.png,data/raw/kolektor-sdd2/train/12327_GT.png,True,634,232,3,0,non-defect,train
train,data/raw/kolektor-sdd2/train/12328.png,data/raw/kolektor-sdd2/train/12328_GT.png,True,633,230,3,0,non-defect,train
train,data/raw/kolektor-sdd2/train/12329.png,data/raw/kolektor-sdd2/train/12329_GT.png,True,607,229,3,0,non-defect,validation
train,data/raw/kolektor-sdd2/train/12330.png,data/raw/kolektor-sdd2/train/12330_GT.png,True,606,229,3,0,non-defect,validation
test,data/raw/kolektor-sdd2/test/20000.png,data/raw/kolektor-sdd2/test/20000_GT.png,True,636,231,3,0,non-defect,test
test,data/raw/kolektor-sdd2/test/20001.png,data/raw/kolektor-sdd2/test/20001_GT.png,True,642,231,3,0,non-defect,test
test,data/raw/kolektor-sdd2/test/20002.png,data/raw/kolektor-sdd2/test/20002_GT.png,True,631,231,3,0,non-defect,test
test,data/raw/kolektor-sdd2/test/20003.png,data/raw/kolektor-sdd2/test/20003_GT.png,True,636,229,3,0,non-defect,test
test,data/raw/kolektor-sdd2/test/20004.png,data/raw/kolektor-sdd2/test/20004_GT.png,True,632,230,3,0,non-defect,test
test,data/raw/kolektor-sdd2/test/20005.png,data/raw/kolektor-sdd2/test/20005_GT.png,True,638,229,3,0,non-defect,test
test,data/raw/kolektor-sdd2/test/20006.png,data/raw/kolektor-sdd2/test/20006_GT.png,True,641,228,3,0,non-defect,test
test,data/raw/kolektor-sdd2/test/20007.png,data/raw/kolektor-sdd2/test/20007_GT.png,True,626,229,3,0,non-defect,test
test,data/raw/kolektor-sdd2/test/20008.png,data/raw/kolektor-sdd2/test/20008_GT.png,True,639,229,3,0,non-defect,test
test,data/raw/kolektor-sdd2/test/20009.png,data/raw/kolektor-sdd2/test/20009_GT.png,True,640,230,3,0,non-defect,test
test,data/raw/kolektor-sdd2/test/20010.png,data/raw/kolektor-sdd2/test/20010_GT.png,True,635,230,3,0,non-defect,test
test,data/raw/kolektor-sdd2/test/20011.png,data/raw/kolektor-sdd2/test/20011_GT.png,True,645,230,3,0,non-defect,test
test,data/raw/kolektor-sdd2/test/20012.png,data/raw/kolektor-sdd2/test/20012_GT.png,True,642,231,3,0,non-defect,test
test,data/raw/kolektor-sdd2/test/20013.png,data/raw/kolektor-sdd2/test/20013_GT.png,True,634,228,3,0,non-defect,test
test,data/raw/kolektor-sdd2/test/20014.png,data/raw/kolektor-sdd2/test/20014_GT.png,True,633,229,3,0,non-defect,test
test,data/raw/kolektor-sdd2/test/20015.png,data/raw/kolektor-sdd2/test/20015_GT.png,True,624,229,3,0,non-defect,test
test,data/raw/kolektor-sdd2/test/20016.png,data/raw/kolektor-sdd2/test/20016_GT.png,True,640,231,3,0,non-defect,test
test,data/raw/kolektor-sdd2/test/20017.png,data/raw/kolektor-sdd2/test/20017_GT.png,True,639,215,3,0,non-defect,test
test,data/raw/kolektor-sdd2/test/20018.png,data/raw/kolektor-sdd2/test/20018_GT.png,True,640,231,3,0,non-defect,test
test,data/raw/kolektor-sdd2/test/20019.png,data/raw/kolektor-sdd2/test/20019_GT.png,True,642,229,3,0,non-defect,test
test,data/raw/kolektor-sdd2/test/20020.png,data/raw/kolektor-sdd2/test/20020_GT.png,True,636,226,3,0,non-defect,test
test,data/raw/kolektor-sdd2/test/20021.png,data/raw/kolektor-sdd2/test/20021_GT.png,True,638,229,3,0,non-defect,test
test,data/raw/kolektor-sdd2/test/20022.png,data/raw/kolektor-sdd2/test/20022_GT.png,True,640,231,3,0,non-defect,test
test,data/raw/kolektor-sdd2/test/20023.png,data/raw/kolektor-sdd2/test/20023_GT.png,True,633,230,3,0,non-defect,test
test,data/raw/kolektor-sdd2/test/20024.png,data/raw/kolektor-sdd2/test/20024_GT.png,True,647,210,3,0,non-defect,test
test,data/raw/kolektor-sdd2/test/20025.png,data/raw/kolektor-sdd2/test/20025_GT.png,True,633,229,3,0,non-defect,test
test,data/raw/kolektor-sdd2/test/20026.png,data/raw/kolektor-sdd2/test/20026_GT.png,True,640,228,3,0,non-defect,test
test,data/raw/kolektor-sdd2/test/20027.png,data/raw/kolektor-sdd2/test/20027_GT.png,True,638,230,3,0,non-defect,test
test,data/raw/kolektor-sdd2/test/20028.png,data/raw/kolektor-sdd2/test/20028_GT.png,True,631,229,3,0,non-defect,test
test,data/raw/kolektor-sdd2/test/20029.png,data/raw/kolektor-sdd2/test/20029_GT.png,True,639,227,3,0,non-defect,test
test,data/raw/kolektor-sdd2/test/20030.png,data/raw/kolektor-sdd2/test/20030_GT.png,True,641,228,3,0,non-defect,test
test,data/raw/kolektor-sdd2/test/20031.png,data/raw/kolektor-sdd2/test/20031_GT.png,True,635,231,3,0,non-defect,test
test,data/raw/kolektor-sdd2/test/20032.png,data/raw/kolektor-sdd2/test/20032_GT.png,True,636,229,3,0,non-defect,test
test,data/raw/kolektor-sdd2/test/20033.png,data/raw/kolektor-sdd2/test/20033_GT.png,True,639,230,3,0,non-defect,test
test,data/raw/kolektor-sdd2/test/20034.png,data/raw/kolektor-sdd2/test/20034_GT.png,True,630,230,3,0,non-defect,test
test,data/raw/kolektor-sdd2/test/20035.png,data/raw/kolektor-sdd2/test/20035_GT.png,True,638,229,3,0,non-defect,test
test,data/raw/kolektor-sdd2/test/20036.png,data/raw/kolektor-sdd2/test/20036_GT.png,True,646,229,3,0,non-defect,test
test,data/raw/kolektor-sdd2/test/20037.png,data/raw/kolektor-sdd2/test/20037_GT.png,True,625,206,3,0,non-defect,test
test,data/raw/kolektor-sdd2/test/20038.png,data/raw/kolektor-sdd2/test/20038_GT.png,True,637,230,3,0,non-defect,test
test,data/raw/kolektor-sdd2/test/20039.png,data/raw/kolektor-sdd2/test/20039_GT.png,True,639,232,3,0,non-defect,test
test,data/raw/kolektor-sdd2/test/20040.png,data/raw/kolektor-sdd2/test/20040_GT.png,True,634,229,3,0,non-defect,test
test,data/raw/kolektor-sdd2/test/20041.png,data/raw/kolektor-sdd2/test/20041_GT.png,True,630,229,3,0,non-defect,test
test,data/raw/kolektor-sdd2/test/20042.png,data/raw/kolektor-sdd2/test/20042_GT.png,True,624,227,3,5529,defect,test
test,data/raw/kolektor-sdd2/test/20043.png,data/raw/kolektor-sdd2/test/20043_GT.png,True,644,229,3,0,non-defect,test
test,data/raw/kolektor-sdd2/test/20044.png,data/raw/kolektor-sdd2/test/20044_GT.png,True,633,230,3,0,non-defect,test
test,data/raw/kolektor-sdd2/test/20045.png,data/raw/kolektor-sdd2/test/20045_GT.png,True,637,229,3,0,non-defect,test
test,data/raw/kolektor-sdd2/test/20046.png,data/raw/kolektor-sdd2/test/20046_GT.png,True,633,228,3,0,non-defect,test
test,data/raw/kolektor-sdd2/test/20047.png,data/raw/kolektor-sdd2/test/20047_GT.png,True,636,232,3,0,non-defect,test
test,data/raw/kolektor-sdd2/test/20048.png,data/raw/kolektor-sdd2/test/20048_GT.png,True,632,228,3,0,non-defect,test
test,data/raw/kolektor-sdd2/test/20049.png,data/raw/kolektor-sdd2/test/20049_GT.png,True,628,229,3,0,non-defect,test
test,data/raw/kolektor-sdd2/test/20050.png,data/raw/kolektor-sdd2/test/20050_GT.png,True,638,229,3,0,non-defect,test
test,data/raw/kolektor-sdd2/test/20051.png,data/raw/kolektor-sdd2/test/20051_GT.png,True,634,230,3,0,non-defect,test
test,data/raw/kolektor-sdd2/test/20052.png,data/raw/kolektor-sdd2/test/20052_GT.png,True,634,230,3,0,non-defect,test
test,data/raw/kolektor-sdd2/test/20053.png,data/raw/kolektor-sdd2/test/20053_GT.png,True,635,229,3,0,non-defect,test
test,data/raw/kolektor-sdd2/test/20054.png,data/raw/kolektor-sdd2/test/20054_GT.png,True,654,230,3,0,non-defect,test
test,data/raw/kolektor-sdd2/test/20055.png,data/raw/kolektor-sdd2/test/20055_GT.png,True,645,232,3,0,non-defect,test
test,data/raw/kolektor-sdd2/test/20056.png,data/raw/kolektor-sdd2/test/20056_GT.png,True,648,230,3,1564,defect,test
test,data/raw/kolektor-sdd2/test/20057.png,data/raw/kolektor-sdd2/test/20057_GT.png,True,665,230,3,0,non-defect,test
test,data/raw/kolektor-sdd2/test/20058.png,data/raw/kolektor-sdd2/test/20058_GT.png,True,642,232,3,0,non-defect,test
test,data/raw/kolektor-sdd2/test/20059.png,data/raw/kolektor-sdd2/test/20059_GT.png,True,618,230,3,0,non-defect,test
test,data/raw/kolektor-sdd2/test/20060.png,data/raw/kolektor-sdd2/test/20060_GT.png,True,633,230,3,0,non-defect,test
test,data/raw/kolektor-sdd2/test/20061.png,data/raw/kolektor-sdd2/test/20061_GT.png,True,636,231,3,0,non-defect,test
test,data/raw/kolektor-sdd2/test/20062.png,data/raw/kolektor-sdd2/test/20062_GT.png,True,635,211,3,0,non-defect,test
test,data/raw/kolektor-sdd2/test/20063.png,data/raw/kolektor-sdd2/test/20063_GT.png,True,634,232,3,0,non-defect,test
test,data/raw/kolektor-sdd2/test/20064.png,data/raw/kolektor-sdd2/test/20064_GT.png,True,637,229,3,0,non-defect,test
test,data/raw/kolektor-sdd2/test/20065.png,data/raw/kolektor-sdd2/test/20065_GT.png,True,631,229,3,0,non-defect,test
test,data/raw/kolektor-sdd2/test/20066.png,data/raw/kolektor-sdd2/test/20066_GT.png,True,636,230,3,0,non-defect,test
test,data/raw/kolektor-sdd2/test/20067.png,data/raw/kolektor-sdd2/test/20067_GT.png,True,650,230,3,0,non-defect,test
test,data/raw/kolektor-sdd2/test/20068.png,data/raw/kolektor-sdd2/test/20068_GT.png,True,637,230,3,2321,defect,test
test,data/raw/kolektor-sdd2/test/20069.png,data/raw/kolektor-sdd2/test/20069_GT.png,True,637,229,3,0,non-defect,test
test,data/raw/kolektor-sdd2/test/20070.png,data/raw/kolektor-sdd2/test/20070_GT.png,True,633,230,3,0,non-defect,test
test,data/raw/kolektor-sdd2/test/20071.png,data/raw/kolektor-sdd2/test/20071_GT.png,True,637,229,3,0,non-defect,test
test,data/raw/kolektor-sdd2/test/20072.png,data/raw/kolektor-sdd2/test/20072_GT.png,True,634,228,3,0,non-defect,test
test,data/raw/kolektor-sdd2/test/20073.png,data/raw/kolektor-sdd2/test/20073_GT.png,True,637,230,3,0,non-defect,test
test,data/raw/kolektor-sdd2/test/20074.png,data/raw/kolektor-sdd2/test/20074_GT.png,True,636,229,3,0,non-defect,test
test,data/raw/kolektor-sdd2/test/20075.png,data/raw/kolektor-sdd2/test/20075_GT.png,True,637,229,3,0,non-defect,test
test,data/raw/kolektor-sdd2/test/20076.png,data/raw/kolektor-sdd2/test/20076_GT.png,True,650,229,3,0,non-defect,test
test,data/raw/kolektor-sdd2/test/20077.png,data/raw/kolektor-sdd2/test/20077_GT.png,True,639,230,3,0,non-defect,test
test,data/raw/kolektor-sdd2/test/20078.png,data/raw/kolektor-sdd2/test/20078_GT.png,True,641,231,3,0,non-defect,test
test,data/raw/kolektor-sdd2/test/20079.png,data/raw/kolektor-sdd2/test/20079_GT.png,True,641,226,3,0,non-defect,test
test,data/raw/kolektor-sdd2/test/20080.png,data/raw/kolektor-sdd2/test/20080_GT.png,True,631,228,3,0,non-defect,test
test,data/raw/kolektor-sdd2/test/20081.png,data/raw/kolektor-sdd2/test/20081_GT.png,True,635,228,3,0,non-defect,test
test,data/raw/kolektor-sdd2/test/20082.png,data/raw/kolektor-sdd2/test/20082_GT.png,True,638,230,3,0,non-defect,test
test,data/raw/kolektor-sdd2/test/20083.png,data/raw/kolektor-sdd2/test/20083_GT.png,True,648,228,3,0,non-defect,test
test,data/raw/kolektor-sdd2/test/20084.png,data/raw/kolektor-sdd2/test/20084_GT.png,True,639,229,3,4492,defect,test
test,data/raw/kolektor-sdd2/test/20085.png,data/raw/kolektor-sdd2/test/20085_GT.png,True,635,228,3,0,non-defect,test
test,data/raw/kolektor-sdd2/test/20086.png,data/raw/kolektor-sdd2/test/20086_GT.png,True,651,231,3,0,non-defect,test
test,data/raw/kolektor-sdd2/test/20087.png,data/raw/kolektor-sdd2/test/20087_GT.png,True,641,230,3,0,non-defect,test
test,data/raw/kolektor-sdd2/test/20088.png,data/raw/kolektor-sdd2/test/20088_GT.png,True,639,229,3,0,non-defect,test
test,data/raw/kolektor-sdd2/test/20089.png,data/raw/kolektor-sdd2/test/20089_GT.png,True,633,229,3,0,non-defect,test
test,data/raw/kolektor-sdd2/test/20090.png,data/raw/kolektor-sdd2/test/20090_GT.png,True,636,230,3,0,non-defect,test
test,data/raw/kolektor-sdd2/test/20091.png,data/raw/kolektor-sdd2/test/20091_GT.png,True,650,229,3,0,non-defect,test
test,data/raw/kolektor-sdd2/test/20092.png,data/raw/kolektor-sdd2/test/20092_GT.png,True,631,232,3,0,non-defect,test
test,data/raw/kolektor-sdd2/test/20093.png,data/raw/kolektor-sdd2/test/20093_GT.png,True,640,228,3,0,non-defect,test
test,data/raw/kolektor-sdd2/test/20094.png,data/raw/kolektor-sdd2/test/20094_GT.png,True,633,230,3,0,non-defect,test
test,data/raw/kolektor-sdd2/test/20095.png,data/raw/kolektor-sdd2/test/20095_GT.png,True,645,231,3,4457,defect,test
test,data/raw/kolektor-sdd2/test/20096.png,data/raw/kolektor-sdd2/test/20096_GT.png,True,636,229,3,0,non-defect,test
test,data/raw/kolektor-sdd2/test/20097.png,data/raw/kolektor-sdd2/test/20097_GT.png,True,636,230,3,0,non-defect,test
test,data/raw/kolektor-sdd2/test/20098.png,data/raw/kolektor-sdd2/test/20098_GT.png,True,633,226,3,0,non-defect,test
test,data/raw/kolektor-sdd2/test/20099.png,data/raw/kolektor-sdd2/test/20099_GT.png,True,637,230,3,3785,defect,test
test,data/raw/kolektor-sdd2/test/20100.png,data/raw/kolektor-sdd2/test/20100_GT.png,True,644,230,3,0,non-defect,test
test,data/raw/kolektor-sdd2/test/20101.png,data/raw/kolektor-sdd2/test/20101_GT.png,True,638,229,3,0,non-defect,test
test,data/raw/kolektor-sdd2/test/20102.png,data/raw/kolektor-sdd2/test/20102_GT.png,True,639,229,3,0,non-defect,test
test,data/raw/kolektor-sdd2/test/20103.png,data/raw/kolektor-sdd2/test/20103_GT.png,True,650,229,3,0,non-defect,test
test,data/raw/kolektor-sdd2/test/20104.png,data/raw/kolektor-sdd2/test/20104_GT.png,True,636,230,3,0,non-defect,test
test,data/raw/kolektor-sdd2/test/20105.png,data/raw/kolektor-sdd2/test/20105_GT.png,True,636,229,3,0,non-defect,test
test,data/raw/kolektor-sdd2/test/20106.png,data/raw/kolektor-sdd2/test/20106_GT.png,True,651,230,3,0,non-defect,test
test,data/raw/kolektor-sdd2/test/20107.png,data/raw/kolektor-sdd2/test/20107_GT.png,True,638,230,3,0,non-defect,test
test,data/raw/kolektor-sdd2/test/20108.png,data/raw/kolektor-sdd2/test/20108_GT.png,True,638,229,3,0,non-defect,test
test,data/raw/kolektor-sdd2/test/20109.png,data/raw/kolektor-sdd2/test/20109_GT.png,True,631,229,3,0,non-defect,test
test,data/raw/kolektor-sdd2/test/20110.png,data/raw/kolektor-sdd2/test/20110_GT.png,True,631,232,3,0,non-defect,test
test,data/raw/kolektor-sdd2/test/20111.png,data/raw/kolektor-sdd2/test/20111_GT.png,True,615,233,3,0,non-defect,test
test,data/raw/kolektor-sdd2/test/20112.png,data/raw/kolektor-sdd2/test/20112_GT.png,True,642,230,3,0,non-defect,test
test,data/raw/kolektor-sdd2/test/20113.png,data/raw/kolektor-sdd2/test/20113_GT.png,True,634,229,3,0,non-defect,test
test,data/raw/kolektor-sdd2/test/20114.png,data/raw/kolektor-sdd2/test/20114_GT.png,True,645,230,3,0,non-defect,test
test,data/raw/kolektor-sdd2/test/20115.png,data/raw/kolektor-sdd2/test/20115_GT.png,True,625,228,3,0,non-defect,test
test,data/raw/kolektor-sdd2/test/20116.png,data/raw/kolektor-sdd2/test/20116_GT.png,True,630,233,3,0,non-defect,test
test,data/raw/kolektor-sdd2/test/20117.png,data/raw/kolektor-sdd2/test/20117_GT.png,True,639,231,3,3272,defect,test
test,data/raw/kolektor-sdd2/test/20118.png,data/raw/kolektor-sdd2/test/20118_GT.png,True,637,229,3,5000,defect,test
test,data/raw/kolektor-sdd2/test/20119.png,data/raw/kolektor-sdd2/test/20119_GT.png,True,638,228,3,0,non-defect,test
test,data/raw/kolektor-sdd2/test/20120.png,data/raw/kolektor-sdd2/test/20120_GT.png,True,637,231,3,0,non-defect,test
test,data/raw/kolektor-sdd2/test/20121.png,data/raw/kolektor-sdd2/test/20121_GT.png,True,645,229,3,6609,defect,test
test,data/raw/kolektor-sdd2/test/20122.png,data/raw/kolektor-sdd2/test/20122_GT.png,True,629,230,3,0,non-defect,test
test,data/raw/kolektor-sdd2/test/20123.png,data/raw/kolektor-sdd2/test/20123_GT.png,True,621,218,3,0,non-defect,test
test,data/raw/kolektor-sdd2/test/20124.png,data/raw/kolektor-sdd2/test/20124_GT.png,True,637,234,3,0,non-defect,test
test,data/raw/kolektor-sdd2/test/20125.png,data/raw/kolektor-sdd2/test/20125_GT.png,True,633,235,3,2144,defect,test
test,data/raw/kolektor-sdd2/test/20126.png,data/raw/kolektor-sdd2/test/20126_GT.png,True,627,232,3,0,non-defect,test
test,data/raw/kolektor-sdd2/test/20127.png,data/raw/kolektor-sdd2/test/20127_GT.png,True,631,234,3,0,non-defect,test
test,data/raw/kolektor-sdd2/test/20128.png,data/raw/kolektor-sdd2/test/20128_GT.png,True,628,227,3,0,non-defect,test
test,data/raw/kolektor-sdd2/test/20129.png,data/raw/kolektor-sdd2/test/20129_GT.png,True,626,228,3,2062,defect,test
test,data/raw/kolektor-sdd2/test/20130.png,data/raw/kolektor-sdd2/test/20130_GT.png,True,637,228,3,1282,defect,test
test,data/raw/kolektor-sdd2/test/20131.png,data/raw/kolektor-sdd2/test/20131_GT.png,True,643,231,3,0,non-defect,test
test,data/raw/kolektor-sdd2/test/20132.png,data/raw/kolektor-sdd2/test/20132_GT.png,True,639,229,3,0,non-defect,test
test,data/raw/kolektor-sdd2/test/20133.png,data/raw/kolektor-sdd2/test/20133_GT.png,True,640,228,3,0,non-defect,test
test,data/raw/kolektor-sdd2/test/20134.png,data/raw/kolektor-sdd2/test/20134_GT.png,True,636,230,3,0,non-defect,test
test,data/raw/kolektor-sdd2/test/20135.png,data/raw/kolektor-sdd2/test/20135_GT.png,True,650,216,3,0,non-defect,test
test,data/raw/kolektor-sdd2/test/20136.png,data/raw/kolektor-sdd2/test/20136_GT.png,True,634,229,3,0,non-defect,test
test,data/raw/kolektor-sdd2/test/20137.png,data/raw/kolektor-sdd2/test/20137_GT.png,True,631,227,3,0,non-defect,test
test,data/raw/kolektor-sdd2/test/20138.png,data/raw/kolektor-sdd2/test/20138_GT.png,True,638,231,3,0,non-defect,test
test,data/raw/kolektor-sdd2/test/20139.png,data/raw/kolektor-sdd2/test/20139_GT.png,True,634,211,3,559,defect,test
test,data/raw/kolektor-sdd2/test/20140.png,data/raw/kolektor-sdd2/test/20140_GT.png,True,635,231,3,0,non-defect,test
test,data/raw/kolektor-sdd2/test/20141.png,data/raw/kolektor-sdd2/test/20141_GT.png,True,627,229,3,3268,defect,test
test,data/raw/kolektor-sdd2/test/20142.png,data/raw/kolektor-sdd2/test/20142_GT.png,True,637,229,3,1763,defect,test
test,data/raw/kolektor-sdd2/test/20143.png,data/raw/kolektor-sdd2/test/20143_GT.png,True,639,228,3,0,non-defect,test
test,data/raw/kolektor-sdd2/test/20144.png,data/raw/kolektor-sdd2/test/20144_GT.png,True,635,229,3,0,non-defect,test
test,data/raw/kolektor-sdd2/test/20145.png,data/raw/kolektor-sdd2/test/20145_GT.png,True,629,229,3,0,non-defect,test
test,data/raw/kolektor-sdd2/test/20146.png,data/raw/kolektor-sdd2/test/20146_GT.png,True,636,230,3,0,non-defect,test
test,data/raw/kolektor-sdd2/test/20147.png,data/raw/kolektor-sdd2/test/20147_GT.png,True,636,224,3,0,non-defect,test
test,data/raw/kolektor-sdd2/test/20148.png,data/raw/kolektor-sdd2/test/20148_GT.png,True,630,230,3,0,non-defect,test
test,data/raw/kolektor-sdd2/test/20149.png,data/raw/kolektor-sdd2/test/20149_GT.png,True,648,231,3,0,non-defect,test
test,data/raw/kolektor-sdd2/test/20150.png,data/raw/kolektor-sdd2/test/20150_GT.png,True,638,226,3,0,non-defect,test
test,data/raw/kolektor-sdd2/test/20151.png,data/raw/kolektor-sdd2/test/20151_GT.png,True,640,233,3,0,non-defect,test
test,data/raw/kolektor-sdd2/test/20152.png,data/raw/kolektor-sdd2/test/20152_GT.png,True,627,228,3,0,non-defect,test
test,data/raw/kolektor-sdd2/test/20153.png,data/raw/kolektor-sdd2/test/20153_GT.png,True,639,226,3,0,non-defect,test
test,data/raw/kolektor-sdd2/test/20154.png,data/raw/kolektor-sdd2/test/20154_GT.png,True,633,226,3,0,non-defect,test
test,data/raw/kolektor-sdd2/test/20155.png,data/raw/kolektor-sdd2/test/20155_GT.png,True,633,230,3,1002,defect,test
test,data/raw/kolektor-sdd2/test/20156.png,data/raw/kolektor-sdd2/test/20156_GT.png,True,632,227,3,0,non-defect,test
test,data/raw/kolektor-sdd2/test/20157.png,data/raw/kolektor-sdd2/test/20157_GT.png,True,634,216,3,0,non-defect,test
test,data/raw/kolektor-sdd2/test/20158.png,data/raw/kolektor-sdd2/test/20158_GT.png,True,641,229,3,17472,defect,test
test,data/raw/kolektor-sdd2/test/20159.png,data/raw/kolektor-sdd2/test/20159_GT.png,True,632,233,3,755,defect,test
test,data/raw/kolektor-sdd2/test/20160.png,data/raw/kolektor-sdd2/test/20160_GT.png,True,636,231,3,0,non-defect,test
test,data/raw/kolektor-sdd2/test/20161.png,data/raw/kolektor-sdd2/test/20161_GT.png,True,629,233,3,0,non-defect,test
test,data/raw/kolektor-sdd2/test/20162.png,data/raw/kolektor-sdd2/test/20162_GT.png,True,648,233,3,0,non-defect,test
test,data/raw/kolektor-sdd2/test/20163.png,data/raw/kolektor-sdd2/test/20163_GT.png,True,643,228,3,0,non-defect,test
test,data/raw/kolektor-sdd2/test/20164.png,data/raw/kolektor-sdd2/test/20164_GT.png,True,634,230,3,0,non-defect,test
test,data/raw/kolektor-sdd2/test/20165.png,data/raw/kolektor-sdd2/test/20165_GT.png,True,632,228,3,0,non-defect,test
test,data/raw/kolektor-sdd2/test/20166.png,data/raw/kolektor-sdd2/test/20166_GT.png,True,644,228,3,0,non-defect,test
test,data/raw/kolektor-sdd2/test/20167.png,data/raw/kolektor-sdd2/test/20167_GT.png,True,640,231,3,0,non-defect,test
test,data/raw/kolektor-sdd2/test/20168.png,data/raw/kolektor-sdd2/test/20168_GT.png,True,634,230,3,0,non-defect,test
test,data/raw/kolektor-sdd2/test/20169.png,data/raw/kolektor-sdd2/test/20169_GT.png,True,648,231,3,0,non-defect,test
test,data/raw/kolektor-sdd2/test/20170.png,data/raw/kolektor-sdd2/test/20170_GT.png,True,649,236,3,0,non-defect,test
test,data/raw/kolektor-sdd2/test/20171.png,data/raw/kolektor-sdd2/test/20171_GT.png,True,619,227,3,0,non-defect,test
test,data/raw/kolektor-sdd2/test/20172.png,data/raw/kolektor-sdd2/test/20172_GT.png,True,630,229,3,2273,defect,test
test,data/raw/kolektor-sdd2/test/20173.png,data/raw/kolektor-sdd2/test/20173_GT.png,True,633,218,3,0,non-defect,test
test,data/raw/kolektor-sdd2/test/20174.png,data/raw/kolektor-sdd2/test/20174_GT.png,True,642,232,3,0,non-defect,test
test,data/raw/kolektor-sdd2/test/20175.png,data/raw/kolektor-sdd2/test/20175_GT.png,True,625,223,3,939,defect,test
test,data/raw/kolektor-sdd2/test/20176.png,data/raw/kolektor-sdd2/test/20176_GT.png,True,646,233,3,0,non-defect,test
test,data/raw/kolektor-sdd2/test/20177.png,data/raw/kolektor-sdd2/test/20177_GT.png,True,647,230,3,819,defect,test
test,data/raw/kolektor-sdd2/test/20178.png,data/raw/kolektor-sdd2/test/20178_GT.png,True,638,228,3,0,non-defect,test
test,data/raw/kolektor-sdd2/test/20179.png,data/raw/kolektor-sdd2/test/20179_GT.png,True,640,229,3,0,non-defect,test
test,data/raw/kolektor-sdd2/test/20180.png,data/raw/kolektor-sdd2/test/20180_GT.png,True,643,234,3,0,non-defect,test
test,data/raw/kolektor-sdd2/test/20181.png,data/raw/kolektor-sdd2/test/20181_GT.png,True,638,227,3,0,non-defect,test
test,data/raw/kolektor-sdd2/test/20182.png,data/raw/kolektor-sdd2/test/20182_GT.png,True,651,231,3,0,non-defect,test
test,data/raw/kolektor-sdd2/test/20183.png,data/raw/kolektor-sdd2/test/20183_GT.png,True,636,230,3,0,non-defect,test
test,data/raw/kolektor-sdd2/test/20184.png,data/raw/kolektor-sdd2/test/20184_GT.png,True,635,227,3,0,non-defect,test
test,data/raw/kolektor-sdd2/test/20185.png,data/raw/kolektor-sdd2/test/20185_GT.png,True,637,232,3,0,non-defect,test
test,data/raw/kolektor-sdd2/test/20186.png,data/raw/kolektor-sdd2/test/20186_GT.png,True,632,231,3,0,non-defect,test
test,data/raw/kolektor-sdd2/test/20187.png,data/raw/kolektor-sdd2/test/20187_GT.png,True,634,230,3,0,non-defect,test
test,data/raw/kolektor-sdd2/test/20188.png,data/raw/kolektor-sdd2/test/20188_GT.png,True,641,225,3,0,non-defect,test
test,data/raw/kolektor-sdd2/test/20189.png,data/raw/kolektor-sdd2/test/20189_GT.png,True,641,230,3,0,non-defect,test
test,data/raw/kolektor-sdd2/test/20190.png,data/raw/kolektor-sdd2/test/20190_GT.png,True,640,236,3,4865,defect,test
test,data/raw/kolektor-sdd2/test/20191.png,data/raw/kolektor-sdd2/test/20191_GT.png,True,635,229,3,0,non-defect,test
test,data/raw/kolektor-sdd2/test/20192.png,data/raw/kolektor-sdd2/test/20192_GT.png,True,636,229,3,0,non-defect,test
test,data/raw/kolektor-sdd2/test/20193.png,data/raw/kolektor-sdd2/test/20193_GT.png,True,638,228,3,43869,defect,test
test,data/raw/kolektor-sdd2/test/20194.png,data/raw/kolektor-sdd2/test/20194_GT.png,True,643,226,3,0,non-defect,test
test,data/raw/kolektor-sdd2/test/20195.png,data/raw/kolektor-sdd2/test/20195_GT.png,True,644,229,3,0,non-defect,test
test,data/raw/kolektor-sdd2/test/20196.png,data/raw/kolektor-sdd2/test/20196_GT.png,True,628,229,3,0,non-defect,test
test,data/raw/kolektor-sdd2/test/20197.png,data/raw/kolektor-sdd2/test/20197_GT.png,True,630,233,3,0,non-defect,test
test,data/raw/kolektor-sdd2/test/20198.png,data/raw/kolektor-sdd2/test/20198_GT.png,True,628,233,3,0,non-defect,test
test,data/raw/kolektor-sdd2/test/20199.png,data/raw/kolektor-sdd2/test/20199_GT.png,True,644,229,3,0,non-defect,test
test,data/raw/kolektor-sdd2/test/20200.png,data/raw/kolektor-sdd2/test/20200_GT.png,True,644,228,3,0,non-defect,test
test,data/raw/kolektor-sdd2/test/20201.png,data/raw/kolektor-sdd2/test/20201_GT.png,True,626,228,3,0,non-defect,test
test,data/raw/kolektor-sdd2/test/20202.png,data/raw/kolektor-sdd2/test/20202_GT.png,True,637,231,3,0,non-defect,test
test,data/raw/kolektor-sdd2/test/20203.png,data/raw/kolektor-sdd2/test/20203_GT.png,True,638,231,3,0,non-defect,test
test,data/raw/kolektor-sdd2/test/20204.png,data/raw/kolektor-sdd2/test/20204_GT.png,True,641,232,3,4284,defect,test
test,data/raw/kolektor-sdd2/test/20205.png,data/raw/kolektor-sdd2/test/20205_GT.png,True,631,234,3,0,non-defect,test
test,data/raw/kolektor-sdd2/test/20206.png,data/raw/kolektor-sdd2/test/20206_GT.png,True,632,229,3,0,non-defect,test
test,data/raw/kolektor-sdd2/test/20207.png,data/raw/kolektor-sdd2/test/20207_GT.png,True,639,233,3,0,non-defect,test
test,data/raw/kolektor-sdd2/test/20208.png,data/raw/kolektor-sdd2/test/20208_GT.png,True,636,229,3,0,non-defect,test
test,data/raw/kolektor-sdd2/test/20209.png,data/raw/kolektor-sdd2/test/20209_GT.png,True,640,223,3,10058,defect,test
test,data/raw/kolektor-sdd2/test/20210.png,data/raw/kolektor-sdd2/test/20210_GT.png,True,640,233,3,0,non-defect,test
test,data/raw/kolektor-sdd2/test/20211.png,data/raw/kolektor-sdd2/test/20211_GT.png,True,639,234,3,0,non-defect,test
test,data/raw/kolektor-sdd2/test/20212.png,data/raw/kolektor-sdd2/test/20212_GT.png,True,639,230,3,0,non-defect,test
test,data/raw/kolektor-sdd2/test/20213.png,data/raw/kolektor-sdd2/test/20213_GT.png,True,629,232,3,0,non-defect,test
test,data/raw/kolektor-sdd2/test/20214.png,data/raw/kolektor-sdd2/test/20214_GT.png,True,630,232,3,0,non-defect,test
test,data/raw/kolektor-sdd2/test/20215.png,data/raw/kolektor-sdd2/test/20215_GT.png,True,633,233,3,0,non-defect,test
test,data/raw/kolektor-sdd2/test/20216.png,data/raw/kolektor-sdd2/test/20216_GT.png,True,631,228,3,0,non-defect,test
test,data/raw/kolektor-sdd2/test/20217.png,data/raw/kolektor-sdd2/test/20217_GT.png,True,640,230,3,1635,defect,test
test,data/raw/kolektor-sdd2/test/20218.png,data/raw/kolektor-sdd2/test/20218_GT.png,True,635,231,3,0,non-defect,test
test,data/raw/kolektor-sdd2/test/20219.png,data/raw/kolektor-sdd2/test/20219_GT.png,True,627,228,3,0,non-defect,test
test,data/raw/kolektor-sdd2/test/20220.png,data/raw/kolektor-sdd2/test/20220_GT.png,True,624,227,3,0,non-defect,test
test,data/raw/kolektor-sdd2/test/20221.png,data/raw/kolektor-sdd2/test/20221_GT.png,True,634,233,3,0,non-defect,test
test,data/raw/kolektor-sdd2/test/20222.png,data/raw/kolektor-sdd2/test/20222_GT.png,True,634,230,3,0,non-defect,test
test,data/raw/kolektor-sdd2/test/20223.png,data/raw/kolektor-sdd2/test/20223_GT.png,True,626,227,3,0,non-defect,test
test,data/raw/kolektor-sdd2/test/20224.png,data/raw/kolektor-sdd2/test/20224_GT.png,True,640,229,3,0,non-defect,test
test,data/raw/kolektor-sdd2/test/20225.png,data/raw/kolektor-sdd2/test/20225_GT.png,True,637,228,3,0,non-defect,test
test,data/raw/kolektor-sdd2/test/20226.png,data/raw/kolektor-sdd2/test/20226_GT.png,True,634,232,3,0,non-defect,test
test,data/raw/kolektor-sdd2/test/20227.png,data/raw/kolektor-sdd2/test/20227_GT.png,True,628,231,3,0,non-defect,test
test,data/raw/kolektor-sdd2/test/20228.png,data/raw/kolektor-sdd2/test/20228_GT.png,True,633,231,3,87,defect,test
test,data/raw/kolektor-sdd2/test/20229.png,data/raw/kolektor-sdd2/test/20229_GT.png,True,636,226,3,0,non-defect,test
test,data/raw/kolektor-sdd2/test/20230.png,data/raw/kolektor-sdd2/test/20230_GT.png,True,641,227,3,0,non-defect,test
test,data/raw/kolektor-sdd2/test/20231.png,data/raw/kolektor-sdd2/test/20231_GT.png,True,630,230,3,178,defect,test
test,data/raw/kolektor-sdd2/test/20232.png,data/raw/kolektor-sdd2/test/20232_GT.png,True,647,233,3,0,non-defect,test
test,data/raw/kolektor-sdd2/test/20233.png,data/raw/kolektor-sdd2/test/20233_GT.png,True,634,231,3,0,non-defect,test
test,data/raw/kolektor-sdd2/test/20234.png,data/raw/kolektor-sdd2/test/20234_GT.png,True,637,231,3,0,non-defect,test
test,data/raw/kolektor-sdd2/test/20235.png,data/raw/kolektor-sdd2/test/20235_GT.png,True,632,226,3,0,non-defect,test
test,data/raw/kolektor-sdd2/test/20236.png,data/raw/kolektor-sdd2/test/20236_GT.png,True,631,231,3,367,defect,test
test,data/raw/kolektor-sdd2/test/20237.png,data/raw/kolektor-sdd2/test/20237_GT.png,True,633,226,3,0,non-defect,test
test,data/raw/kolektor-sdd2/test/20238.png,data/raw/kolektor-sdd2/test/20238_GT.png,True,633,215,3,0,non-defect,test
test,data/raw/kolektor-sdd2/test/20239.png,data/raw/kolektor-sdd2/test/20239_GT.png,True,636,232,3,0,non-defect,test
test,data/raw/kolektor-sdd2/test/20240.png,data/raw/kolektor-sdd2/test/20240_GT.png,True,631,232,3,0,non-defect,test
test,data/raw/kolektor-sdd2/test/20241.png,data/raw/kolektor-sdd2/test/20241_GT.png,True,639,229,3,0,non-defect,test
test,data/raw/kolektor-sdd2/test/20242.png,data/raw/kolektor-sdd2/test/20242_GT.png,True,650,232,3,0,non-defect,test
test,data/raw/kolektor-sdd2/test/20243.png,data/raw/kolektor-sdd2/test/20243_GT.png,True,640,232,3,0,non-defect,test
test,data/raw/kolektor-sdd2/test/20244.png,data/raw/kolektor-sdd2/test/20244_GT.png,True,631,234,3,0,non-defect,test
test,data/raw/kolektor-sdd2/test/20245.png,data/raw/kolektor-sdd2/test/20245_GT.png,True,648,234,3,0,non-defect,test
test,data/raw/kolektor-sdd2/test/20246.png,data/raw/kolektor-sdd2/test/20246_GT.png,True,634,224,3,1383,defect,test
test,data/raw/kolektor-sdd2/test/20247.png,data/raw/kolektor-sdd2/test/20247_GT.png,True,639,230,3,0,non-defect,test
test,data/raw/kolektor-sdd2/test/20248.png,data/raw/kolektor-sdd2/test/20248_GT.png,True,642,233,3,0,non-defect,test
test,data/raw/kolektor-sdd2/test/20249.png,data/raw/kolektor-sdd2/test/20249_GT.png,True,640,236,3,0,non-defect,test
test,data/raw/kolektor-sdd2/test/20250.png,data/raw/kolektor-sdd2/test/20250_GT.png,True,641,226,3,0,non-defect,test
test,data/raw/kolektor-sdd2/test/20251.png,data/raw/kolektor-sdd2/test/20251_GT.png,True,639,230,3,0,non-defect,test
test,data/raw/kolektor-sdd2/test/20252.png,data/raw/kolektor-sdd2/test/20252_GT.png,True,639,232,3,0,non-defect,test
test,data/raw/kolektor-sdd2/test/20253.png,data/raw/kolektor-sdd2/test/20253_GT.png,True,636,232,3,0,non-defect,test
test,data/raw/kolektor-sdd2/test/20254.png,data/raw/kolektor-sdd2/test/20254_GT.png,True,633,229,3,0,non-defect,test
test,data/raw/kolektor-sdd2/test/20255.png,data/raw/kolektor-sdd2/test/20255_GT.png,True,624,222,3,0,non-defect,test
test,data/raw/kolektor-sdd2/test/20256.png,data/raw/kolektor-sdd2/test/20256_GT.png,True,620,216,3,0,non-defect,test
test,data/raw/kolektor-sdd2/test/20257.png,data/raw/kolektor-sdd2/test/20257_GT.png,True,641,229,3,0,non-defect,test
test,data/raw/kolektor-sdd2/test/20258.png,data/raw/kolektor-sdd2/test/20258_GT.png,True,642,232,3,0,non-defect,test
test,data/raw/kolektor-sdd2/test/20259.png,data/raw/kolektor-sdd2/test/20259_GT.png,True,628,227,3,323,defect,test
test,data/raw/kolektor-sdd2/test/20260.png,data/raw/kolektor-sdd2/test/20260_GT.png,True,639,224,3,0,non-defect,test
test,data/raw/kolektor-sdd2/test/20261.png,data/raw/kolektor-sdd2/test/20261_GT.png,True,631,231,3,0,non-defect,test
test,data/raw/kolektor-sdd2/test/20262.png,data/raw/kolektor-sdd2/test/20262_GT.png,True,638,231,3,0,non-defect,test
test,data/raw/kolektor-sdd2/test/20263.png,data/raw/kolektor-sdd2/test/20263_GT.png,True,640,235,3,0,non-defect,test
test,data/raw/kolektor-sdd2/test/20264.png,data/raw/kolektor-sdd2/test/20264_GT.png,True,629,228,3,3473,defect,test
test,data/raw/kolektor-sdd2/test/20265.png,data/raw/kolektor-sdd2/test/20265_GT.png,True,622,202,3,0,non-defect,test
test,data/raw/kolektor-sdd2/test/20266.png,data/raw/kolektor-sdd2/test/20266_GT.png,True,657,233,3,0,non-defect,test
test,data/raw/kolektor-sdd2/test/20267.png,data/raw/kolektor-sdd2/test/20267_GT.png,True,634,229,3,0,non-defect,test
test,data/raw/kolektor-sdd2/test/20268.png,data/raw/kolektor-sdd2/test/20268_GT.png,True,631,225,3,0,non-defect,test
test,data/raw/kolektor-sdd2/test/20269.png,data/raw/kolektor-sdd2/test/20269_GT.png,True,637,230,3,0,non-defect,test
test,data/raw/kolektor-sdd2/test/20270.png,data/raw/kolektor-sdd2/test/20270_GT.png,True,631,226,3,0,non-defect,test
test,data/raw/kolektor-sdd2/test/20271.png,data/raw/kolektor-sdd2/test/20271_GT.png,True,648,232,3,0,non-defect,test
test,data/raw/kolektor-sdd2/test/20272.png,data/raw/kolektor-sdd2/test/20272_GT.png,True,634,237,3,0,non-defect,test
test,data/raw/kolektor-sdd2/test/20273.png,data/raw/kolektor-sdd2/test/20273_GT.png,True,632,235,3,0,non-defect,test
test,data/raw/kolektor-sdd2/test/20274.png,data/raw/kolektor-sdd2/test/20274_GT.png,True,643,230,3,0,non-defect,test
test,data/raw/kolektor-sdd2/test/20275.png,data/raw/kolektor-sdd2/test/20275_GT.png,True,636,236,3,228,defect,test
test,data/raw/kolektor-sdd2/test/20276.png,data/raw/kolektor-sdd2/test/20276_GT.png,True,636,227,3,0,non-defect,test
test,data/raw/kolektor-sdd2/test/20277.png,data/raw/kolektor-sdd2/test/20277_GT.png,True,645,232,3,0,non-defect,test
test,data/raw/kolektor-sdd2/test/20278.png,data/raw/kolektor-sdd2/test/20278_GT.png,True,632,232,3,0,non-defect,test
test,data/raw/kolektor-sdd2/test/20279.png,data/raw/kolektor-sdd2/test/20279_GT.png,True,638,226,3,0,non-defect,test
test,data/raw/kolektor-sdd2/test/20280.png,data/raw/kolektor-sdd2/test/20280_GT.png,True,645,230,3,0,non-defect,test
test,data/raw/kolektor-sdd2/test/20281.png,data/raw/kolektor-sdd2/test/20281_GT.png,True,651,229,3,2181,defect,test
test,data/raw/kolektor-sdd2/test/20282.png,data/raw/kolektor-sdd2/test/20282_GT.png,True,640,224,3,0,non-defect,test
test,data/raw/kolektor-sdd2/test/20283.png,data/raw/kolektor-sdd2/test/20283_GT.png,True,645,231,3,0,non-defect,test
test,data/raw/kolektor-sdd2/test/20284.png,data/raw/kolektor-sdd2/test/20284_GT.png,True,637,231,3,0,non-defect,test
test,data/raw/kolektor-sdd2/test/20285.png,data/raw/kolektor-sdd2/test/20285_GT.png,True,643,231,3,0,non-defect,test
test,data/raw/kolektor-sdd2/test/20286.png,data/raw/kolektor-sdd2/test/20286_GT.png,True,634,227,3,0,non-defect,test
test,data/raw/kolektor-sdd2/test/20287.png,data/raw/kolektor-sdd2/test/20287_GT.png,True,633,228,3,0,non-defect,test
test,data/raw/kolektor-sdd2/test/20288.png,data/raw/kolektor-sdd2/test/20288_GT.png,True,639,235,3,0,non-defect,test
test,data/raw/kolektor-sdd2/test/20289.png,data/raw/kolektor-sdd2/test/20289_GT.png,True,636,230,3,0,non-defect,test
test,data/raw/kolektor-sdd2/test/20290.png,data/raw/kolektor-sdd2/test/20290_GT.png,True,629,233,3,0,non-defect,test
test,data/raw/kolektor-sdd2/test/20291.png,data/raw/kolektor-sdd2/test/20291_GT.png,True,627,229,3,0,non-defect,test
test,data/raw/kolektor-sdd2/test/20292.png,data/raw/kolektor-sdd2/test/20292_GT.png,True,632,225,3,0,non-defect,test
test,data/raw/kolektor-sdd2/test/20293.png,data/raw/kolektor-sdd2/test/20293_GT.png,True,640,231,3,0,non-defect,test
test,data/raw/kolektor-sdd2/test/20294.png,data/raw/kolektor-sdd2/test/20294_GT.png,True,635,232,3,0,non-defect,test
test,data/raw/kolektor-sdd2/test/20295.png,data/raw/kolektor-sdd2/test/20295_GT.png,True,636,228,3,1239,defect,test
test,data/raw/kolektor-sdd2/test/20296.png,data/raw/kolektor-sdd2/test/20296_GT.png,True,640,230,3,0,non-defect,test
test,data/raw/kolektor-sdd2/test/20297.png,data/raw/kolektor-sdd2/test/20297_GT.png,True,642,237,3,401,defect,test
test,data/raw/kolektor-sdd2/test/20298.png,data/raw/kolektor-sdd2/test/20298_GT.png,True,640,226,3,0,non-defect,test
test,data/raw/kolektor-sdd2/test/20299.png,data/raw/kolektor-sdd2/test/20299_GT.png,True,630,231,3,0,non-defect,test
test,data/raw/kolektor-sdd2/test/20300.png,data/raw/kolektor-sdd2/test/20300_GT.png,True,637,227,3,0,non-defect,test
test,data/raw/kolektor-sdd2/test/20301.png,data/raw/kolektor-sdd2/test/20301_GT.png,True,640,230,3,0,non-defect,test
test,data/raw/kolektor-sdd2/test/20302.png,data/raw/kolektor-sdd2/test/20302_GT.png,True,641,231,3,0,non-defect,test
test,data/raw/kolektor-sdd2/test/20303.png,data/raw/kolektor-sdd2/test/20303_GT.png,True,637,223,3,0,non-defect,test
test,data/raw/kolektor-sdd2/test/20304.png,data/raw/kolektor-sdd2/test/20304_GT.png,True,640,228,3,0,non-defect,test
test,data/raw/kolektor-sdd2/test/20305.png,data/raw/kolektor-sdd2/test/20305_GT.png,True,645,230,3,0,non-defect,test
test,data/raw/kolektor-sdd2/test/20306.png,data/raw/kolektor-sdd2/test/20306_GT.png,True,631,229,3,0,non-defect,test
test,data/raw/kolektor-sdd2/test/20307.png,data/raw/kolektor-sdd2/test/20307_GT.png,True,638,234,3,0,non-defect,test
test,data/raw/kolektor-sdd2/test/20308.png,data/raw/kolektor-sdd2/test/20308_GT.png,True,631,229,3,0,non-defect,test
test,data/raw/kolektor-sdd2/test/20309.png,data/raw/kolektor-sdd2/test/20309_GT.png,True,639,224,3,0,non-defect,test
test,data/raw/kolektor-sdd2/test/20310.png,data/raw/kolektor-sdd2/test/20310_GT.png,True,646,231,3,0,non-defect,test
test,data/raw/kolektor-sdd2/test/20311.png,data/raw/kolektor-sdd2/test/20311_GT.png,True,644,235,3,0,non-defect,test
test,data/raw/kolektor-sdd2/test/20312.png,data/raw/kolektor-sdd2/test/20312_GT.png,True,636,230,3,0,non-defect,test
test,data/raw/kolektor-sdd2/test/20313.png,data/raw/kolektor-sdd2/test/20313_GT.png,True,635,231,3,0,non-defect,test
test,data/raw/kolektor-sdd2/test/20314.png,data/raw/kolektor-sdd2/test/20314_GT.png,True,647,232,3,0,non-defect,test
test,data/raw/kolektor-sdd2/test/20315.png,data/raw/kolektor-sdd2/test/20315_GT.png,True,640,233,3,0,non-defect,test
test,data/raw/kolektor-sdd2/test/20316.png,data/raw/kolektor-sdd2/test/20316_GT.png,True,643,230,3,0,non-defect,test
test,data/raw/kolektor-sdd2/test/20317.png,data/raw/kolektor-sdd2/test/20317_GT.png,True,638,234,3,0,non-defect,test
test,data/raw/kolektor-sdd2/test/20318.png,data/raw/kolektor-sdd2/test/20318_GT.png,True,636,228,3,0,non-defect,test
test,data/raw/kolektor-sdd2/test/20319.png,data/raw/kolektor-sdd2/test/20319_GT.png,True,639,229,3,1084,defect,test
test,data/raw/kolektor-sdd2/test/20320.png,data/raw/kolektor-sdd2/test/20320_GT.png,True,638,233,3,0,non-defect,test
test,data/raw/kolektor-sdd2/test/20321.png,data/raw/kolektor-sdd2/test/20321_GT.png,True,633,235,3,0,non-defect,test
test,data/raw/kolektor-sdd2/test/20322.png,data/raw/kolektor-sdd2/test/20322_GT.png,True,609,229,3,0,non-defect,test
test,data/raw/kolektor-sdd2/test/20323.png,data/raw/kolektor-sdd2/test/20323_GT.png,True,630,235,3,0,non-defect,test
test,data/raw/kolektor-sdd2/test/20324.png,data/raw/kolektor-sdd2/test/20324_GT.png,True,636,228,3,0,non-defect,test
test,data/raw/kolektor-sdd2/test/20325.png,data/raw/kolektor-sdd2/test/20325_GT.png,True,640,233,3,0,non-defect,test
test,data/raw/kolektor-sdd2/test/20326.png,data/raw/kolektor-sdd2/test/20326_GT.png,True,632,232,3,0,non-defect,test
test,data/raw/kolektor-sdd2/test/20327.png,data/raw/kolektor-sdd2/test/20327_GT.png,True,645,228,3,0,non-defect,test
test,data/raw/kolektor-sdd2/test/20328.png,data/raw/kolektor-sdd2/test/20328_GT.png,True,639,234,3,0,non-defect,test
test,data/raw/kolektor-sdd2/test/20329.png,data/raw/kolektor-sdd2/test/20329_GT.png,True,640,228,3,0,non-defect,test
test,data/raw/kolektor-sdd2/test/20330.png,data/raw/kolektor-sdd2/test/20330_GT.png,True,637,231,3,0,non-defect,test
test,data/raw/kolektor-sdd2/test/20331.png,data/raw/kolektor-sdd2/test/20331_GT.png,True,644,230,3,0,non-defect,test
test,data/raw/kolektor-sdd2/test/20332.png,data/raw/kolektor-sdd2/test/20332_GT.png,True,636,236,3,0,non-defect,test
test,data/raw/kolektor-sdd2/test/20333.png,data/raw/kolektor-sdd2/test/20333_GT.png,True,635,230,3,0,non-defect,test
test,data/raw/kolektor-sdd2/test/20334.png,data/raw/kolektor-sdd2/test/20334_GT.png,True,635,229,3,5417,defect,test
test,data/raw/kolektor-sdd2/test/20335.png,data/raw/kolektor-sdd2/test/20335_GT.png,True,640,229,3,0,non-defect,test
test,data/raw/kolektor-sdd2/test/20336.png,data/raw/kolektor-sdd2/test/20336_GT.png,True,633,227,3,0,non-defect,test
test,data/raw/kolektor-sdd2/test/20337.png,data/raw/kolektor-sdd2/test/20337_GT.png,True,632,232,3,0,non-defect,test
test,data/raw/kolektor-sdd2/test/20338.png,data/raw/kolektor-sdd2/test/20338_GT.png,True,632,230,3,0,non-defect,test
test,data/raw/kolektor-sdd2/test/20339.png,data/raw/kolektor-sdd2/test/20339_GT.png,True,639,232,3,0,non-defect,test
test,data/raw/kolektor-sdd2/test/20340.png,data/raw/kolektor-sdd2/test/20340_GT.png,True,636,231,3,0,non-defect,test
test,data/raw/kolektor-sdd2/test/20341.png,data/raw/kolektor-sdd2/test/20341_GT.png,True,635,227,3,0,non-defect,test
test,data/raw/kolektor-sdd2/test/20342.png,data/raw/kolektor-sdd2/test/20342_GT.png,True,630,228,3,0,non-defect,test
test,data/raw/kolektor-sdd2/test/20343.png,data/raw/kolektor-sdd2/test/20343_GT.png,True,634,232,3,0,non-defect,test
test,data/raw/kolektor-sdd2/test/20344.png,data/raw/kolektor-sdd2/test/20344_GT.png,True,640,232,3,0,non-defect,test
test,data/raw/kolektor-sdd2/test/20345.png,data/raw/kolektor-sdd2/test/20345_GT.png,True,636,234,3,0,non-defect,test
test,data/raw/kolektor-sdd2/test/20346.png,data/raw/kolektor-sdd2/test/20346_GT.png,True,640,225,3,0,non-defect,test
test,data/raw/kolektor-sdd2/test/20347.png,data/raw/kolektor-sdd2/test/20347_GT.png,True,642,238,3,0,non-defect,test
test,data/raw/kolektor-sdd2/test/20348.png,data/raw/kolektor-sdd2/test/20348_GT.png,True,630,235,3,0,non-defect,test
test,data/raw/kolektor-sdd2/test/20349.png,data/raw/kolektor-sdd2/test/20349_GT.png,True,636,228,3,0,non-defect,test
test,data/raw/kolektor-sdd2/test/20350.png,data/raw/kolektor-sdd2/test/20350_GT.png,True,642,228,3,0,non-defect,test
test,data/raw/kolektor-sdd2/test/20351.png,data/raw/kolektor-sdd2/test/20351_GT.png,True,646,232,3,0,non-defect,test
test,data/raw/kolektor-sdd2/test/20352.png,data/raw/kolektor-sdd2/test/20352_GT.png,True,635,233,3,0,non-defect,test
test,data/raw/kolektor-sdd2/test/20353.png,data/raw/kolektor-sdd2/test/20353_GT.png,True,644,234,3,0,non-defect,test
test,data/raw/kolektor-sdd2/test/20354.png,data/raw/kolektor-sdd2/test/20354_GT.png,True,633,234,3,0,non-defect,test
test,data/raw/kolektor-sdd2/test/20355.png,data/raw/kolektor-sdd2/test/20355_GT.png,True,637,232,3,0,non-defect,test
test,data/raw/kolektor-sdd2/test/20356.png,data/raw/kolektor-sdd2/test/20356_GT.png,True,638,228,3,0,non-defect,test
test,data/raw/kolektor-sdd2/test/20357.png,data/raw/kolektor-sdd2/test/20357_GT.png,True,642,235,3,0,non-defect,test
test,data/raw/kolektor-sdd2/test/20358.png,data/raw/kolektor-sdd2/test/20358_GT.png,True,641,230,3,0,non-defect,test
test,data/raw/kolektor-sdd2/test/20359.png,data/raw/kolektor-sdd2/test/20359_GT.png,True,637,228,3,0,non-defect,test
test,data/raw/kolektor-sdd2/test/20360.png,data/raw/kolektor-sdd2/test/20360_GT.png,True,637,230,3,0,non-defect,test
test,data/raw/kolektor-sdd2/test/20361.png,data/raw/kolektor-sdd2/test/20361_GT.png,True,637,227,3,0,non-defect,test
test,data/raw/kolektor-sdd2/test/20362.png,data/raw/kolektor-sdd2/test/20362_GT.png,True,648,235,3,0,non-defect,test
test,data/raw/kolektor-sdd2/test/20363.png,data/raw/kolektor-sdd2/test/20363_GT.png,True,648,231,3,0,non-defect,test
test,data/raw/kolektor-sdd2/test/20364.png,data/raw/kolektor-sdd2/test/20364_GT.png,True,630,231,3,0,non-defect,test
test,data/raw/kolektor-sdd2/test/20365.png,data/raw/kolektor-sdd2/test/20365_GT.png,True,634,230,3,0,non-defect,test
test,data/raw/kolektor-sdd2/test/20366.png,data/raw/kolektor-sdd2/test/20366_GT.png,True,641,231,3,0,non-defect,test
test,data/raw/kolektor-sdd2/test/20367.png,data/raw/kolektor-sdd2/test/20367_GT.png,True,635,231,3,0,non-defect,test
test,data/raw/kolektor-sdd2/test/20368.png,data/raw/kolektor-sdd2/test/20368_GT.png,True,637,227,3,0,non-defect,test
test,data/raw/kolektor-sdd2/test/20369.png,data/raw/kolektor-sdd2/test/20369_GT.png,True,642,235,3,0,non-defect,test
test,data/raw/kolektor-sdd2/test/20370.png,data/raw/kolektor-sdd2/test/20370_GT.png,True,639,229,3,0,non-defect,test
test,data/raw/kolektor-sdd2/test/20371.png,data/raw/kolektor-sdd2/test/20371_GT.png,True,648,237,3,0,non-defect,test
test,data/raw/kolektor-sdd2/test/20372.png,data/raw/kolektor-sdd2/test/20372_GT.png,True,638,223,3,0,non-defect,test
test,data/raw/kolektor-sdd2/test/20373.png,data/raw/kolektor-sdd2/test/20373_GT.png,True,630,223,3,0,non-defect,test
test,data/raw/kolektor-sdd2/test/20374.png,data/raw/kolektor-sdd2/test/20374_GT.png,True,628,228,3,0,non-defect,test
test,data/raw/kolektor-sdd2/test/20375.png,data/raw/kolektor-sdd2/test/20375_GT.png,True,632,228,3,0,non-defect,test
test,data/raw/kolektor-sdd2/test/20376.png,data/raw/kolektor-sdd2/test/20376_GT.png,True,646,237,3,0,non-defect,test
test,data/raw/kolektor-sdd2/test/20377.png,data/raw/kolektor-sdd2/test/20377_GT.png,True,638,227,3,0,non-defect,test
test,data/raw/kolektor-sdd2/test/20378.png,data/raw/kolektor-sdd2/test/20378_GT.png,True,640,232,3,3296,defect,test
test,data/raw/kolektor-sdd2/test/20379.png,data/raw/kolektor-sdd2/test/20379_GT.png,True,632,227,3,0,non-defect,test
test,data/raw/kolektor-sdd2/test/20380.png,data/raw/kolektor-sdd2/test/20380_GT.png,True,637,233,3,0,non-defect,test
test,data/raw/kolektor-sdd2/test/20381.png,data/raw/kolektor-sdd2/test/20381_GT.png,True,642,231,3,0,non-defect,test
test,data/raw/kolektor-sdd2/test/20382.png,data/raw/kolektor-sdd2/test/20382_GT.png,True,638,228,3,0,non-defect,test
test,data/raw/kolektor-sdd2/test/20383.png,data/raw/kolektor-sdd2/test/20383_GT.png,True,638,227,3,0,non-defect,test
test,data/raw/kolektor-sdd2/test/20384.png,data/raw/kolektor-sdd2/test/20384_GT.png,True,639,230,3,0,non-defect,test
test,data/raw/kolektor-sdd2/test/20385.png,data/raw/kolektor-sdd2/test/20385_GT.png,True,638,230,3,0,non-defect,test
test,data/raw/kolektor-sdd2/test/20386.png,data/raw/kolektor-sdd2/test/20386_GT.png,True,634,227,3,0,non-defect,test
test,data/raw/kolektor-sdd2/test/20387.png,data/raw/kolektor-sdd2/test/20387_GT.png,True,639,227,3,0,non-defect,test
test,data/raw/kolektor-sdd2/test/20388.png,data/raw/kolektor-sdd2/test/20388_GT.png,True,641,231,3,0,non-defect,test
test,data/raw/kolektor-sdd2/test/20389.png,data/raw/kolektor-sdd2/test/20389_GT.png,True,638,233,3,0,non-defect,test
test,data/raw/kolektor-sdd2/test/20390.png,data/raw/kolektor-sdd2/test/20390_GT.png,True,637,235,3,0,non-defect,test
test,data/raw/kolektor-sdd2/test/20391.png,data/raw/kolektor-sdd2/test/20391_GT.png,True,631,227,3,0,non-defect,test
test,data/raw/kolektor-sdd2/test/20392.png,data/raw/kolektor-sdd2/test/20392_GT.png,True,640,231,3,7626,defect,test
test,data/raw/kolektor-sdd2/test/20393.png,data/raw/kolektor-sdd2/test/20393_GT.png,True,631,226,3,0,non-defect,test
test,data/raw/kolektor-sdd2/test/20394.png,data/raw/kolektor-sdd2/test/20394_GT.png,True,651,233,3,0,non-defect,test
test,data/raw/kolektor-sdd2/test/20395.png,data/raw/kolektor-sdd2/test/20395_GT.png,True,635,225,3,0,non-defect,test
test,data/raw/kolektor-sdd2/test/20396.png,data/raw/kolektor-sdd2/test/20396_GT.png,True,632,232,3,0,non-defect,test
test,data/raw/kolektor-sdd2/test/20397.png,data/raw/kolektor-sdd2/test/20397_GT.png,True,636,208,3,0,non-defect,test
test,data/raw/kolektor-sdd2/test/20398.png,data/raw/kolektor-sdd2/test/20398_GT.png,True,629,229,3,0,non-defect,test
test,data/raw/kolektor-sdd2/test/20399.png,data/raw/kolektor-sdd2/test/20399_GT.png,True,637,228,3,0,non-defect,test
test,data/raw/kolektor-sdd2/test/20400.png,data/raw/kolektor-sdd2/test/20400_GT.png,True,637,231,3,0,non-defect,test
test,data/raw/kolektor-sdd2/test/20401.png,data/raw/kolektor-sdd2/test/20401_GT.png,True,642,231,3,0,non-defect,test
test,data/raw/kolektor-sdd2/test/20402.png,data/raw/kolektor-sdd2/test/20402_GT.png,True,642,226,3,0,non-defect,test
test,data/raw/kolektor-sdd2/test/20403.png,data/raw/kolektor-sdd2/test/20403_GT.png,True,636,228,3,14951,defect,test
test,data/raw/kolektor-sdd2/test/20404.png,data/raw/kolektor-sdd2/test/20404_GT.png,True,639,229,3,0,non-defect,test
test,data/raw/kolektor-sdd2/test/20405.png,data/raw/kolektor-sdd2/test/20405_GT.png,True,645,231,3,0,non-defect,test
test,data/raw/kolektor-sdd2/test/20406.png,data/raw/kolektor-sdd2/test/20406_GT.png,True,639,230,3,0,non-defect,test
test,data/raw/kolektor-sdd2/test/20407.png,data/raw/kolektor-sdd2/test/20407_GT.png,True,641,236,3,0,non-defect,test
test,data/raw/kolektor-sdd2/test/20408.png,data/raw/kolektor-sdd2/test/20408_GT.png,True,621,227,3,0,non-defect,test
test,data/raw/kolektor-sdd2/test/20409.png,data/raw/kolektor-sdd2/test/20409_GT.png,True,641,228,3,0,non-defect,test
test,data/raw/kolektor-sdd2/test/20410.png,data/raw/kolektor-sdd2/test/20410_GT.png,True,632,235,3,0,non-defect,test
test,data/raw/kolektor-sdd2/test/20411.png,data/raw/kolektor-sdd2/test/20411_GT.png,True,644,227,3,0,non-defect,test
test,data/raw/kolektor-sdd2/test/20412.png,data/raw/kolektor-sdd2/test/20412_GT.png,True,641,228,3,0,non-defect,test
test,data/raw/kolektor-sdd2/test/20413.png,data/raw/kolektor-sdd2/test/20413_GT.png,True,644,228,3,0,non-defect,test
test,data/raw/kolektor-sdd2/test/20414.png,data/raw/kolektor-sdd2/test/20414_GT.png,True,644,231,3,0,non-defect,test
test,data/raw/kolektor-sdd2/test/20415.png,data/raw/kolektor-sdd2/test/20415_GT.png,True,641,233,3,0,non-defect,test
test,data/raw/kolektor-sdd2/test/20416.png,data/raw/kolektor-sdd2/test/20416_GT.png,True,625,222,3,13817,defect,test
test,data/raw/kolektor-sdd2/test/20417.png,data/raw/kolektor-sdd2/test/20417_GT.png,True,633,228,3,0,non-defect,test
test,data/raw/kolektor-sdd2/test/20418.png,data/raw/kolektor-sdd2/test/20418_GT.png,True,635,234,3,0,non-defect,test
test,data/raw/kolektor-sdd2/test/20419.png,data/raw/kolektor-sdd2/test/20419_GT.png,True,634,230,3,0,non-defect,test
test,data/raw/kolektor-sdd2/test/20420.png,data/raw/kolektor-sdd2/test/20420_GT.png,True,640,231,3,0,non-defect,test
test,data/raw/kolektor-sdd2/test/20421.png,data/raw/kolektor-sdd2/test/20421_GT.png,True,644,232,3,0,non-defect,test
test,data/raw/kolektor-sdd2/test/20422.png,data/raw/kolektor-sdd2/test/20422_GT.png,True,638,229,3,0,non-defect,test
test,data/raw/kolektor-sdd2/test/20423.png,data/raw/kolektor-sdd2/test/20423_GT.png,True,630,234,3,0,non-defect,test
test,data/raw/kolektor-sdd2/test/20424.png,data/raw/kolektor-sdd2/test/20424_GT.png,True,624,208,3,0,non-defect,test
test,data/raw/kolektor-sdd2/test/20425.png,data/raw/kolektor-sdd2/test/20425_GT.png,True,626,227,3,0,non-defect,test
test,data/raw/kolektor-sdd2/test/20426.png,data/raw/kolektor-sdd2/test/20426_GT.png,True,640,228,3,672,defect,test
test,data/raw/kolektor-sdd2/test/20427.png,data/raw/kolektor-sdd2/test/20427_GT.png,True,632,201,3,0,non-defect,test
test,data/raw/kolektor-sdd2/test/20428.png,data/raw/kolektor-sdd2/test/20428_GT.png,True,649,229,3,1447,defect,test
test,data/raw/kolektor-sdd2/test/20429.png,data/raw/kolektor-sdd2/test/20429_GT.png,True,639,234,3,0,non-defect,test
test,data/raw/kolektor-sdd2/test/20430.png,data/raw/kolektor-sdd2/test/20430_GT.png,True,629,229,3,0,non-defect,test
test,data/raw/kolektor-sdd2/test/20431.png,data/raw/kolektor-sdd2/test/20431_GT.png,True,632,235,3,0,non-defect,test
test,data/raw/kolektor-sdd2/test/20432.png,data/raw/kolektor-sdd2/test/20432_GT.png,True,641,220,3,0,non-defect,test
test,data/raw/kolektor-sdd2/test/20433.png,data/raw/kolektor-sdd2/test/20433_GT.png,True,642,233,3,0,non-defect,test
test,data/raw/kolektor-sdd2/test/20434.png,data/raw/kolektor-sdd2/test/20434_GT.png,True,641,228,3,2956,defect,test
test,data/raw/kolektor-sdd2/test/20435.png,data/raw/kolektor-sdd2/test/20435_GT.png,True,631,228,3,0,non-defect,test
test,data/raw/kolektor-sdd2/test/20436.png,data/raw/kolektor-sdd2/test/20436_GT.png,True,634,228,3,0,non-defect,test
test,data/raw/kolektor-sdd2/test/20437.png,data/raw/kolektor-sdd2/test/20437_GT.png,True,635,228,3,0,non-defect,test
test,data/raw/kolektor-sdd2/test/20438.png,data/raw/kolektor-sdd2/test/20438_GT.png,True,634,232,3,0,non-defect,test
test,data/raw/kolektor-sdd2/test/20439.png,data/raw/kolektor-sdd2/test/20439_GT.png,True,635,227,3,9969,defect,test
test,data/raw/kolektor-sdd2/test/20440.png,data/raw/kolektor-sdd2/test/20440_GT.png,True,635,226,3,0,non-defect,test
test,data/raw/kolektor-sdd2/test/20441.png,data/raw/kolektor-sdd2/test/20441_GT.png,True,650,231,3,0,non-defect,test
test,data/raw/kolektor-sdd2/test/20442.png,data/raw/kolektor-sdd2/test/20442_GT.png,True,628,224,3,0,non-defect,test
test,data/raw/kolektor-sdd2/test/20443.png,data/raw/kolektor-sdd2/test/20443_GT.png,True,648,234,3,0,non-defect,test
test,data/raw/kolektor-sdd2/test/20444.png,data/raw/kolektor-sdd2/test/20444_GT.png,True,635,221,3,0,non-defect,test
test,data/raw/kolektor-sdd2/test/20445.png,data/raw/kolektor-sdd2/test/20445_GT.png,True,640,232,3,0,non-defect,test
test,data/raw/kolektor-sdd2/test/20446.png,data/raw/kolektor-sdd2/test/20446_GT.png,True,645,237,3,0,non-defect,test
test,data/raw/kolektor-sdd2/test/20447.png,data/raw/kolektor-sdd2/test/20447_GT.png,True,632,229,3,0,non-defect,test
test,data/raw/kolektor-sdd2/test/20448.png,data/raw/kolektor-sdd2/test/20448_GT.png,True,644,231,3,0,non-defect,test
test,data/raw/kolektor-sdd2/test/20449.png,data/raw/kolektor-sdd2/test/20449_GT.png,True,640,222,3,0,non-defect,test
test,data/raw/kolektor-sdd2/test/20450.png,data/raw/kolektor-sdd2/test/20450_GT.png,True,638,222,3,0,non-defect,test
test,data/raw/kolektor-sdd2/test/20451.png,data/raw/kolektor-sdd2/test/20451_GT.png,True,639,230,3,0,non-defect,test
test,data/raw/kolektor-sdd2/test/20452.png,data/raw/kolektor-sdd2/test/20452_GT.png,True,642,228,3,1344,defect,test
test,data/raw/kolektor-sdd2/test/20453.png,data/raw/kolektor-sdd2/test/20453_GT.png,True,637,233,3,0,non-defect,test
test,data/raw/kolektor-sdd2/test/20454.png,data/raw/kolektor-sdd2/test/20454_GT.png,True,642,234,3,0,non-defect,test
test,data/raw/kolektor-sdd2/test/20455.png,data/raw/kolektor-sdd2/test/20455_GT.png,True,645,235,3,0,non-defect,test
test,data/raw/kolektor-sdd2/test/20456.png,data/raw/kolektor-sdd2/test/20456_GT.png,True,639,235,3,0,non-defect,test
test,data/raw/kolektor-sdd2/test/20457.png,data/raw/kolektor-sdd2/test/20457_GT.png,True,631,232,3,9244,defect,test
test,data/raw/kolektor-sdd2/test/20458.png,data/raw/kolektor-sdd2/test/20458_GT.png,True,645,234,3,0,non-defect,test
test,data/raw/kolektor-sdd2/test/20459.png,data/raw/kolektor-sdd2/test/20459_GT.png,True,644,232,3,0,non-defect,test
test,data/raw/kolektor-sdd2/test/20460.png,data/raw/kolektor-sdd2/test/20460_GT.png,True,643,237,3,0,non-defect,test
test,data/raw/kolektor-sdd2/test/20461.png,data/raw/kolektor-sdd2/test/20461_GT.png,True,639,234,3,0,non-defect,test
test,data/raw/kolektor-sdd2/test/20462.png,data/raw/kolektor-sdd2/test/20462_GT.png,True,640,226,3,0,non-defect,test
test,data/raw/kolektor-sdd2/test/20463.png,data/raw/kolektor-sdd2/test/20463_GT.png,True,638,230,3,0,non-defect,test
test,data/raw/kolektor-sdd2/test/20464.png,data/raw/kolektor-sdd2/test/20464_GT.png,True,633,222,3,0,non-defect,test
test,data/raw/kolektor-sdd2/test/20465.png,data/raw/kolektor-sdd2/test/20465_GT.png,True,633,212,3,5111,defect,test
test,data/raw/kolektor-sdd2/test/20466.png,data/raw/kolektor-sdd2/test/20466_GT.png,True,643,233,3,0,non-defect,test
test,data/raw/kolektor-sdd2/test/20467.png,data/raw/kolektor-sdd2/test/20467_GT.png,True,624,223,3,0,non-defect,test
test,data/raw/kolektor-sdd2/test/20468.png,data/raw/kolektor-sdd2/test/20468_GT.png,True,642,236,3,0,non-defect,test
test,data/raw/kolektor-sdd2/test/20469.png,data/raw/kolektor-sdd2/test/20469_GT.png,True,638,225,3,0,non-defect,test
test,data/raw/kolektor-sdd2/test/20470.png,data/raw/kolektor-sdd2/test/20470_GT.png,True,645,234,3,0,non-defect,test
test,data/raw/kolektor-sdd2/test/20471.png,data/raw/kolektor-sdd2/test/20471_GT.png,True,632,227,3,0,non-defect,test
test,data/raw/kolektor-sdd2/test/20472.png,data/raw/kolektor-sdd2/test/20472_GT.png,True,637,233,3,0,non-defect,test
test,data/raw/kolektor-sdd2/test/20473.png,data/raw/kolektor-sdd2/test/20473_GT.png,True,638,233,3,0,non-defect,test
test,data/raw/kolektor-sdd2/test/20474.png,data/raw/kolektor-sdd2/test/20474_GT.png,True,637,229,3,0,non-defect,test
test,data/raw/kolektor-sdd2/test/20475.png,data/raw/kolektor-sdd2/test/20475_GT.png,True,631,230,3,0,non-defect,test
test,data/raw/kolektor-sdd2/test/20476.png,data/raw/kolektor-sdd2/test/20476_GT.png,True,634,227,3,0,non-defect,test
test,data/raw/kolektor-sdd2/test/20477.png,data/raw/kolektor-sdd2/test/20477_GT.png,True,634,229,3,0,non-defect,test
test,data/raw/kolektor-sdd2/test/20478.png,data/raw/kolektor-sdd2/test/20478_GT.png,True,647,233,3,0,non-defect,test
test,data/raw/kolektor-sdd2/test/20479.png,data/raw/kolektor-sdd2/test/20479_GT.png,True,635,227,3,0,non-defect,test
test,data/raw/kolektor-sdd2/test/20480.png,data/raw/kolektor-sdd2/test/20480_GT.png,True,642,236,3,0,non-defect,test
test,data/raw/kolektor-sdd2/test/20481.png,data/raw/kolektor-sdd2/test/20481_GT.png,True,648,232,3,0,non-defect,test
test,data/raw/kolektor-sdd2/test/20482.png,data/raw/kolektor-sdd2/test/20482_GT.png,True,632,228,3,0,non-defect,test
test,data/raw/kolektor-sdd2/test/20483.png,data/raw/kolektor-sdd2/test/20483_GT.png,True,639,231,3,0,non-defect,test
test,data/raw/kolektor-sdd2/test/20484.png,data/raw/kolektor-sdd2/test/20484_GT.png,True,635,230,3,0,non-defect,test
test,data/raw/kolektor-sdd2/test/20485.png,data/raw/kolektor-sdd2/test/20485_GT.png,True,644,234,3,0,non-defect,test
test,data/raw/kolektor-sdd2/test/20486.png,data/raw/kolektor-sdd2/test/20486_GT.png,True,635,228,3,1576,defect,test
test,data/raw/kolektor-sdd2/test/20487.png,data/raw/kolektor-sdd2/test/20487_GT.png,True,639,234,3,1281,defect,test
test,data/raw/kolektor-sdd2/test/20488.png,data/raw/kolektor-sdd2/test/20488_GT.png,True,646,232,3,0,non-defect,test
test,data/raw/kolektor-sdd2/test/20489.png,data/raw/kolektor-sdd2/test/20489_GT.png,True,633,227,3,0,non-defect,test
test,data/raw/kolektor-sdd2/test/20490.png,data/raw/kolektor-sdd2/test/20490_GT.png,True,641,228,3,0,non-defect,test
test,data/raw/kolektor-sdd2/test/20491.png,data/raw/kolektor-sdd2/test/20491_GT.png,True,628,222,3,0,non-defect,test
test,data/raw/kolektor-sdd2/test/20492.png,data/raw/kolektor-sdd2/test/20492_GT.png,True,633,226,3,0,non-defect,test
test,data/raw/kolektor-sdd2/test/20493.png,data/raw/kolektor-sdd2/test/20493_GT.png,True,646,234,3,0,non-defect,test
test,data/raw/kolektor-sdd2/test/20494.png,data/raw/kolektor-sdd2/test/20494_GT.png,True,643,231,3,0,non-defect,test
test,data/raw/kolektor-sdd2/test/20495.png,data/raw/kolektor-sdd2/test/20495_GT.png,True,629,227,3,0,non-defect,test
test,data/raw/kolektor-sdd2/test/20496.png,data/raw/kolektor-sdd2/test/20496_GT.png,True,635,231,3,0,non-defect,test
test,data/raw/kolektor-sdd2/test/20497.png,data/raw/kolektor-sdd2/test/20497_GT.png,True,644,228,3,0,non-defect,test
test,data/raw/kolektor-sdd2/test/20498.png,data/raw/kolektor-sdd2/test/20498_GT.png,True,639,232,3,0,non-defect,test
test,data/raw/kolektor-sdd2/test/20499.png,data/raw/kolektor-sdd2/test/20499_GT.png,True,636,227,3,0,non-defect,test
test,data/raw/kolektor-sdd2/test/20500.png,data/raw/kolektor-sdd2/test/20500_GT.png,True,639,228,3,0,non-defect,test
test,data/raw/kolektor-sdd2/test/20501.png,data/raw/kolektor-sdd2/test/20501_GT.png,True,629,223,3,0,non-defect,test
test,data/raw/kolektor-sdd2/test/20502.png,data/raw/kolektor-sdd2/test/20502_GT.png,True,637,236,3,17570,defect,test
test,data/raw/kolektor-sdd2/test/20503.png,data/raw/kolektor-sdd2/test/20503_GT.png,True,640,230,3,0,non-defect,test
test,data/raw/kolektor-sdd2/test/20504.png,data/raw/kolektor-sdd2/test/20504_GT.png,True,634,234,3,0,non-defect,test
test,data/raw/kolektor-sdd2/test/20505.png,data/raw/kolektor-sdd2/test/20505_GT.png,True,630,228,3,0,non-defect,test
test,data/raw/kolektor-sdd2/test/20506.png,data/raw/kolektor-sdd2/test/20506_GT.png,True,638,221,3,0,non-defect,test
test,data/raw/kolektor-sdd2/test/20507.png,data/raw/kolektor-sdd2/test/20507_GT.png,True,635,225,3,0,non-defect,test
test,data/raw/kolektor-sdd2/test/20508.png,data/raw/kolektor-sdd2/test/20508_GT.png,True,634,230,3,0,non-defect,test
test,data/raw/kolektor-sdd2/test/20509.png,data/raw/kolektor-sdd2/test/20509_GT.png,True,633,230,3,0,non-defect,test
test,data/raw/kolektor-sdd2/test/20510.png,data/raw/kolektor-sdd2/test/20510_GT.png,True,642,231,3,0,non-defect,test
test,data/raw/kolektor-sdd2/test/20511.png,data/raw/kolektor-sdd2/test/20511_GT.png,True,643,223,3,0,non-defect,test
test,data/raw/kolektor-sdd2/test/20512.png,data/raw/kolektor-sdd2/test/20512_GT.png,True,634,226,3,0,non-defect,test
test,data/raw/kolektor-sdd2/test/20513.png,data/raw/kolektor-sdd2/test/20513_GT.png,True,628,222,3,0,non-defect,test
test,data/raw/kolektor-sdd2/test/20514.png,data/raw/kolektor-sdd2/test/20514_GT.png,True,634,229,3,0,non-defect,test
test,data/raw/kolektor-sdd2/test/20515.png,data/raw/kolektor-sdd2/test/20515_GT.png,True,640,230,3,0,non-defect,test
test,data/raw/kolektor-sdd2/test/20516.png,data/raw/kolektor-sdd2/test/20516_GT.png,True,637,232,3,0,non-defect,test
test,data/raw/kolektor-sdd2/test/20517.png,data/raw/kolektor-sdd2/test/20517_GT.png,True,638,233,3,7801,defect,test
test,data/raw/kolektor-sdd2/test/20518.png,data/raw/kolektor-sdd2/test/20518_GT.png,True,645,236,3,0,non-defect,test
test,data/raw/kolektor-sdd2/test/20519.png,data/raw/kolektor-sdd2/test/20519_GT.png,True,636,227,3,0,non-defect,test
test,data/raw/kolektor-sdd2/test/20520.png,data/raw/kolektor-sdd2/test/20520_GT.png,True,639,226,3,0,non-defect,test
test,data/raw/kolektor-sdd2/test/20521.png,data/raw/kolektor-sdd2/test/20521_GT.png,True,638,229,3,0,non-defect,test
test,data/raw/kolektor-sdd2/test/20522.png,data/raw/kolektor-sdd2/test/20522_GT.png,True,640,232,3,0,non-defect,test
test,data/raw/kolektor-sdd2/test/20523.png,data/raw/kolektor-sdd2/test/20523_GT.png,True,642,230,3,951,defect,test
test,data/raw/kolektor-sdd2/test/20524.png,data/raw/kolektor-sdd2/test/20524_GT.png,True,640,229,3,0,non-defect,test
test,data/raw/kolektor-sdd2/test/20525.png,data/raw/kolektor-sdd2/test/20525_GT.png,True,641,224,3,0,non-defect,test
test,data/raw/kolektor-sdd2/test/20526.png,data/raw/kolektor-sdd2/test/20526_GT.png,True,635,227,3,0,non-defect,test
test,data/raw/kolektor-sdd2/test/20527.png,data/raw/kolektor-sdd2/test/20527_GT.png,True,636,241,3,0,non-defect,test
test,data/raw/kolektor-sdd2/test/20528.png,data/raw/kolektor-sdd2/test/20528_GT.png,True,631,226,3,0,non-defect,test
test,data/raw/kolektor-sdd2/test/20529.png,data/raw/kolektor-sdd2/test/20529_GT.png,True,640,226,3,0,non-defect,test
test,data/raw/kolektor-sdd2/test/20530.png,data/raw/kolektor-sdd2/test/20530_GT.png,True,650,234,3,0,non-defect,test
test,data/raw/kolektor-sdd2/test/20531.png,data/raw/kolektor-sdd2/test/20531_GT.png,True,643,234,3,0,non-defect,test
test,data/raw/kolektor-sdd2/test/20532.png,data/raw/kolektor-sdd2/test/20532_GT.png,True,614,231,3,0,non-defect,test
test,data/raw/kolektor-sdd2/test/20533.png,data/raw/kolektor-sdd2/test/20533_GT.png,True,630,230,3,0,non-defect,test
test,data/raw/kolektor-sdd2/test/20534.png,data/raw/kolektor-sdd2/test/20534_GT.png,True,639,233,3,0,non-defect,test
test,data/raw/kolektor-sdd2/test/20535.png,data/raw/kolektor-sdd2/test/20535_GT.png,True,641,227,3,3504,defect,test
test,data/raw/kolektor-sdd2/test/20536.png,data/raw/kolektor-sdd2/test/20536_GT.png,True,643,234,3,0,non-defect,test
test,data/raw/kolektor-sdd2/test/20537.png,data/raw/kolektor-sdd2/test/20537_GT.png,True,649,232,3,0,non-defect,test
test,data/raw/kolektor-sdd2/test/20538.png,data/raw/kolektor-sdd2/test/20538_GT.png,True,638,230,3,0,non-defect,test
test,data/raw/kolektor-sdd2/test/20539.png,data/raw/kolektor-sdd2/test/20539_GT.png,True,644,227,3,0,non-defect,test
test,data/raw/kolektor-sdd2/test/20540.png,data/raw/kolektor-sdd2/test/20540_GT.png,True,630,229,3,0,non-defect,test
test,data/raw/kolektor-sdd2/test/20541.png,data/raw/kolektor-sdd2/test/20541_GT.png,True,638,233,3,0,non-defect,test
test,data/raw/kolektor-sdd2/test/20542.png,data/raw/kolektor-sdd2/test/20542_GT.png,True,628,228,3,0,non-defect,test
test,data/raw/kolektor-sdd2/test/20543.png,data/raw/kolektor-sdd2/test/20543_GT.png,True,636,233,3,609,defect,test
test,data/raw/kolektor-sdd2/test/20544.png,data/raw/kolektor-sdd2/test/20544_GT.png,True,648,230,3,199,defect,test
test,data/raw/kolektor-sdd2/test/20545.png,data/raw/kolektor-sdd2/test/20545_GT.png,True,629,224,3,0,non-defect,test
test,data/raw/kolektor-sdd2/test/20546.png,data/raw/kolektor-sdd2/test/20546_GT.png,True,640,232,3,358,defect,test
test,data/raw/kolektor-sdd2/test/20547.png,data/raw/kolektor-sdd2/test/20547_GT.png,True,646,225,3,0,non-defect,test
test,data/raw/kolektor-sdd2/test/20548.png,data/raw/kolektor-sdd2/test/20548_GT.png,True,634,226,3,0,non-defect,test
test,data/raw/kolektor-sdd2/test/20549.png,data/raw/kolektor-sdd2/test/20549_GT.png,True,649,232,3,0,non-defect,test
test,data/raw/kolektor-sdd2/test/20550.png,data/raw/kolektor-sdd2/test/20550_GT.png,True,644,225,3,0,non-defect,test
test,data/raw/kolektor-sdd2/test/20551.png,data/raw/kolektor-sdd2/test/20551_GT.png,True,641,232,3,0,non-defect,test
test,data/raw/kolektor-sdd2/test/20552.png,data/raw/kolektor-sdd2/test/20552_GT.png,True,634,232,3,0,non-defect,test
test,data/raw/kolektor-sdd2/test/20553.png,data/raw/kolektor-sdd2/test/20553_GT.png,True,641,234,3,0,non-defect,test
test,data/raw/kolektor-sdd2/test/20554.png,data/raw/kolektor-sdd2/test/20554_GT.png,True,641,232,3,0,non-defect,test
test,data/raw/kolektor-sdd2/test/20555.png,data/raw/kolektor-sdd2/test/20555_GT.png,True,629,229,3,0,non-defect,test
test,data/raw/kolektor-sdd2/test/20556.png,data/raw/kolektor-sdd2/test/20556_GT.png,True,627,228,3,0,non-defect,test
test,data/raw/kolektor-sdd2/test/20557.png,data/raw/kolektor-sdd2/test/20557_GT.png,True,631,237,3,0,non-defect,test
test,data/raw/kolektor-sdd2/test/20558.png,data/raw/kolektor-sdd2/test/20558_GT.png,True,630,227,3,0,non-defect,test
test,data/raw/kolektor-sdd2/test/20559.png,data/raw/kolektor-sdd2/test/20559_GT.png,True,640,228,3,0,non-defect,test
test,data/raw/kolektor-sdd2/test/20560.png,data/raw/kolektor-sdd2/test/20560_GT.png,True,627,227,3,0,non-defect,test
test,data/raw/kolektor-sdd2/test/20561.png,data/raw/kolektor-sdd2/test/20561_GT.png,True,637,232,3,4131,defect,test
test,data/raw/kolektor-sdd2/test/20562.png,data/raw/kolektor-sdd2/test/20562_GT.png,True,640,236,3,0,non-defect,test
test,data/raw/kolektor-sdd2/test/20563.png,data/raw/kolektor-sdd2/test/20563_GT.png,True,639,227,3,0,non-defect,test
test,data/raw/kolektor-sdd2/test/20564.png,data/raw/kolektor-sdd2/test/20564_GT.png,True,629,227,3,668,defect,test
test,data/raw/kolektor-sdd2/test/20565.png,data/raw/kolektor-sdd2/test/20565_GT.png,True,640,226,3,0,non-defect,test
test,data/raw/kolektor-sdd2/test/20566.png,data/raw/kolektor-sdd2/test/20566_GT.png,True,634,226,3,0,non-defect,test
test,data/raw/kolektor-sdd2/test/20567.png,data/raw/kolektor-sdd2/test/20567_GT.png,True,634,231,3,0,non-defect,test
test,data/raw/kolektor-sdd2/test/20568.png,data/raw/kolektor-sdd2/test/20568_GT.png,True,632,227,3,0,non-defect,test
test,data/raw/kolektor-sdd2/test/20569.png,data/raw/kolektor-sdd2/test/20569_GT.png,True,635,227,3,0,non-defect,test
test,data/raw/kolektor-sdd2/test/20570.png,data/raw/kolektor-sdd2/test/20570_GT.png,True,629,226,3,0,non-defect,test
test,data/raw/kolektor-sdd2/test/20571.png,data/raw/kolektor-sdd2/test/20571_GT.png,True,636,232,3,0,non-defect,test
test,data/raw/kolektor-sdd2/test/20572.png,data/raw/kolektor-sdd2/test/20572_GT.png,True,627,224,3,0,non-defect,test
test,data/raw/kolektor-sdd2/test/20573.png,data/raw/kolektor-sdd2/test/20573_GT.png,True,632,223,3,0,non-defect,test
test,data/raw/kolektor-sdd2/test/20574.png,data/raw/kolektor-sdd2/test/20574_GT.png,True,631,230,3,0,non-defect,test
test,data/raw/kolektor-sdd2/test/20575.png,data/raw/kolektor-sdd2/test/20575_GT.png,True,646,228,3,0,non-defect,test
test,data/raw/kolektor-sdd2/test/20576.png,data/raw/kolektor-sdd2/test/20576_GT.png,True,637,233,3,0,non-defect,test
test,data/raw/kolektor-sdd2/test/20577.png,data/raw/kolektor-sdd2/test/20577_GT.png,True,636,230,3,0,non-defect,test
test,data/raw/kolektor-sdd2/test/20578.png,data/raw/kolektor-sdd2/test/20578_GT.png,True,634,230,3,0,non-defect,test
test,data/raw/kolektor-sdd2/test/20579.png,data/raw/kolektor-sdd2/test/20579_GT.png,True,642,232,3,0,non-defect,test
test,data/raw/kolektor-sdd2/test/20580.png,data/raw/kolektor-sdd2/test/20580_GT.png,True,635,237,3,0,non-defect,test
test,data/raw/kolektor-sdd2/test/20581.png,data/raw/kolektor-sdd2/test/20581_GT.png,True,639,226,3,0,non-defect,test
test,data/raw/kolektor-sdd2/test/20582.png,data/raw/kolektor-sdd2/test/20582_GT.png,True,641,228,3,0,non-defect,test
test,data/raw/kolektor-sdd2/test/20583.png,data/raw/kolektor-sdd2/test/20583_GT.png,True,640,226,3,0,non-defect,test
test,data/raw/kolektor-sdd2/test/20584.png,data/raw/kolektor-sdd2/test/20584_GT.png,True,636,226,3,0,non-defect,test
test,data/raw/kolektor-sdd2/test/20585.png,data/raw/kolektor-sdd2/test/20585_GT.png,True,647,225,3,0,non-defect,test
test,data/raw/kolektor-sdd2/test/20586.png,data/raw/kolektor-sdd2/test/20586_GT.png,True,641,235,3,0,non-defect,test
test,data/raw/kolektor-sdd2/test/20587.png,data/raw/kolektor-sdd2/test/20587_GT.png,True,637,237,3,2535,defect,test
test,data/raw/kolektor-sdd2/test/20588.png,data/raw/kolektor-sdd2/test/20588_GT.png,True,638,236,3,0,non-defect,test
test,data/raw/kolektor-sdd2/test/20589.png,data/raw/kolektor-sdd2/test/20589_GT.png,True,633,237,3,0,non-defect,test
test,data/raw/kolektor-sdd2/test/20590.png,data/raw/kolektor-sdd2/test/20590_GT.png,True,641,232,3,0,non-defect,test
test,data/raw/kolektor-sdd2/test/20591.png,data/raw/kolektor-sdd2/test/20591_GT.png,True,630,227,3,0,non-defect,test
test,data/raw/kolektor-sdd2/test/20592.png,data/raw/kolektor-sdd2/test/20592_GT.png,True,630,232,3,0,non-defect,test
test,data/raw/kolektor-sdd2/test/20593.png,data/raw/kolektor-sdd2/test/20593_GT.png,True,633,226,3,0,non-defect,test
test,data/raw/kolektor-sdd2/test/20594.png,data/raw/kolektor-sdd2/test/20594_GT.png,True,634,208,3,0,non-defect,test
test,data/raw/kolektor-sdd2/test/20595.png,data/raw/kolektor-sdd2/test/20595_GT.png,True,636,226,3,0,non-defect,test
test,data/raw/kolektor-sdd2/test/20596.png,data/raw/kolektor-sdd2/test/20596_GT.png,True,633,220,3,0,non-defect,test
test,data/raw/kolektor-sdd2/test/20597.png,data/raw/kolektor-sdd2/test/20597_GT.png,True,630,226,3,0,non-defect,test
test,data/raw/kolektor-sdd2/test/20598.png,data/raw/kolektor-sdd2/test/20598_GT.png,True,628,226,3,0,non-defect,test
test,data/raw/kolektor-sdd2/test/20599.png,data/raw/kolektor-sdd2/test/20599_GT.png,True,640,227,3,3434,defect,test
test,data/raw/kolektor-sdd2/test/20600.png,data/raw/kolektor-sdd2/test/20600_GT.png,True,644,233,3,3218,defect,test
test,data/raw/kolektor-sdd2/test/20601.png,data/raw/kolektor-sdd2/test/20601_GT.png,True,636,229,3,0,non-defect,test
test,data/raw/kolektor-sdd2/test/20602.png,data/raw/kolektor-sdd2/test/20602_GT.png,True,644,233,3,0,non-defect,test
test,data/raw/kolektor-sdd2/test/20603.png,data/raw/kolektor-sdd2/test/20603_GT.png,True,634,238,3,0,non-defect,test
test,data/raw/kolektor-sdd2/test/20604.png,data/raw/kolektor-sdd2/test/20604_GT.png,True,625,228,3,0,non-defect,test
test,data/raw/kolektor-sdd2/test/20605.png,data/raw/kolektor-sdd2/test/20605_GT.png,True,638,226,3,0,non-defect,test
test,data/raw/kolektor-sdd2/test/20606.png,data/raw/kolektor-sdd2/test/20606_GT.png,True,642,231,3,0,non-defect,test
test,data/raw/kolektor-sdd2/test/20607.png,data/raw/kolektor-sdd2/test/20607_GT.png,True,641,235,3,0,non-defect,test
test,data/raw/kolektor-sdd2/test/20608.png,data/raw/kolektor-sdd2/test/20608_GT.png,True,642,233,3,0,non-defect,test
test,data/raw/kolektor-sdd2/test/20609.png,data/raw/kolektor-sdd2/test/20609_GT.png,True,639,228,3,0,non-defect,test
test,data/raw/kolektor-sdd2/test/20610.png,data/raw/kolektor-sdd2/test/20610_GT.png,True,642,221,3,0,non-defect,test
test,data/raw/kolektor-sdd2/test/20611.png,data/raw/kolektor-sdd2/test/20611_GT.png,True,641,233,3,0,non-defect,test
test,data/raw/kolektor-sdd2/test/20612.png,data/raw/kolektor-sdd2/test/20612_GT.png,True,636,228,3,0,non-defect,test
test,data/raw/kolektor-sdd2/test/20613.png,data/raw/kolektor-sdd2/test/20613_GT.png,True,636,229,3,0,non-defect,test
test,data/raw/kolektor-sdd2/test/20614.png,data/raw/kolektor-sdd2/test/20614_GT.png,True,634,231,3,0,non-defect,test
test,data/raw/kolektor-sdd2/test/20615.png,data/raw/kolektor-sdd2/test/20615_GT.png,True,643,206,3,0,non-defect,test
test,data/raw/kolektor-sdd2/test/20616.png,data/raw/kolektor-sdd2/test/20616_GT.png,True,638,228,3,0,non-defect,test
test,data/raw/kolektor-sdd2/test/20617.png,data/raw/kolektor-sdd2/test/20617_GT.png,True,640,232,3,0,non-defect,test
test,data/raw/kolektor-sdd2/test/20618.png,data/raw/kolektor-sdd2/test/20618_GT.png,True,638,229,3,0,non-defect,test
test,data/raw/kolektor-sdd2/test/20619.png,data/raw/kolektor-sdd2/test/20619_GT.png,True,643,228,3,0,non-defect,test
test,data/raw/kolektor-sdd2/test/20620.png,data/raw/kolektor-sdd2/test/20620_GT.png,True,625,227,3,0,non-defect,test
test,data/raw/kolektor-sdd2/test/20621.png,data/raw/kolektor-sdd2/test/20621_GT.png,True,645,230,3,0,non-defect,test
test,data/raw/kolektor-sdd2/test/20622.png,data/raw/kolektor-sdd2/test/20622_GT.png,True,628,227,3,0,non-defect,test
test,data/raw/kolektor-sdd2/test/20623.png,data/raw/kolektor-sdd2/test/20623_GT.png,True,622,226,3,0,non-defect,test
test,data/raw/kolektor-sdd2/test/20624.png,data/raw/kolektor-sdd2/test/20624_GT.png,True,637,232,3,4038,defect,test
test,data/raw/kolektor-sdd2/test/20625.png,data/raw/kolektor-sdd2/test/20625_GT.png,True,639,234,3,3271,defect,test
test,data/raw/kolektor-sdd2/test/20626.png,data/raw/kolektor-sdd2/test/20626_GT.png,True,640,233,3,0,non-defect,test
test,data/raw/kolektor-sdd2/test/20627.png,data/raw/kolektor-sdd2/test/20627_GT.png,True,637,236,3,0,non-defect,test
test,data/raw/kolektor-sdd2/test/20628.png,data/raw/kolektor-sdd2/test/20628_GT.png,True,638,234,3,0,non-defect,test
test,data/raw/kolektor-sdd2/test/20629.png,data/raw/kolektor-sdd2/test/20629_GT.png,True,643,228,3,0,non-defect,test
test,data/raw/kolektor-sdd2/test/20630.png,data/raw/kolektor-sdd2/test/20630_GT.png,True,630,225,3,0,non-defect,test
test,data/raw/kolektor-sdd2/test/20631.png,data/raw/kolektor-sdd2/test/20631_GT.png,True,621,226,3,0,non-defect,test
test,data/raw/kolektor-sdd2/test/20632.png,data/raw/kolektor-sdd2/test/20632_GT.png,True,642,229,3,870,defect,test
test,data/raw/kolektor-sdd2/test/20633.png,data/raw/kolektor-sdd2/test/20633_GT.png,True,641,231,3,0,non-defect,test
test,data/raw/kolektor-sdd2/test/20634.png,data/raw/kolektor-sdd2/test/20634_GT.png,True,630,231,3,0,non-defect,test
test,data/raw/kolektor-sdd2/test/20635.png,data/raw/kolektor-sdd2/test/20635_GT.png,True,635,231,3,0,non-defect,test
test,data/raw/kolektor-sdd2/test/20636.png,data/raw/kolektor-sdd2/test/20636_GT.png,True,632,233,3,0,non-defect,test
test,data/raw/kolektor-sdd2/test/20637.png,data/raw/kolektor-sdd2/test/20637_GT.png,True,651,227,3,0,non-defect,test
test,data/raw/kolektor-sdd2/test/20638.png,data/raw/kolektor-sdd2/test/20638_GT.png,True,645,205,3,0,non-defect,test
test,data/raw/kolektor-sdd2/test/20639.png,data/raw/kolektor-sdd2/test/20639_GT.png,True,631,227,3,0,non-defect,test
test,data/raw/kolektor-sdd2/test/20640.png,data/raw/kolektor-sdd2/test/20640_GT.png,True,631,228,3,1200,defect,test
test,data/raw/kolektor-sdd2/test/20641.png,data/raw/kolektor-sdd2/test/20641_GT.png,True,640,226,3,0,non-defect,test
test,data/raw/kolektor-sdd2/test/20642.png,data/raw/kolektor-sdd2/test/20642_GT.png,True,641,233,3,0,non-defect,test
test,data/raw/kolektor-sdd2/test/20643.png,data/raw/kolektor-sdd2/test/20643_GT.png,True,633,224,3,0,non-defect,test
test,data/raw/kolektor-sdd2/test/20644.png,data/raw/kolektor-sdd2/test/20644_GT.png,True,637,228,3,0,non-defect,test
test,data/raw/kolektor-sdd2/test/20645.png,data/raw/kolektor-sdd2/test/20645_GT.png,True,637,225,3,0,non-defect,test
test,data/raw/kolektor-sdd2/test/20646.png,data/raw/kolektor-sdd2/test/20646_GT.png,True,632,226,3,2561,defect,test
test,data/raw/kolektor-sdd2/test/20647.png,data/raw/kolektor-sdd2/test/20647_GT.png,True,638,233,3,0,non-defect,test
test,data/raw/kolektor-sdd2/test/20648.png,data/raw/kolektor-sdd2/test/20648_GT.png,True,633,233,3,0,non-defect,test
test,data/raw/kolektor-sdd2/test/20649.png,data/raw/kolektor-sdd2/test/20649_GT.png,True,628,211,3,0,non-defect,test
test,data/raw/kolektor-sdd2/test/20650.png,data/raw/kolektor-sdd2/test/20650_GT.png,True,635,230,3,0,non-defect,test
test,data/raw/kolektor-sdd2/test/20651.png,data/raw/kolektor-sdd2/test/20651_GT.png,True,649,236,3,0,non-defect,test
test,data/raw/kolektor-sdd2/test/20652.png,data/raw/kolektor-sdd2/test/20652_GT.png,True,638,228,3,0,non-defect,test
test,data/raw/kolektor-sdd2/test/20653.png,data/raw/kolektor-sdd2/test/20653_GT.png,True,637,227,3,0,non-defect,test
test,data/raw/kolektor-sdd2/test/20654.png,data/raw/kolektor-sdd2/test/20654_GT.png,True,640,234,3,0,non-defect,test
test,data/raw/kolektor-sdd2/test/20655.png,data/raw/kolektor-sdd2/test/20655_GT.png,True,645,231,3,0,non-defect,test
test,data/raw/kolektor-sdd2/test/20656.png,data/raw/kolektor-sdd2/test/20656_GT.png,True,649,228,3,0,non-defect,test
test,data/raw/kolektor-sdd2/test/20657.png,data/raw/kolektor-sdd2/test/20657_GT.png,True,635,229,3,0,non-defect,test
test,data/raw/kolektor-sdd2/test/20658.png,data/raw/kolektor-sdd2/test/20658_GT.png,True,636,232,3,0,non-defect,test
test,data/raw/kolektor-sdd2/test/20659.png,data/raw/kolektor-sdd2/test/20659_GT.png,True,639,230,3,0,non-defect,test
test,data/raw/kolektor-sdd2/test/20660.png,data/raw/kolektor-sdd2/test/20660_GT.png,True,638,228,3,2179,defect,test
test,data/raw/kolektor-sdd2/test/20661.png,data/raw/kolektor-sdd2/test/20661_GT.png,True,643,228,3,0,non-defect,test
test,data/raw/kolektor-sdd2/test/20662.png,data/raw/kolektor-sdd2/test/20662_GT.png,True,631,229,3,0,non-defect,test
test,data/raw/kolektor-sdd2/test/20663.png,data/raw/kolektor-sdd2/test/20663_GT.png,True,643,232,3,0,non-defect,test
test,data/raw/kolektor-sdd2/test/20664.png,data/raw/kolektor-sdd2/test/20664_GT.png,True,637,230,3,0,non-defect,test
test,data/raw/kolektor-sdd2/test/20665.png,data/raw/kolektor-sdd2/test/20665_GT.png,True,646,226,3,3809,defect,test
test,data/raw/kolektor-sdd2/test/20666.png,data/raw/kolektor-sdd2/test/20666_GT.png,True,639,232,3,0,non-defect,test
test,data/raw/kolektor-sdd2/test/20667.png,data/raw/kolektor-sdd2/test/20667_GT.png,True,640,228,3,886,defect,test
test,data/raw/kolektor-sdd2/test/20668.png,data/raw/kolektor-sdd2/test/20668_GT.png,True,633,229,3,0,non-defect,test
test,data/raw/kolektor-sdd2/test/20669.png,data/raw/kolektor-sdd2/test/20669_GT.png,True,641,232,3,6938,defect,test
test,data/raw/kolektor-sdd2/test/20670.png,data/raw/kolektor-sdd2/test/20670_GT.png,True,635,230,3,0,non-defect,test
test,data/raw/kolektor-sdd2/test/20671.png,data/raw/kolektor-sdd2/test/20671_GT.png,True,630,195,3,17763,defect,test
test,data/raw/kolektor-sdd2/test/20672.png,data/raw/kolektor-sdd2/test/20672_GT.png,True,638,231,3,975,defect,test
test,data/raw/kolektor-sdd2/test/20673.png,data/raw/kolektor-sdd2/test/20673_GT.png,True,633,228,3,0,non-defect,test
test,data/raw/kolektor-sdd2/test/20674.png,data/raw/kolektor-sdd2/test/20674_GT.png,True,633,227,3,0,non-defect,test
test,data/raw/kolektor-sdd2/test/20675.png,data/raw/kolektor-sdd2/test/20675_GT.png,True,634,233,3,0,non-defect,test
test,data/raw/kolektor-sdd2/test/20676.png,data/raw/kolektor-sdd2/test/20676_GT.png,True,634,232,3,0,non-defect,test
test,data/raw/kolektor-sdd2/test/20677.png,data/raw/kolektor-sdd2/test/20677_GT.png,True,641,228,3,0,non-defect,test
test,data/raw/kolektor-sdd2/test/20678.png,data/raw/kolektor-sdd2/test/20678_GT.png,True,639,229,3,0,non-defect,test
test,data/raw/kolektor-sdd2/test/20679.png,data/raw/kolektor-sdd2/test/20679_GT.png,True,631,232,3,0,non-defect,test
test,data/raw/kolektor-sdd2/test/20680.png,data/raw/kolektor-sdd2/test/20680_GT.png,True,641,223,3,0,non-defect,test
test,data/raw/kolektor-sdd2/test/20681.png,data/raw/kolektor-sdd2/test/20681_GT.png,True,638,228,3,0,non-defect,test
test,data/raw/kolektor-sdd2/test/20682.png,data/raw/kolektor-sdd2/test/20682_GT.png,True,629,230,3,10410,defect,test
test,data/raw/kolektor-sdd2/test/20683.png,data/raw/kolektor-sdd2/test/20683_GT.png,True,643,230,3,0,non-defect,test
test,data/raw/kolektor-sdd2/test/20684.png,data/raw/kolektor-sdd2/test/20684_GT.png,True,630,231,3,0,non-defect,test
test,data/raw/kolektor-sdd2/test/20685.png,data/raw/kolektor-sdd2/test/20685_GT.png,True,627,228,3,6066,defect,test
test,data/raw/kolektor-sdd2/test/20686.png,data/raw/kolektor-sdd2/test/20686_GT.png,True,641,232,3,0,non-defect,test
test,data/raw/kolektor-sdd2/test/20687.png,data/raw/kolektor-sdd2/test/20687_GT.png,True,646,237,3,0,non-defect,test
test,data/raw/kolektor-sdd2/test/20688.png,data/raw/kolektor-sdd2/test/20688_GT.png,True,640,210,3,0,non-defect,test
test,data/raw/kolektor-sdd2/test/20689.png,data/raw/kolektor-sdd2/test/20689_GT.png,True,631,227,3,0,non-defect,test
test,data/raw/kolektor-sdd2/test/20690.png,data/raw/kolektor-sdd2/test/20690_GT.png,True,632,229,3,0,non-defect,test
test,data/raw/kolektor-sdd2/test/20691.png,data/raw/kolektor-sdd2/test/20691_GT.png,True,634,226,3,0,non-defect,test
test,data/raw/kolektor-sdd2/test/20692.png,data/raw/kolektor-sdd2/test/20692_GT.png,True,629,219,3,0,non-defect,test
test,data/raw/kolektor-sdd2/test/20693.png,data/raw/kolektor-sdd2/test/20693_GT.png,True,630,228,3,0,non-defect,test
test,data/raw/kolektor-sdd2/test/20694.png,data/raw/kolektor-sdd2/test/20694_GT.png,True,636,225,3,0,non-defect,test
test,data/raw/kolektor-sdd2/test/20695.png,data/raw/kolektor-sdd2/test/20695_GT.png,True,635,226,3,0,non-defect,test
test,data/raw/kolektor-sdd2/test/20696.png,data/raw/kolektor-sdd2/test/20696_GT.png,True,642,230,3,0,non-defect,test
test,data/raw/kolektor-sdd2/test/20697.png,data/raw/kolektor-sdd2/test/20697_GT.png,True,639,230,3,0,non-defect,test
test,data/raw/kolektor-sdd2/test/20698.png,data/raw/kolektor-sdd2/test/20698_GT.png,True,638,226,3,0,non-defect,test
test,data/raw/kolektor-sdd2/test/20699.png,data/raw/kolektor-sdd2/test/20699_GT.png,True,632,230,3,0,non-defect,test
test,data/raw/kolektor-sdd2/test/20700.png,data/raw/kolektor-sdd2/test/20700_GT.png,True,625,224,3,0,non-defect,test
test,data/raw/kolektor-sdd2/test/20701.png,data/raw/kolektor-sdd2/test/20701_GT.png,True,633,233,3,0,non-defect,test
test,data/raw/kolektor-sdd2/test/20702.png,data/raw/kolektor-sdd2/test/20702_GT.png,True,628,228,3,0,non-defect,test
test,data/raw/kolektor-sdd2/test/20703.png,data/raw/kolektor-sdd2/test/20703_GT.png,True,628,226,3,0,non-defect,test
test,data/raw/kolektor-sdd2/test/20704.png,data/raw/kolektor-sdd2/test/20704_GT.png,True,632,224,3,0,non-defect,test
test,data/raw/kolektor-sdd2/test/20705.png,data/raw/kolektor-sdd2/test/20705_GT.png,True,636,231,3,0,non-defect,test
test,data/raw/kolektor-sdd2/test/20706.png,data/raw/kolektor-sdd2/test/20706_GT.png,True,636,233,3,0,non-defect,test
test,data/raw/kolektor-sdd2/test/20707.png,data/raw/kolektor-sdd2/test/20707_GT.png,True,650,231,3,0,non-defect,test
test,data/raw/kolektor-sdd2/test/20708.png,data/raw/kolektor-sdd2/test/20708_GT.png,True,640,233,3,0,non-defect,test
test,data/raw/kolektor-sdd2/test/20709.png,data/raw/kolektor-sdd2/test/20709_GT.png,True,644,232,3,0,non-defect,test
test,data/raw/kolektor-sdd2/test/20710.png,data/raw/kolektor-sdd2/test/20710_GT.png,True,632,235,3,0,non-defect,test
test,data/raw/kolektor-sdd2/test/20711.png,data/raw/kolektor-sdd2/test/20711_GT.png,True,633,223,3,0,non-defect,test
test,data/raw/kolektor-sdd2/test/20712.png,data/raw/kolektor-sdd2/test/20712_GT.png,True,629,227,3,0,non-defect,test
test,data/raw/kolektor-sdd2/test/20713.png,data/raw/kolektor-sdd2/test/20713_GT.png,True,630,234,3,0,non-defect,test
test,data/raw/kolektor-sdd2/test/20714.png,data/raw/kolektor-sdd2/test/20714_GT.png,True,644,234,3,0,non-defect,test
test,data/raw/kolektor-sdd2/test/20715.png,data/raw/kolektor-sdd2/test/20715_GT.png,True,638,229,3,0,non-defect,test
test,data/raw/kolektor-sdd2/test/20716.png,data/raw/kolektor-sdd2/test/20716_GT.png,True,645,229,3,0,non-defect,test
test,data/raw/kolektor-sdd2/test/20717.png,data/raw/kolektor-sdd2/test/20717_GT.png,True,639,225,3,0,non-defect,test
test,data/raw/kolektor-sdd2/test/20718.png,data/raw/kolektor-sdd2/test/20718_GT.png,True,640,229,3,0,non-defect,test
test,data/raw/kolektor-sdd2/test/20719.png,data/raw/kolektor-sdd2/test/20719_GT.png,True,641,204,3,0,non-defect,test
test,data/raw/kolektor-sdd2/test/20720.png,data/raw/kolektor-sdd2/test/20720_GT.png,True,633,218,3,0,non-defect,test
test,data/raw/kolektor-sdd2/test/20721.png,data/raw/kolektor-sdd2/test/20721_GT.png,True,640,230,3,0,non-defect,test
test,data/raw/kolektor-sdd2/test/20722.png,data/raw/kolektor-sdd2/test/20722_GT.png,True,635,231,3,0,non-defect,test
test,data/raw/kolektor-sdd2/test/20723.png,data/raw/kolektor-sdd2/test/20723_GT.png,True,636,230,3,0,non-defect,test
test,data/raw/kolektor-sdd2/test/20724.png,data/raw/kolektor-sdd2/test/20724_GT.png,True,639,229,3,4172,defect,test
test,data/raw/kolektor-sdd2/test/20725.png,data/raw/kolektor-sdd2/test/20725_GT.png,True,638,230,3,0,non-defect,test
test,data/raw/kolektor-sdd2/test/20726.png,data/raw/kolektor-sdd2/test/20726_GT.png,True,633,228,3,0,non-defect,test
test,data/raw/kolektor-sdd2/test/20727.png,data/raw/kolektor-sdd2/test/20727_GT.png,True,643,238,3,0,non-defect,test
test,data/raw/kolektor-sdd2/test/20728.png,data/raw/kolektor-sdd2/test/20728_GT.png,True,635,236,3,0,non-defect,test
test,data/raw/kolektor-sdd2/test/20729.png,data/raw/kolektor-sdd2/test/20729_GT.png,True,636,217,3,0,non-defect,test
test,data/raw/kolektor-sdd2/test/20730.png,data/raw/kolektor-sdd2/test/20730_GT.png,True,642,231,3,0,non-defect,test
test,data/raw/kolektor-sdd2/test/20731.png,data/raw/kolektor-sdd2/test/20731_GT.png,True,637,229,3,0,non-defect,test
test,data/raw/kolektor-sdd2/test/20732.png,data/raw/kolektor-sdd2/test/20732_GT.png,True,628,226,3,0,non-defect,test
test,data/raw/kolektor-sdd2/test/20733.png,data/raw/kolektor-sdd2/test/20733_GT.png,True,637,230,3,0,non-defect,test
test,data/raw/kolektor-sdd2/test/20734.png,data/raw/kolektor-sdd2/test/20734_GT.png,True,629,230,3,0,non-defect,test
test,data/raw/kolektor-sdd2/test/20735.png,data/raw/kolektor-sdd2/test/20735_GT.png,True,636,229,3,0,non-defect,test
test,data/raw/kolektor-sdd2/test/20736.png,data/raw/kolektor-sdd2/test/20736_GT.png,True,636,226,3,0,non-defect,test
test,data/raw/kolektor-sdd2/test/20737.png,data/raw/kolektor-sdd2/test/20737_GT.png,True,635,229,3,0,non-defect,test
test,data/raw/kolektor-sdd2/test/20738.png,data/raw/kolektor-sdd2/test/20738_GT.png,True,647,234,3,1383,defect,test
test,data/raw/kolektor-sdd2/test/20739.png,data/raw/kolektor-sdd2/test/20739_GT.png,True,642,232,3,0,non-defect,test
test,data/raw/kolektor-sdd2/test/20740.png,data/raw/kolektor-sdd2/test/20740_GT.png,True,630,231,3,0,non-defect,test
test,data/raw/kolektor-sdd2/test/20741.png,data/raw/kolektor-sdd2/test/20741_GT.png,True,634,231,3,0,non-defect,test
test,data/raw/kolektor-sdd2/test/20742.png,data/raw/kolektor-sdd2/test/20742_GT.png,True,637,231,3,0,non-defect,test
test,data/raw/kolektor-sdd2/test/20743.png,data/raw/kolektor-sdd2/test/20743_GT.png,True,640,231,3,0,non-defect,test
test,data/raw/kolektor-sdd2/test/20744.png,data/raw/kolektor-sdd2/test/20744_GT.png,True,640,227,3,2823,defect,test
test,data/raw/kolektor-sdd2/test/20745.png,data/raw/kolektor-sdd2/test/20745_GT.png,True,642,233,3,0,non-defect,test
test,data/raw/kolektor-sdd2/test/20746.png,data/raw/kolektor-sdd2/test/20746_GT.png,True,638,231,3,0,non-defect,test
test,data/raw/kolektor-sdd2/test/20747.png,data/raw/kolektor-sdd2/test/20747_GT.png,True,631,226,3,1657,defect,test
test,data/raw/kolektor-sdd2/test/20748.png,data/raw/kolektor-sdd2/test/20748_GT.png,True,627,229,3,0,non-defect,test
test,data/raw/kolektor-sdd2/test/20749.png,data/raw/kolektor-sdd2/test/20749_GT.png,True,612,229,3,0,non-defect,test
test,data/raw/kolektor-sdd2/test/20750.png,data/raw/kolektor-sdd2/test/20750_GT.png,True,646,231,3,0,non-defect,test
test,data/raw/kolektor-sdd2/test/20751.png,data/raw/kolektor-sdd2/test/20751_GT.png,True,646,235,3,0,non-defect,test
test,data/raw/kolektor-sdd2/test/20752.png,data/raw/kolektor-sdd2/test/20752_GT.png,True,641,232,3,0,non-defect,test
test,data/raw/kolektor-sdd2/test/20753.png,data/raw/kolektor-sdd2/test/20753_GT.png,True,640,229,3,0,non-defect,test
test,data/raw/kolektor-sdd2/test/20754.png,data/raw/kolektor-sdd2/test/20754_GT.png,True,636,207,3,392,defect,test
test,data/raw/kolektor-sdd2/test/20755.png,data/raw/kolektor-sdd2/test/20755_GT.png,True,633,226,3,0,non-defect,test
test,data/raw/kolektor-sdd2/test/20756.png,data/raw/kolektor-sdd2/test/20756_GT.png,True,633,232,3,0,non-defect,test
test,data/raw/kolektor-sdd2/test/20757.png,data/raw/kolektor-sdd2/test/20757_GT.png,True,643,232,3,0,non-defect,test
test,data/raw/kolektor-sdd2/test/20758.png,data/raw/kolektor-sdd2/test/20758_GT.png,True,634,233,3,0,non-defect,test
test,data/raw/kolektor-sdd2/test/20759.png,data/raw/kolektor-sdd2/test/20759_GT.png,True,638,230,3,0,non-defect,test
test,data/raw/kolektor-sdd2/test/20760.png,data/raw/kolektor-sdd2/test/20760_GT.png,True,622,231,3,0,non-defect,test
test,data/raw/kolektor-sdd2/test/20761.png,data/raw/kolektor-sdd2/test/20761_GT.png,True,631,233,3,0,non-defect,test
test,data/raw/kolektor-sdd2/test/20762.png,data/raw/kolektor-sdd2/test/20762_GT.png,True,637,229,3,0,non-defect,test
test,data/raw/kolektor-sdd2/test/20763.png,data/raw/kolektor-sdd2/test/20763_GT.png,True,645,228,3,0,non-defect,test
test,data/raw/kolektor-sdd2/test/20764.png,data/raw/kolektor-sdd2/test/20764_GT.png,True,634,228,3,0,non-defect,test
test,data/raw/kolektor-sdd2/test/20765.png,data/raw/kolektor-sdd2/test/20765_GT.png,True,626,228,3,1419,defect,test
test,data/raw/kolektor-sdd2/test/20766.png,data/raw/kolektor-sdd2/test/20766_GT.png,True,639,233,3,0,non-defect,test
test,data/raw/kolektor-sdd2/test/20767.png,data/raw/kolektor-sdd2/test/20767_GT.png,True,632,231,3,0,non-defect,test
test,data/raw/kolektor-sdd2/test/20768.png,data/raw/kolektor-sdd2/test/20768_GT.png,True,638,233,3,0,non-defect,test
test,data/raw/kolektor-sdd2/test/20769.png,data/raw/kolektor-sdd2/test/20769_GT.png,True,640,229,3,0,non-defect,test
test,data/raw/kolektor-sdd2/test/20770.png,data/raw/kolektor-sdd2/test/20770_GT.png,True,637,228,3,0,non-defect,test
test,data/raw/kolektor-sdd2/test/20771.png,data/raw/kolektor-sdd2/test/20771_GT.png,True,641,231,3,0,non-defect,test
test,data/raw/kolektor-sdd2/test/20772.png,data/raw/kolektor-sdd2/test/20772_GT.png,True,641,230,3,4250,defect,test
test,data/raw/kolektor-sdd2/test/20773.png,data/raw/kolektor-sdd2/test/20773_GT.png,True,638,229,3,0,non-defect,test
test,data/raw/kolektor-sdd2/test/20774.png,data/raw/kolektor-sdd2/test/20774_GT.png,True,636,229,3,0,non-defect,test
test,data/raw/kolektor-sdd2/test/20775.png,data/raw/kolektor-sdd2/test/20775_GT.png,True,645,230,3,0,non-defect,test
test,data/raw/kolektor-sdd2/test/20776.png,data/raw/kolektor-sdd2/test/20776_GT.png,True,643,236,3,0,non-defect,test
test,data/raw/kolektor-sdd2/test/20777.png,data/raw/kolektor-sdd2/test/20777_GT.png,True,634,233,3,0,non-defect,test
test,data/raw/kolektor-sdd2/test/20778.png,data/raw/kolektor-sdd2/test/20778_GT.png,True,640,229,3,0,non-defect,test
test,data/raw/kolektor-sdd2/test/20779.png,data/raw/kolektor-sdd2/test/20779_GT.png,True,637,230,3,0,non-defect,test
test,data/raw/kolektor-sdd2/test/20780.png,data/raw/kolektor-sdd2/test/20780_GT.png,True,646,236,3,0,non-defect,test
test,data/raw/kolektor-sdd2/test/20781.png,data/raw/kolektor-sdd2/test/20781_GT.png,True,640,235,3,0,non-defect,test
test,data/raw/kolektor-sdd2/test/20782.png,data/raw/kolektor-sdd2/test/20782_GT.png,True,638,230,3,0,non-defect,test
test,data/raw/kolektor-sdd2/test/20783.png,data/raw/kolektor-sdd2/test/20783_GT.png,True,651,232,3,0,non-defect,test
test,data/raw/kolektor-sdd2/test/20784.png,data/raw/kolektor-sdd2/test/20784_GT.png,True,646,230,3,10421,defect,test
test,data/raw/kolektor-sdd2/test/20785.png,data/raw/kolektor-sdd2/test/20785_GT.png,True,643,227,3,6232,defect,test
test,data/raw/kolektor-sdd2/test/20786.png,data/raw/kolektor-sdd2/test/20786_GT.png,True,641,231,3,0,non-defect,test
test,data/raw/kolektor-sdd2/test/20787.png,data/raw/kolektor-sdd2/test/20787_GT.png,True,644,234,3,0,non-defect,test
test,data/raw/kolektor-sdd2/test/20788.png,data/raw/kolektor-sdd2/test/20788_GT.png,True,631,227,3,0,non-defect,test
test,data/raw/kolektor-sdd2/test/20789.png,data/raw/kolektor-sdd2/test/20789_GT.png,True,639,228,3,0,non-defect,test
test,data/raw/kolektor-sdd2/test/20790.png,data/raw/kolektor-sdd2/test/20790_GT.png,True,637,231,3,0,non-defect,test
test,data/raw/kolektor-sdd2/test/20791.png,data/raw/kolektor-sdd2/test/20791_GT.png,True,631,228,3,0,non-defect,test
test,data/raw/kolektor-sdd2/test/20792.png,data/raw/kolektor-sdd2/test/20792_GT.png,True,633,229,3,0,non-defect,test
test,data/raw/kolektor-sdd2/test/20793.png,data/raw/kolektor-sdd2/test/20793_GT.png,True,642,230,3,0,non-defect,test
test,data/raw/kolektor-sdd2/test/20794.png,data/raw/kolektor-sdd2/test/20794_GT.png,True,632,228,3,0,non-defect,test
test,data/raw/kolektor-sdd2/test/20795.png,data/raw/kolektor-sdd2/test/20795_GT.png,True,643,228,3,0,non-defect,test
test,data/raw/kolektor-sdd2/test/20796.png,data/raw/kolektor-sdd2/test/20796_GT.png,True,632,229,3,0,non-defect,test
test,data/raw/kolektor-sdd2/test/20797.png,data/raw/kolektor-sdd2/test/20797_GT.png,True,639,230,3,0,non-defect,test
test,data/raw/kolektor-sdd2/test/20798.png,data/raw/kolektor-sdd2/test/20798_GT.png,True,630,231,3,0,non-defect,test
test,data/raw/kolektor-sdd2/test/20799.png,data/raw/kolektor-sdd2/test/20799_GT.png,True,635,230,3,0,non-defect,test
test,data/raw/kolektor-sdd2/test/20800.png,data/raw/kolektor-sdd2/test/20800_GT.png,True,643,231,3,0,non-defect,test
test,data/raw/kolektor-sdd2/test/20801.png,data/raw/kolektor-sdd2/test/20801_GT.png,True,625,227,3,429,defect,test
test,data/raw/kolektor-sdd2/test/20802.png,data/raw/kolektor-sdd2/test/20802_GT.png,True,650,233,3,0,non-defect,test
test,data/raw/kolektor-sdd2/test/20803.png,data/raw/kolektor-sdd2/test/20803_GT.png,True,636,231,3,0,non-defect,test
test,data/raw/kolektor-sdd2/test/20804.png,data/raw/kolektor-sdd2/test/20804_GT.png,True,637,229,3,8657,defect,test
test,data/raw/kolektor-sdd2/test/20805.png,data/raw/kolektor-sdd2/test/20805_GT.png,True,632,231,3,0,non-defect,test
test,data/raw/kolektor-sdd2/test/20806.png,data/raw/kolektor-sdd2/test/20806_GT.png,True,639,231,3,0,non-defect,test
test,data/raw/kolektor-sdd2/test/20807.png,data/raw/kolektor-sdd2/test/20807_GT.png,True,632,228,3,0,non-defect,test
test,data/raw/kolektor-sdd2/test/20808.png,data/raw/kolektor-sdd2/test/20808_GT.png,True,627,225,3,0,non-defect,test
test,data/raw/kolektor-sdd2/test/20809.png,data/raw/kolektor-sdd2/test/20809_GT.png,True,636,225,3,0,non-defect,test
test,data/raw/kolektor-sdd2/test/20810.png,data/raw/kolektor-sdd2/test/20810_GT.png,True,632,226,3,0,non-defect,test
test,data/raw/kolektor-sdd2/test/20811.png,data/raw/kolektor-sdd2/test/20811_GT.png,True,632,223,3,0,non-defect,test
test,data/raw/kolektor-sdd2/test/20812.png,data/raw/kolektor-sdd2/test/20812_GT.png,True,648,230,3,0,non-defect,test
test,data/raw/kolektor-sdd2/test/20813.png,data/raw/kolektor-sdd2/test/20813_GT.png,True,623,228,3,0,non-defect,test
test,data/raw/kolektor-sdd2/test/20814.png,data/raw/kolektor-sdd2/test/20814_GT.png,True,627,226,3,0,non-defect,test
test,data/raw/kolektor-sdd2/test/20815.png,data/raw/kolektor-sdd2/test/20815_GT.png,True,640,229,3,0,non-defect,test
test,data/raw/kolektor-sdd2/test/20816.png,data/raw/kolektor-sdd2/test/20816_GT.png,True,644,229,3,181,defect,test
test,data/raw/kolektor-sdd2/test/20817.png,data/raw/kolektor-sdd2/test/20817_GT.png,True,634,232,3,0,non-defect,test
test,data/raw/kolektor-sdd2/test/20818.png,data/raw/kolektor-sdd2/test/20818_GT.png,True,647,229,3,0,non-defect,test
test,data/raw/kolektor-sdd2/test/20819.png,data/raw/kolektor-sdd2/test/20819_GT.png,True,620,221,3,0,non-defect,test
test,data/raw/kolektor-sdd2/test/20820.png,data/raw/kolektor-sdd2/test/20820_GT.png,True,637,232,3,0,non-defect,test
test,data/raw/kolektor-sdd2/test/20821.png,data/raw/kolektor-sdd2/test/20821_GT.png,True,641,231,3,1300,defect,test
test,data/raw/kolektor-sdd2/test/20822.png,data/raw/kolektor-sdd2/test/20822_GT.png,True,646,232,3,0,non-defect,test
test,data/raw/kolektor-sdd2/test/20823.png,data/raw/kolektor-sdd2/test/20823_GT.png,True,639,229,3,0,non-defect,test
test,data/raw/kolektor-sdd2/test/20824.png,data/raw/kolektor-sdd2/test/20824_GT.png,True,622,231,3,0,non-defect,test
test,data/raw/kolektor-sdd2/test/20825.png,data/raw/kolektor-sdd2/test/20825_GT.png,True,638,226,3,0,non-defect,test
test,data/raw/kolektor-sdd2/test/20826.png,data/raw/kolektor-sdd2/test/20826_GT.png,True,635,231,3,0,non-defect,test
test,data/raw/kolektor-sdd2/test/20827.png,data/raw/kolektor-sdd2/test/20827_GT.png,True,641,230,3,1843,defect,test
test,data/raw/kolektor-sdd2/test/20828.png,data/raw/kolektor-sdd2/test/20828_GT.png,True,629,231,3,0,non-defect,test
test,data/raw/kolektor-sdd2/test/20829.png,data/raw/kolektor-sdd2/test/20829_GT.png,True,614,230,3,588,defect,test
test,data/raw/kolektor-sdd2/test/20830.png,data/raw/kolektor-sdd2/test/20830_GT.png,True,632,226,3,0,non-defect,test
test,data/raw/kolektor-sdd2/test/20831.png,data/raw/kolektor-sdd2/test/20831_GT.png,True,640,230,3,0,non-defect,test
test,data/raw/kolektor-sdd2/test/20832.png,data/raw/kolektor-sdd2/test/20832_GT.png,True,641,230,3,0,non-defect,test
test,data/raw/kolektor-sdd2/test/20833.png,data/raw/kolektor-sdd2/test/20833_GT.png,True,642,227,3,0,non-defect,test
test,data/raw/kolektor-sdd2/test/20834.png,data/raw/kolektor-sdd2/test/20834_GT.png,True,633,231,3,5484,defect,test
test,data/raw/kolektor-sdd2/test/20835.png,data/raw/kolektor-sdd2/test/20835_GT.png,True,633,227,3,0,non-defect,test
test,data/raw/kolektor-sdd2/test/20836.png,data/raw/kolektor-sdd2/test/20836_GT.png,True,647,229,3,0,non-defect,test
test,data/raw/kolektor-sdd2/test/20837.png,data/raw/kolektor-sdd2/test/20837_GT.png,True,638,224,3,0,non-defect,test
test,data/raw/kolektor-sdd2/test/20838.png,data/raw/kolektor-sdd2/test/20838_GT.png,True,638,229,3,0,non-defect,test
test,data/raw/kolektor-sdd2/test/20839.png,data/raw/kolektor-sdd2/test/20839_GT.png,True,643,225,3,0,non-defect,test
test,data/raw/kolektor-sdd2/test/20840.png,data/raw/kolektor-sdd2/test/20840_GT.png,True,629,228,3,0,non-defect,test
test,data/raw/kolektor-sdd2/test/20841.png,data/raw/kolektor-sdd2/test/20841_GT.png,True,637,230,3,0,non-defect,test
test,data/raw/kolektor-sdd2/test/20842.png,data/raw/kolektor-sdd2/test/20842_GT.png,True,642,230,3,0,non-defect,test
test,data/raw/kolektor-sdd2/test/20843.png,data/raw/kolektor-sdd2/test/20843_GT.png,True,638,230,3,0,non-defect,test
test,data/raw/kolektor-sdd2/test/20844.png,data/raw/kolektor-sdd2/test/20844_GT.png,True,639,236,3,0,non-defect,test
test,data/raw/kolektor-sdd2/test/20845.png,data/raw/kolektor-sdd2/test/20845_GT.png,True,642,231,3,0,non-defect,test
test,data/raw/kolektor-sdd2/test/20846.png,data/raw/kolektor-sdd2/test/20846_GT.png,True,633,227,3,0,non-defect,test
test,data/raw/kolektor-sdd2/test/20847.png,data/raw/kolektor-sdd2/test/20847_GT.png,True,633,228,3,0,non-defect,test
test,data/raw/kolektor-sdd2/test/20848.png,data/raw/kolektor-sdd2/test/20848_GT.png,True,638,231,3,8310,defect,test
test,data/raw/kolektor-sdd2/test/20849.png,data/raw/kolektor-sdd2/test/20849_GT.png,True,639,230,3,0,non-defect,test
test,data/raw/kolektor-sdd2/test/20850.png,data/raw/kolektor-sdd2/test/20850_GT.png,True,636,229,3,0,non-defect,test
test,data/raw/kolektor-sdd2/test/20851.png,data/raw/kolektor-sdd2/test/20851_GT.png,True,628,228,3,0,non-defect,test
test,data/raw/kolektor-sdd2/test/20852.png,data/raw/kolektor-sdd2/test/20852_GT.png,True,630,229,3,0,non-defect,test
test,data/raw/kolektor-sdd2/test/20853.png,data/raw/kolektor-sdd2/test/20853_GT.png,True,638,227,3,0,non-defect,test
test,data/raw/kolektor-sdd2/test/20854.png,data/raw/kolektor-sdd2/test/20854_GT.png,True,626,227,3,0,non-defect,test
test,data/raw/kolektor-sdd2/test/20855.png,data/raw/kolektor-sdd2/test/20855_GT.png,True,636,230,3,0,non-defect,test
test,data/raw/kolektor-sdd2/test/20856.png,data/raw/kolektor-sdd2/test/20856_GT.png,True,638,232,3,0,non-defect,test
test,data/raw/kolektor-sdd2/test/20857.png,data/raw/kolektor-sdd2/test/20857_GT.png,True,646,231,3,5224,defect,test
test,data/raw/kolektor-sdd2/test/20858.png,data/raw/kolektor-sdd2/test/20858_GT.png,True,634,230,3,0,non-defect,test
test,data/raw/kolektor-sdd2/test/20859.png,data/raw/kolektor-sdd2/test/20859_GT.png,True,643,231,3,0,non-defect,test
test,data/raw/kolektor-sdd2/test/20860.png,data/raw/kolektor-sdd2/test/20860_GT.png,True,654,230,3,0,non-defect,test
test,data/raw/kolektor-sdd2/test/20861.png,data/raw/kolektor-sdd2/test/20861_GT.png,True,627,231,3,0,non-defect,test
test,data/raw/kolektor-sdd2/test/20862.png,data/raw/kolektor-sdd2/test/20862_GT.png,True,641,230,3,0,non-defect,test
test,data/raw/kolektor-sdd2/test/20863.png,data/raw/kolektor-sdd2/test/20863_GT.png,True,638,232,3,0,non-defect,test
test,data/raw/kolektor-sdd2/test/20864.png,data/raw/kolektor-sdd2/test/20864_GT.png,True,627,231,3,0,non-defect,test
test,data/raw/kolektor-sdd2/test/20865.png,data/raw/kolektor-sdd2/test/20865_GT.png,True,639,230,3,0,non-defect,test
test,data/raw/kolektor-sdd2/test/20866.png,data/raw/kolektor-sdd2/test/20866_GT.png,True,625,229,3,0,non-defect,test
test,data/raw/kolektor-sdd2/test/20867.png,data/raw/kolektor-sdd2/test/20867_GT.png,True,636,230,3,0,non-defect,test
test,data/raw/kolektor-sdd2/test/20868.png,data/raw/kolektor-sdd2/test/20868_GT.png,True,630,233,3,0,non-defect,test
test,data/raw/kolektor-sdd2/test/20869.png,data/raw/kolektor-sdd2/test/20869_GT.png,True,640,229,3,0,non-defect,test
test,data/raw/kolektor-sdd2/test/20870.png,data/raw/kolektor-sdd2/test/20870_GT.png,True,641,230,3,5926,defect,test
test,data/raw/kolektor-sdd2/test/20871.png,data/raw/kolektor-sdd2/test/20871_GT.png,True,647,229,3,0,non-defect,test
test,data/raw/kolektor-sdd2/test/20872.png,data/raw/kolektor-sdd2/test/20872_GT.png,True,631,229,3,0,non-defect,test
test,data/raw/kolektor-sdd2/test/20873.png,data/raw/kolektor-sdd2/test/20873_GT.png,True,608,229,3,0,non-defect,test
test,data/raw/kolektor-sdd2/test/20874.png,data/raw/kolektor-sdd2/test/20874_GT.png,True,632,230,3,0,non-defect,test
test,data/raw/kolektor-sdd2/test/20875.png,data/raw/kolektor-sdd2/test/20875_GT.png,True,641,229,3,0,non-defect,test
test,data/raw/kolektor-sdd2/test/20876.png,data/raw/kolektor-sdd2/test/20876_GT.png,True,634,230,3,0,non-defect,test
test,data/raw/kolektor-sdd2/test/20877.png,data/raw/kolektor-sdd2/test/20877_GT.png,True,640,231,3,0,non-defect,test
test,data/raw/kolektor-sdd2/test/20878.png,data/raw/kolektor-sdd2/test/20878_GT.png,True,632,229,3,0,non-defect,test
test,data/raw/kolektor-sdd2/test/20879.png,data/raw/kolektor-sdd2/test/20879_GT.png,True,627,230,3,0,non-defect,test
test,data/raw/kolektor-sdd2/test/20880.png,data/raw/kolektor-sdd2/test/20880_GT.png,True,632,229,3,0,non-defect,test
test,data/raw/kolektor-sdd2/test/20881.png,data/raw/kolektor-sdd2/test/20881_GT.png,True,638,228,3,8582,defect,test
test,data/raw/kolektor-sdd2/test/20882.png,data/raw/kolektor-sdd2/test/20882_GT.png,True,615,228,3,11973,defect,test
test,data/raw/kolektor-sdd2/test/20883.png,data/raw/kolektor-sdd2/test/20883_GT.png,True,645,228,3,0,non-defect,test
test,data/raw/kolektor-sdd2/test/20884.png,data/raw/kolektor-sdd2/test/20884_GT.png,True,642,230,3,31725,defect,test
test,data/raw/kolektor-sdd2/test/20885.png,data/raw/kolektor-sdd2/test/20885_GT.png,True,642,230,3,0,non-defect,test
test,data/raw/kolektor-sdd2/test/20886.png,data/raw/kolektor-sdd2/test/20886_GT.png,True,613,229,3,0,non-defect,test
test,data/raw/kolektor-sdd2/test/20887.png,data/raw/kolektor-sdd2/test/20887_GT.png,True,643,233,3,0,non-defect,test
test,data/raw/kolektor-sdd2/test/20888.png,data/raw/kolektor-sdd2/test/20888_GT.png,True,638,232,3,0,non-defect,test
test,data/raw/kolektor-sdd2/test/20889.png,data/raw/kolektor-sdd2/test/20889_GT.png,True,638,229,3,0,non-defect,test
test,data/raw/kolektor-sdd2/test/20890.png,data/raw/kolektor-sdd2/test/20890_GT.png,True,639,228,3,0,non-defect,test
test,data/raw/kolektor-sdd2/test/20891.png,data/raw/kolektor-sdd2/test/20891_GT.png,True,635,228,3,1073,defect,test
test,data/raw/kolektor-sdd2/test/20892.png,data/raw/kolektor-sdd2/test/20892_GT.png,True,633,233,3,1949,defect,test
test,data/raw/kolektor-sdd2/test/20893.png,data/raw/kolektor-sdd2/test/20893_GT.png,True,630,229,3,0,non-defect,test
test,data/raw/kolektor-sdd2/test/20894.png,data/raw/kolektor-sdd2/test/20894_GT.png,True,638,230,3,0,non-defect,test
test,data/raw/kolektor-sdd2/test/20895.png,data/raw/kolektor-sdd2/test/20895_GT.png,True,644,230,3,1517,defect,test
test,data/raw/kolektor-sdd2/test/20896.png,data/raw/kolektor-sdd2/test/20896_GT.png,True,614,230,3,0,non-defect,test
test,data/raw/kolektor-sdd2/test/20897.png,data/raw/kolektor-sdd2/test/20897_GT.png,True,636,229,3,0,non-defect,test
test,data/raw/kolektor-sdd2/test/20898.png,data/raw/kolektor-sdd2/test/20898_GT.png,True,630,207,3,0,non-defect,test
test,data/raw/kolektor-sdd2/test/20899.png,data/raw/kolektor-sdd2/test/20899_GT.png,True,635,230,3,0,non-defect,test
test,data/raw/kolektor-sdd2/test/20900.png,data/raw/kolektor-sdd2/test/20900_GT.png,True,640,230,3,0,non-defect,test
test,data/raw/kolektor-sdd2/test/20901.png,data/raw/kolektor-sdd2/test/20901_GT.png,True,642,230,3,0,non-defect,test
test,data/raw/kolektor-sdd2/test/20902.png,data/raw/kolektor-sdd2/test/20902_GT.png,True,638,229,3,3980,defect,test
test,data/raw/kolektor-sdd2/test/20903.png,data/raw/kolektor-sdd2/test/20903_GT.png,True,640,227,3,0,non-defect,test
test,data/raw/kolektor-sdd2/test/20904.png,data/raw/kolektor-sdd2/test/20904_GT.png,True,633,230,3,0,non-defect,test
test,data/raw/kolektor-sdd2/test/20905.png,data/raw/kolektor-sdd2/test/20905_GT.png,True,627,230,3,0,non-defect,test
test,data/raw/kolektor-sdd2/test/20906.png,data/raw/kolektor-sdd2/test/20906_GT.png,True,632,211,3,0,non-defect,test
test,data/raw/kolektor-sdd2/test/20907.png,data/raw/kolektor-sdd2/test/20907_GT.png,True,638,230,3,0,non-defect,test
test,data/raw/kolektor-sdd2/test/20908.png,data/raw/kolektor-sdd2/test/20908_GT.png,True,602,229,3,0,non-defect,test
test,data/raw/kolektor-sdd2/test/20909.png,data/raw/kolektor-sdd2/test/20909_GT.png,True,638,231,3,0,non-defect,test
test,data/raw/kolektor-sdd2/test/20910.png,data/raw/kolektor-sdd2/test/20910_GT.png,True,629,226,3,0,non-defect,test
test,data/raw/kolektor-sdd2/test/20911.png,data/raw/kolektor-sdd2/test/20911_GT.png,True,626,230,3,0,non-defect,test
test,data/raw/kolektor-sdd2/test/20912.png,data/raw/kolektor-sdd2/test/20912_GT.png,True,632,229,3,1356,defect,test
test,data/raw/kolektor-sdd2/test/20913.png,data/raw/kolektor-sdd2/test/20913_GT.png,True,629,229,3,0,non-defect,test
test,data/raw/kolektor-sdd2/test/20914.png,data/raw/kolektor-sdd2/test/20914_GT.png,True,629,230,3,0,non-defect,test
test,data/raw/kolektor-sdd2/test/20915.png,data/raw/kolektor-sdd2/test/20915_GT.png,True,645,230,3,0,non-defect,test
test,data/raw/kolektor-sdd2/test/20916.png,data/raw/kolektor-sdd2/test/20916_GT.png,True,637,230,3,0,non-defect,test
test,data/raw/kolektor-sdd2/test/20917.png,data/raw/kolektor-sdd2/test/20917_GT.png,True,629,229,3,0,non-defect,test
test,data/raw/kolektor-sdd2/test/20918.png,data/raw/kolektor-sdd2/test/20918_GT.png,True,638,229,3,0,non-defect,test
test,data/raw/kolektor-sdd2/test/20919.png,data/raw/kolektor-sdd2/test/20919_GT.png,True,635,228,3,0,non-defect,test
test,data/raw/kolektor-sdd2/test/20920.png,data/raw/kolektor-sdd2/test/20920_GT.png,True,622,229,3,0,non-defect,test
test,data/raw/kolektor-sdd2/test/20921.png,data/raw/kolektor-sdd2/test/20921_GT.png,True,641,230,3,0,non-defect,test
test,data/raw/kolektor-sdd2/test/20922.png,data/raw/kolektor-sdd2/test/20922_GT.png,True,601,230,3,2534,defect,test
test,data/raw/kolektor-sdd2/test/20923.png,data/raw/kolektor-sdd2/test/20923_GT.png,True,637,229,3,0,non-defect,test
test,data/raw/kolektor-sdd2/test/20924.png,data/raw/kolektor-sdd2/test/20924_GT.png,True,642,230,3,0,non-defect,test
test,data/raw/kolektor-sdd2/test/20925.png,data/raw/kolektor-sdd2/test/20925_GT.png,True,642,230,3,0,non-defect,test
test,data/raw/kolektor-sdd2/test/20926.png,data/raw/kolektor-sdd2/test/20926_GT.png,True,643,230,3,0,non-defect,test
test,data/raw/kolektor-sdd2/test/20927.png,data/raw/kolektor-sdd2/test/20927_GT.png,True,633,229,3,0,non-defect,test
test,data/raw/kolektor-sdd2/test/20928.png,data/raw/kolektor-sdd2/test/20928_GT.png,True,630,231,3,0,non-defect,test
test,data/raw/kolektor-sdd2/test/20929.png,data/raw/kolektor-sdd2/test/20929_GT.png,True,634,228,3,0,non-defect,test
test,data/raw/kolektor-sdd2/test/20930.png,data/raw/kolektor-sdd2/test/20930_GT.png,True,637,229,3,0,non-defect,test
test,data/raw/kolektor-sdd2/test/20931.png,data/raw/kolektor-sdd2/test/20931_GT.png,True,626,229,3,0,non-defect,test
test,data/raw/kolektor-sdd2/test/20932.png,data/raw/kolektor-sdd2/test/20932_GT.png,True,620,229,3,0,non-defect,test
test,data/raw/kolektor-sdd2/test/20933.png,data/raw/kolektor-sdd2/test/20933_GT.png,True,636,229,3,0,non-defect,test
test,data/raw/kolektor-sdd2/test/20934.png,data/raw/kolektor-sdd2/test/20934_GT.png,True,625,229,3,0,non-defect,test
test,data/raw/kolektor-sdd2/test/20935.png,data/raw/kolektor-sdd2/test/20935_GT.png,True,636,227,3,0,non-defect,test
test,data/raw/kolektor-sdd2/test/20936.png,data/raw/kolektor-sdd2/test/20936_GT.png,True,626,229,3,0,non-defect,test
test,data/raw/kolektor-sdd2/test/20937.png,data/raw/kolektor-sdd2/test/20937_GT.png,True,634,230,3,0,non-defect,test
test,data/raw/kolektor-sdd2/test/20938.png,data/raw/kolektor-sdd2/test/20938_GT.png,True,618,227,3,0,non-defect,test
test,data/raw/kolektor-sdd2/test/20939.png,data/raw/kolektor-sdd2/test/20939_GT.png,True,632,230,3,0,non-defect,test
test,data/raw/kolektor-sdd2/test/20940.png,data/raw/kolektor-sdd2/test/20940_GT.png,True,622,227,3,0,non-defect,test
test,data/raw/kolektor-sdd2/test/20941.png,data/raw/kolektor-sdd2/test/20941_GT.png,True,638,231,3,1577,defect,test
test,data/raw/kolektor-sdd2/test/20942.png,data/raw/kolektor-sdd2/test/20942_GT.png,True,622,228,3,294,defect,test
test,data/raw/kolektor-sdd2/test/20943.png,data/raw/kolektor-sdd2/test/20943_GT.png,True,641,217,3,0,non-defect,test
test,data/raw/kolektor-sdd2/test/20944.png,data/raw/kolektor-sdd2/test/20944_GT.png,True,641,231,3,0,non-defect,test
test,data/raw/kolektor-sdd2/test/20945.png,data/raw/kolektor-sdd2/test/20945_GT.png,True,626,230,3,0,non-defect,test
test,data/raw/kolektor-sdd2/test/20946.png,data/raw/kolektor-sdd2/test/20946_GT.png,True,636,229,3,0,non-defect,test
test,data/raw/kolektor-sdd2/test/20947.png,data/raw/kolektor-sdd2/test/20947_GT.png,True,625,230,3,0,non-defect,test
test,data/raw/kolektor-sdd2/test/20948.png,data/raw/kolektor-sdd2/test/20948_GT.png,True,637,230,3,0,non-defect,test
test,data/raw/kolektor-sdd2/test/20949.png,data/raw/kolektor-sdd2/test/20949_GT.png,True,643,229,3,0,non-defect,test
test,data/raw/kolektor-sdd2/test/20950.png,data/raw/kolektor-sdd2/test/20950_GT.png,True,642,228,3,0,non-defect,test
test,data/raw/kolektor-sdd2/test/20951.png,data/raw/kolektor-sdd2/test/20951_GT.png,True,649,230,3,0,non-defect,test
test,data/raw/kolektor-sdd2/test/20952.png,data/raw/kolektor-sdd2/test/20952_GT.png,True,628,230,3,9748,defect,test
test,data/raw/kolektor-sdd2/test/20953.png,data/raw/kolektor-sdd2/test/20953_GT.png,True,639,230,3,0,non-defect,test
test,data/raw/kolektor-sdd2/test/20954.png,data/raw/kolektor-sdd2/test/20954_GT.png,True,600,228,3,0,non-defect,test
test,data/raw/kolektor-sdd2/test/20955.png,data/raw/kolektor-sdd2/test/20955_GT.png,True,644,229,3,0,non-defect,test
test,data/raw/kolektor-sdd2/test/20956.png,data/raw/kolektor-sdd2/test/20956_GT.png,True,631,229,3,2336,defect,test
test,data/raw/kolektor-sdd2/test/20957.png,data/raw/kolektor-sdd2/test/20957_GT.png,True,623,229,3,0,non-defect,test
test,data/raw/kolektor-sdd2/test/20958.png,data/raw/kolektor-sdd2/test/20958_GT.png,True,623,229,3,0,non-defect,test
test,data/raw/kolektor-sdd2/test/20959.png,data/raw/kolektor-sdd2/test/20959_GT.png,True,636,231,3,2063,defect,test
test,data/raw/kolektor-sdd2/test/20960.png,data/raw/kolektor-sdd2/test/20960_GT.png,True,635,230,3,0,non-defect,test
test,data/raw/kolektor-sdd2/test/20961.png,data/raw/kolektor-sdd2/test/20961_GT.png,True,639,229,3,0,non-defect,test
test,data/raw/kolektor-sdd2/test/20962.png,data/raw/kolektor-sdd2/test/20962_GT.png,True,622,230,3,0,non-defect,test
test,data/raw/kolektor-sdd2/test/20963.png,data/raw/kolektor-sdd2/test/20963_GT.png,True,627,232,3,0,non-defect,test
test,data/raw/kolektor-sdd2/test/20964.png,data/raw/kolektor-sdd2/test/20964_GT.png,True,633,229,3,0,non-defect,test
test,data/raw/kolektor-sdd2/test/20965.png,data/raw/kolektor-sdd2/test/20965_GT.png,True,639,213,3,0,non-defect,test
test,data/raw/kolektor-sdd2/test/20966.png,data/raw/kolektor-sdd2/test/20966_GT.png,True,636,228,3,0,non-defect,test
test,data/raw/kolektor-sdd2/test/20967.png,data/raw/kolektor-sdd2/test/20967_GT.png,True,597,229,3,0,non-defect,test
test,data/raw/kolektor-sdd2/test/20968.png,data/raw/kolektor-sdd2/test/20968_GT.png,True,627,228,3,0,non-defect,test
test,data/raw/kolektor-sdd2/test/20969.png,data/raw/kolektor-sdd2/test/20969_GT.png,True,619,227,3,3390,defect,test
test,data/raw/kolektor-sdd2/test/20970.png,data/raw/kolektor-sdd2/test/20970_GT.png,True,637,229,3,0,non-defect,test
test,data/raw/kolektor-sdd2/test/20971.png,data/raw/kolektor-sdd2/test/20971_GT.png,True,631,230,3,0,non-defect,test
test,data/raw/kolektor-sdd2/test/20972.png,data/raw/kolektor-sdd2/test/20972_GT.png,True,636,230,3,0,non-defect,test
test,data/raw/kolektor-sdd2/test/20973.png,data/raw/kolektor-sdd2/test/20973_GT.png,True,633,232,3,0,non-defect,test
test,data/raw/kolektor-sdd2/test/20974.png,data/raw/kolektor-sdd2/test/20974_GT.png,True,625,230,3,0,non-defect,test
test,data/raw/kolektor-sdd2/test/20975.png,data/raw/kolektor-sdd2/test/20975_GT.png,True,636,229,3,0,non-defect,test
test,data/raw/kolektor-sdd2/test/20976.png,data/raw/kolektor-sdd2/test/20976_GT.png,True,639,229,3,0,non-defect,test
test,data/raw/kolektor-sdd2/test/20977.png,data/raw/kolektor-sdd2/test/20977_GT.png,True,636,231,3,0,non-defect,test
test,data/raw/kolektor-sdd2/test/20978.png,data/raw/kolektor-sdd2/test/20978_GT.png,True,647,229,3,0,non-defect,test
test,data/raw/kolektor-sdd2/test/20979.png,data/raw/kolektor-sdd2/test/20979_GT.png,True,634,229,3,0,non-defect,test
test,data/raw/kolektor-sdd2/test/20980.png,data/raw/kolektor-sdd2/test/20980_GT.png,True,646,230,3,0,non-defect,test
test,data/raw/kolektor-sdd2/test/20981.png,data/raw/kolektor-sdd2/test/20981_GT.png,True,650,231,3,0,non-defect,test
test,data/raw/kolektor-sdd2/test/20982.png,data/raw/kolektor-sdd2/test/20982_GT.png,True,624,229,3,0,non-defect,test
test,data/raw/kolektor-sdd2/test/20983.png,data/raw/kolektor-sdd2/test/20983_GT.png,True,637,230,3,0,non-defect,test
test,data/raw/kolektor-sdd2/test/20984.png,data/raw/kolektor-sdd2/test/20984_GT.png,True,646,229,3,0,non-defect,test
test,data/raw/kolektor-sdd2/test/20985.png,data/raw/kolektor-sdd2/test/20985_GT.png,True,639,229,3,0,non-defect,test
test,data/raw/kolektor-sdd2/test/20986.png,data/raw/kolektor-sdd2/test/20986_GT.png,True,636,230,3,0,non-defect,test
test,data/raw/kolektor-sdd2/test/20987.png,data/raw/kolektor-sdd2/test/20987_GT.png,True,635,229,3,0,non-defect,test
test,data/raw/kolektor-sdd2/test/20988.png,data/raw/kolektor-sdd2/test/20988_GT.png,True,632,231,3,0,non-defect,test
test,data/raw/kolektor-sdd2/test/20989.png,data/raw/kolektor-sdd2/test/20989_GT.png,True,627,229,3,0,non-defect,test
test,data/raw/kolektor-sdd2/test/20990.png,data/raw/kolektor-sdd2/test/20990_GT.png,True,625,230,3,0,non-defect,test
test,data/raw/kolektor-sdd2/test/20991.png,data/raw/kolektor-sdd2/test/20991_GT.png,True,637,232,3,0,non-defect,test
test,data/raw/kolektor-sdd2/test/20992.png,data/raw/kolektor-sdd2/test/20992_GT.png,True,641,231,3,0,non-defect,test
test,data/raw/kolektor-sdd2/test/20993.png,data/raw/kolektor-sdd2/test/20993_GT.png,True,633,230,3,0,non-defect,test
test,data/raw/kolektor-sdd2/test/20994.png,data/raw/kolektor-sdd2/test/20994_GT.png,True,627,230,3,0,non-defect,test
test,data/raw/kolektor-sdd2/test/20995.png,data/raw/kolektor-sdd2/test/20995_GT.png,True,640,229,3,0,non-defect,test
test,data/raw/kolektor-sdd2/test/20996.png,data/raw/kolektor-sdd2/test/20996_GT.png,True,642,228,3,0,non-defect,test
test,data/raw/kolektor-sdd2/test/20997.png,data/raw/kolektor-sdd2/test/20997_GT.png,True,631,229,3,0,non-defect,test
test,data/raw/kolektor-sdd2/test/20998.png,data/raw/kolektor-sdd2/test/20998_GT.png,True,636,232,3,0,non-defect,test
test,data/raw/kolektor-sdd2/test/20999.png,data/raw/kolektor-sdd2/test/20999_GT.png,True,643,230,3,0,non-defect,test
test,data/raw/kolektor-sdd2/test/21000.png,data/raw/kolektor-sdd2/test/21000_GT.png,True,641,232,3,0,non-defect,test
test,data/raw/kolektor-sdd2/test/21001.png,data/raw/kolektor-sdd2/test/21001_GT.png,True,645,229,3,0,non-defect,test
test,data/raw/kolektor-sdd2/test/21002.png,data/raw/kolektor-sdd2/test/21002_GT.png,True,626,229,3,0,non-defect,test
test,data/raw/kolektor-sdd2/test/21003.png,data/raw/kolektor-sdd2/test/21003_GT.png,True,634,229,3,0,non-defect,test
